makerom,0,1050,0,0
boot,1050,B7A0,1050,0
dmadata,B7A0,116F0,B7A0,0
Audiobank,116F0,3D4B0,116F0,0
Audioseq,3D4B0,8CF30,3D4B0,0
Audiotable,8CF30,4DE2C0,8CF30,0
kanji,4DE2C0,55A5C0,4DE2C0,0
link_animetion,55B000,7C0C30,55A5C0,0
icon_item_static,7C1000,8498A0,7C01F0,0
icon_item_24_static,84A000,855400,848A90,0
icon_item_field_static,856000,861930,853E90,85A130
icon_item_dungeon_static,862000,863D80,85A130,85A6A0
icon_item_gameover_static,864000,867300,85A6A0,85B5E0
icon_item_jpn_static,868000,875C80,85B5E0,85FBE0
icon_item_nes_static,876000,883C80,85FBE0,863BC0
item_name_static,884000,8C1800,863BC0,0
map_name_static,8C2000,8E3800,8A13C0,0
do_action_static,8E4000,8E9700,8C2BC0,0
message_static,8EA000,8EE180,8C82C0,0
message_texture_static,8EF000,8F0200,8CC440,0
cn_font_static,8F1000,92CA80,8CD640,0
jpn_message_data_static,92D000,967350,9090C0,0
cn_message_data_static,968000,98EB50,943410,0
staff_message_data_static,98F000,98FF50,969F60,0
map_grand_static,990000,99E350,96AEB0,0
map_48x85_static,99F000,9C0DE0,979200,0
map_i_static,9C1000,AAF110,99AFE0,0
code,AB0000,BB8FA0,A890F0,B08080
ovl_title,BB8FA0,BB98D0,B08080,B08650
ovl_select,BB98D0,BBC550,B08650,B09C90
ovl_opening,BBC550,BBC6A0,B09C90,B09DA0
ovl_file_choose,BBC6A0,BCD170,B09DA0,B114B0
ovl_kaleido_scope,BCD170,BE91A0,B114B0,B1CE20
ovl_player_actor,BE91A0,C0F8B0,B1CE20,B318E0
ovl_map_mark_data,C0F8B0,C16410,B318E0,B31C00
ovl_En_Test,C16410,C1BCC0,B31C00,B34720
ovl_En_GirlA,C1BCC0,C1E5E0,B34720,B357F0
ovl_En_Part,C1E5E0,C1FC40,B357F0,B36580
ovl_En_Light,C1FC40,C20A40,B36580,B36DD0
ovl_En_Door,C20A40,C21880,B36DD0,B37790
ovl_En_Box,C21880,C233D0,B37790,B387B0
ovl_En_Poh,C233D0,C275C0,B387B0,B3AB60
ovl_En_Okuta,C275C0,C29BA0,B3AB60,B3C1B0
ovl_En_Bom,C29BA0,C2AA70,B3C1B0,B3CB60
ovl_En_Wallmas,C2AA70,C2C480,B3CB60,B3DA80
ovl_En_Dodongo,C2C480,C2F220,B3DA80,B3F4D0
ovl_En_Firefly,C2F220,C31390,B3F4D0,B40800
ovl_En_Horse,C31390,C3D5F0,B40800,B46B20
ovl_En_Arrow,C3D5F0,C3ECF0,B46B20,B47900
ovl_En_Elf,C3ECF0,C436B0,B47900,B4A170
ovl_En_Niw,C436B0,C469E0,B4A170,B4C040
ovl_En_Tite,C469E0,C49780,B4C040,B4D800
ovl_En_Reeba,C49780,C4B1F0,B4D800,B4E810
ovl_En_Peehat,C4B1F0,C4E8F0,B4E810,B505B0
ovl_En_Holl,C4E8F0,C4F8C0,B505B0,B50F90
ovl_En_Scene_Change,C4F8C0,C4F9F0,B50F90,B51060
ovl_En_Zf,C4F9F0,C564D0,B51060,B548E0
ovl_En_Hata,C564D0,C56A60,B548E0,B54D00
ovl_Boss_Dodongo,C56A60,C60560,B54D00,B5A160
ovl_Boss_Goma,C60560,C66500,B5A160,B5D240
ovl_En_Zl1,C66500,C6A310,B5D240,B5ED00
ovl_En_Viewer,C6A310,C6D1B0,B5ED00,B607E0
ovl_En_Goma,C6D1B0,C6FE60,B607E0,B62130
ovl_Bg_Pushbox,C6FE60,C70160,B62130,B62350
ovl_En_Bubble,C70160,C71580,B62350,B63030
ovl_Door_Shutter,C71580,C73840,B63030,B64550
ovl_En_Dodojr,C73840,C756E0,B64550,B65760
ovl_En_Bdfire,C756E0,C76280,B65760,B65EF0
ovl_En_Boom,C76280,C76B50,B65EF0,B664F0
ovl_En_Torch2,C76B50,C792B0,B664F0,B67D50
ovl_En_Bili,C792B0,C7B580,B67D50,B691C0
ovl_En_Tp,C7B580,C7D3F0,B691C0,B6A490
ovl_En_St,C7D3F0,C80060,B6A490,B6BEB0
ovl_En_Bw,C80060,C833F0,B6BEB0,B6DC30
ovl_En_Eiyer,C833F0,C85050,B6DC30,B6ED50
ovl_En_River_Sound,C85050,C859E0,B6ED50,B6F3D0
ovl_En_Horse_Normal,C859E0,C88000,B6F3D0,B708B0
ovl_En_Ossan,C88000,C8E5E0,B708B0,B73780
ovl_Bg_Treemouth,C8E5E0,C8FC40,B73780,B741C0
ovl_Bg_Dodoago,C8FC40,C90980,B741C0,B74A60
ovl_Bg_Hidan_Dalm,C90980,C911D0,B74A60,B74FB0
ovl_Bg_Hidan_Hrock,C911D0,C91A00,B74FB0,B75510
ovl_En_Horse_Ganon,C91A00,C92780,B75510,B75DD0
ovl_Bg_Hidan_Rock,C92780,C93880,B75DD0,B76880
ovl_Bg_Hidan_Rsekizou,C93880,C94460,B76880,B76FC0
ovl_Bg_Hidan_Sekizou,C94460,C958B0,B76FC0,B77C90
ovl_Bg_Hidan_Sima,C958B0,C967B0,B77C90,B78660
ovl_Bg_Hidan_Syoku,C967B0,C96C10,B78660,B78900
ovl_En_Xc,C96C10,C9D370,B78900,B7B400
ovl_Bg_Hidan_Curtain,C9D370,C9DE10,B7B400,B7BAE0
ovl_Bg_Spot00_Hanebasi,C9DE10,C9EF20,B7BAE0,B7C670
ovl_En_Mb,C9EF20,CA3150,B7C670,B7EAB0
ovl_En_Bombf,CA3150,CA45E0,B7EAB0,B7F820
ovl_Bg_Hidan_Firewall,CA45E0,CA4D40,B7F820,B7FD30
ovl_Bg_Dy_Yoseizo,CA4D40,CA7B30,B7FD30,B817E0
ovl_En_Zl2,CA7B30,CAC230,B817E0,B834B0
ovl_Bg_Hidan_Fslift,CAC230,CAC700,B834B0,B837B0
ovl_En_OE2,CAC700,CAC7E0,B837B0,B83830
ovl_Bg_Ydan_Hasi,CAC7E0,CACF90,B83830,B83D40
ovl_Bg_Ydan_Maruta,CACF90,CAD670,B83D40,B841D0
ovl_Boss_Ganondrof,CAD670,CB2400,B841D0,B86CE0
ovl_En_Am,CB2400,CB4800,B86CE0,B88160
ovl_En_Dekubaba,CB4800,CB82B0,B88160,B8A190
ovl_En_M_Fire1,CB82B0,CB8450,B8A190,B8A2C0
ovl_En_M_Thunder,CB8450,CB9A50,B8A2C0,B8B070
ovl_Bg_Ddan_Jd,CB9A50,CBA0A0,B8B070,B8B4A0
ovl_Bg_Breakwall,CBA0A0,CBAF10,B8B4A0,B8BE10
ovl_En_Jj,CBAF10,CBC4E0,B8BE10,B8C890
ovl_En_Horse_Zelda,CBC4E0,CBCFD0,B8C890,B8CFF0
ovl_Bg_Ddan_Kd,CBCFD0,CBD8C0,B8CFF0,B8D5A0
ovl_Door_Warp1,CBD8C0,CC1BC0,B8D5A0,B8F6A0
ovl_Obj_Syokudai,CC1BC0,CC2800,B8F6A0,B8FF20
ovl_Item_B_Heart,CC2800,CC2C10,B8FF20,B90200
ovl_En_Dekunuts,CC2C10,CC4410,B90200,B90F60
ovl_Bg_Menkuri_Kaiten,CC4410,CC45A0,B90F60,B91090
ovl_Bg_Menkuri_Eye,CC45A0,CC4A30,B91090,B913C0
ovl_En_Vali,CC4A30,CC70F0,B913C0,B92A60
ovl_Bg_Mizu_Movebg,CC70F0,CC8270,B92A60,B934F0
ovl_Bg_Mizu_Water,CC8270,CC8F40,B934F0,B93C70
ovl_Arms_Hook,CC8F40,CC9CB0,B93C70,B94520
ovl_En_fHG,CC9CB0,CCC5E0,B94520,B95C80
ovl_Bg_Mori_Hineri,CCC5E0,CCD330,B95C80,B964C0
ovl_En_Bb,CCD330,CD1010,B964C0,B98950
ovl_Bg_Toki_Hikari,CD1010,CD1DB0,B98950,B99070
ovl_En_Yukabyun,CD1DB0,CD23C0,B99070,B994E0
ovl_Bg_Toki_Swd,CD23C0,CD3A10,B994E0,B99DB0
ovl_En_Fhg_Fire,CD3A10,CD60B0,B99DB0,B9B520
ovl_Bg_Mjin,CD60B0,CD64A0,B9B520,B9B7F0
ovl_Bg_Hidan_Kousi,CD64A0,CD6A30,B9B7F0,B9BB80
ovl_Door_Toki,CD6A30,CD6B90,B9BB80,B9BC80
ovl_Bg_Hidan_Hamstep,CD6B90,CD7A40,B9BC80,B9C5E0
ovl_En_Bird,CD7A40,CD7F00,B9C5E0,B9C920
ovl_En_Wood02,CD7F00,CD90D0,B9C920,B9D4C0
ovl_En_Lightbox,CD90D0,CD9550,B9D4C0,B9D800
ovl_En_Pu_box,CD9550,CD9890,B9D800,B9DA60
ovl_En_Trap,CD9890,CDAB30,B9DA60,B9E4B0
ovl_En_Arow_Trap,CDAB30,CDAC80,B9E4B0,B9E5D0
ovl_En_Vase,CDAC80,CDAD80,B9E5D0,B9E690
ovl_En_Ta,CDAD80,CDE740,B9E690,BA0470
ovl_En_Tk,CDE740,CE0570,BA0470,BA1710
ovl_Bg_Mori_Bigst,CE0570,CE0EA0,BA1710,BA1C80
ovl_Bg_Mori_Elevator,CE0EA0,CE1990,BA1C80,BA22B0
ovl_Bg_Mori_Kaitenkabe,CE1990,CE2000,BA22B0,BA2720
ovl_Bg_Mori_Rakkatenjo,CE2000,CE2980,BA2720,BA2CD0
ovl_En_Vm,CE2980,CE4240,BA2CD0,BA3BB0
ovl_Demo_Effect,CE4240,CE9DE0,BA3BB0,BA6D90
ovl_Demo_Kankyo,CE9DE0,CEDA80,BA6D90,BA8C80
ovl_Bg_Hidan_Fwbig,CEDA80,CEE760,BA8C80,BA9520
ovl_En_Floormas,CEE760,CF1B40,BA9520,BAB060
ovl_En_Heishi1,CF1B40,CF3050,BAB060,BABC80
ovl_En_Rd,CF3050,CF5910,BABC80,BAD2A0
ovl_En_Po_Sisters,CF5910,CFA600,BAD2A0,BAFCF0
ovl_Bg_Heavy_Block,CFA600,CFBEF0,BAFCF0,BB0C40
ovl_Bg_Po_Event,CFBEF0,CFDD20,BB0C40,BB1F30
ovl_Obj_Mure,CFDD20,CFED30,BB1F30,BB2890
ovl_En_Sw,CFED30,D024A0,BB2890,BB4A40
ovl_Boss_Fd,D024A0,D09800,BB4A40,BB8AF0
ovl_Object_Kankyo,D09800,D0CA80,BB8AF0,BBA8B0
ovl_En_Du,D0CA80,D0E510,BBA8B0,BBB820
ovl_En_Fd,D0E510,D111B0,BBB820,BBD3D0
ovl_En_Horse_Link_Child,D111B0,D12FB0,BBD3D0,BBE350
ovl_Door_Ana,D12FB0,D13620,BBE350,BBE7D0
ovl_Bg_Spot02_Objects,D13620,D14980,BBE7D0,BBF3A0
ovl_Bg_Haka,D14980,D15040,BBF3A0,BBF860
ovl_Magic_Wind,D15040,D16D40,BBF860,BC0F20
ovl_Magic_Fire,D16D40,D19040,BC0F20,BC2B20
ovl_En_Ru1,D19040,D206E0,BC2B20,BC5F20
ovl_Boss_Fd2,D206E0,D24410,BC5F20,BC83D0
ovl_En_Fd_Fire,D24410,D25120,BC83D0,BC8CD0
ovl_En_Dh,D25120,D26C00,BC8CD0,BC9D70
ovl_En_Dha,D26C00,D27C00,BC9D70,BCA750
ovl_En_Rl,D27C00,D28AE0,BCA750,BCAEE0
ovl_En_Encount1,D28AE0,D29640,BCAEE0,BCB6B0
ovl_Demo_Du,D29640,D2CE20,BCB6B0,BCCE20
ovl_Demo_Im,D2CE20,D30D90,BCCE20,BCE8A0
ovl_Demo_Tre_Lgt,D30D90,D314A0,BCE8A0,BCED80
ovl_En_Fw,D314A0,D32C60,BCED80,BCFD90
ovl_Bg_Vb_Sima,D32C60,D33380,BCFD90,BD02B0
ovl_En_Vb_Ball,D33380,D34530,BD02B0,BD0DF0
ovl_Bg_Haka_Megane,D34530,D34930,BD0DF0,BD10B0
ovl_Bg_Haka_MeganeBG,D34930,D34FF0,BD10B0,BD1510
ovl_Bg_Haka_Ship,D34FF0,D35A40,BD1510,BD1BE0
ovl_Bg_Haka_Sgami,D35A40,D36660,BD1BE0,BD23D0
ovl_En_Heishi2,D36660,D38860,BD23D0,BD3570
ovl_En_Encount2,D38860,D39A90,BD3570,BD4140
ovl_En_Fire_Rock,D39A90,D3ABA0,BD4140,BD4BB0
ovl_En_Brob,D3ABA0,D3BC90,BD4BB0,BD5610
ovl_Mir_Ray,D3BC90,D3D540,BD5610,BD66B0
ovl_Bg_Spot09_Obj,D3D540,D3DA60,BD66B0,BD69E0
ovl_Bg_Spot18_Obj,D3DA60,D3E330,BD69E0,BD6F20
ovl_Boss_Va,D3E330,D4CBC0,BD6F20,BDEBF0
ovl_Bg_Haka_Tubo,D4CBC0,D4D5E0,BDEBF0,BDF2D0
ovl_Bg_Haka_Trap,D4D5E0,D4EBB0,BDF2D0,BE0060
ovl_Bg_Haka_Huta,D4EBB0,D4F650,BE0060,BE0760
ovl_Bg_Haka_Zou,D4F650,D50840,BE0760,BE12E0
ovl_Bg_Spot17_Funen,D50840,D50A90,BE12E0,BE14A0
ovl_En_Syateki_Itm,D50A90,D51830,BE14A0,BE1D30
ovl_En_Syateki_Man,D51830,D525F0,BE1D30,BE25B0
ovl_En_Tana,D525F0,D528A0,BE25B0,BE2790
ovl_En_Nb,D528A0,D56E70,BE2790,BE4570
ovl_Boss_Mo,D56E70,D62940,BE4570,BEB300
ovl_En_Sb,D62940,D63D80,BEB300,BEBE70
ovl_En_Bigokuta,D63D80,D66880,BEBE70,BED740
ovl_En_Karebaba,D66880,D68170,BED740,BEE610
ovl_Bg_Bdan_Objects,D68170,D69440,BEE610,BEF150
ovl_Demo_Sa,D69440,D6BF60,BEF150,BF03C0
ovl_Demo_Go,D6BF60,D6CCB0,BF03C0,BF0B70
ovl_En_In,D6CCB0,D6FA50,BF0B70,BF2750
ovl_En_Tr,D6FA50,D71350,BF2750,BF3690
ovl_Bg_Spot16_Bombstone,D71350,D728A0,BF3690,BF4490
ovl_Bg_Hidan_Kowarerukabe,D728A0,D73780,BF4490,BF4CE0
ovl_Bg_Bombwall,D73780,D74040,BF4CE0,BF52A0
ovl_En_Ru2,D74040,D76DC0,BF52A0,BF65C0
ovl_Obj_Dekujr,D76DC0,D77400,BF65C0,BF6A10
ovl_Bg_Mizu_Uzu,D77400,D775D0,BF6A10,BF6B70
ovl_Bg_Spot06_Objects,D775D0,D789D0,BF6B70,BF7840
ovl_Bg_Ice_Objects,D789D0,D79910,BF7840,BF80C0
ovl_Bg_Haka_Water,D79910,D7A110,BF80C0,BF85A0
ovl_En_Ma2,D7A110,D7B170,BF85A0,BF9020
ovl_En_Bom_Chu,D7B170,D7C810,BF9020,BF9F10
ovl_En_Horse_Game_Check,D7C810,D7D8E0,BF9F10,BFA960
ovl_Boss_Tw,D7D8E0,D90A30,BFA960,C04CE0
ovl_En_Rr,D90A30,D92F60,C04CE0,C06350
ovl_En_Ba,D92F60,D94E30,C06350,C07490
ovl_En_Bx,D94E30,D95930,C07490,C07C60
ovl_En_Anubice,D95930,D96BE0,C07C60,C08810
ovl_En_Anubice_Fire,D96BE0,D979A0,C08810,C09180
ovl_Bg_Mori_Hashigo,D979A0,D98260,C09180,C09700
ovl_Bg_Mori_Hashira4,D98260,D987E0,C09700,C09AA0
ovl_Bg_Mori_Idomizu,D987E0,D98E20,C09AA0,C09EC0
ovl_Bg_Spot16_Doughnut,D98E20,D993E0,C09EC0,C0A2C0
ovl_Bg_Bdan_Switch,D993E0,D9A810,C0A2C0,C0ACC0
ovl_En_Ma1,D9A810,D9BAF0,C0ACC0,C0B870
ovl_Boss_Ganon,D9BAF0,DBDDA0,C0B870,C1E5A0
ovl_Boss_Sst,DBDDA0,DCA330,C1E5A0,C24DB0
ovl_En_Ny,DCA330,DCBC70,C24DB0,C25D40
ovl_En_Fr,DCBC70,DCE700,C25D40,C276B0
ovl_Item_Shield,DCE700,DCF110,C276B0,C27D70
ovl_Bg_Ice_Shelter,DCF110,DD0350,C27D70,C28900
ovl_En_Ice_Hono,DD0350,DD1540,C28900,C293E0
ovl_Item_Ocarina,DD1540,DD1D10,C293E0,C298C0
ovl_Magic_Dark,DD1D10,DD3560,C298C0,C2A9A0
ovl_Demo_6K,DD3560,DD62C0,C2A9A0,C2C5E0
ovl_En_Anubice_Tag,DD62C0,DD6590,C2C5E0,C2C7F0
ovl_Bg_Haka_Gate,DD6590,DD7620,C2C7F0,C2D290
ovl_Bg_Spot15_Saku,DD7620,DD7960,C2D290,C2D4F0
ovl_Bg_Jya_Goroiwa,DD7960,DD80E0,C2D4F0,C2DA20
ovl_Bg_Jya_Zurerukabe,DD80E0,DD8790,C2DA20,C2DE80
ovl_Bg_Jya_Cobra,DD8790,DDA4D0,C2DE80,C2F0B0
ovl_Bg_Jya_Kanaami,DDA4D0,DDA880,C2F0B0,C2F330
ovl_Fishing,DDA880,DECD10,C2F330,C38420
ovl_Obj_Oshihiki,DECD10,DEE7C0,C38420,C393D0
ovl_Bg_Gate_Shutter,DEE7C0,DEEC50,C393D0,C396C0
ovl_Eff_Dust,DEEC50,DF0020,C396C0,C3A0E0
ovl_Bg_Spot01_Fusya,DF0020,DF02C0,C3A0E0,C3A2E0
ovl_Bg_Spot01_Idohashira,DF02C0,DF0EC0,C3A2E0,C3AA70
ovl_Bg_Spot01_Idomizu,DF0EC0,DF11E0,C3AA70,C3ACD0
ovl_Bg_Po_Syokudai,DF11E0,DF1B50,C3ACD0,C3B320
ovl_Bg_Ganon_Otyuka,DF1B50,DF4190,C3B320,C3CCA0
ovl_Bg_Spot15_Rrbox,DF4190,DF4F70,C3CCA0,C3D500
ovl_Bg_Umajump,DF4F70,DF5100,C3D500,C3D630
ovl_En_Insect,DF5100,DF7620,C3D630,C3EB20
ovl_En_Butte,DF7620,DF8BF0,C3EB20,C3F870
ovl_En_Fish,DF8BF0,DFAD00,C3F870,C40A30
ovl_Bg_Spot08_Iceblock,DFAD00,DFBD40,C40A30,C413B0
ovl_Item_Etcetera,DFBD40,DFC610,C413B0,C41920
ovl_Arrow_Fire,DFC610,DFE4F0,C41920,C430F0
ovl_Arrow_Ice,DFE4F0,E003F0,C430F0,C446A0
ovl_Arrow_Light,E003F0,E02300,C446A0,C45CD0
ovl_Obj_Kibako,E02300,E03000,C45CD0,C46440
ovl_Obj_Tsubo,E03000,E03FF0,C46440,C46DD0
ovl_En_Wonder_Item,E03FF0,E04C40,C46DD0,C47520
ovl_En_Ik,E04C40,E09290,C47520,C497E0
ovl_Demo_Ik,E09290,E0A7A0,C497E0,C4A2D0
ovl_En_Skj,E0A7A0,E0E0E0,C4A2D0,C4C0E0
ovl_En_Skjneedle,E0E0E0,E0E3F0,C4C0E0,C4C320
ovl_En_G_Switch,E0E3F0,E0FC10,C4C320,C4D2D0
ovl_Demo_Ext,E0FC10,E10560,C4D2D0,C4D8D0
ovl_Demo_Shd,E10560,E12970,C4D8D0,C4EE30
ovl_En_Dns,E12970,E13D00,C4EE30,C4F900
ovl_Elf_Msg,E13D00,E142F0,C4F900,C4FCB0
ovl_En_Honotrap,E142F0,E15850,C4FCB0,C50A20
ovl_En_Tubo_Trap,E15850,E164F0,C50A20,C511C0
ovl_Obj_Ice_Poly,E164F0,E16EA0,C511C0,C51850
ovl_Bg_Spot03_Taki,E16EA0,E177C0,C51850,C51E00
ovl_Bg_Spot07_Taki,E177C0,E17DB0,C51E00,C521C0
ovl_En_Fz,E17DB0,E19DC0,C521C0,C534E0
ovl_En_Po_Relay,E19DC0,E1B4D0,C534E0,C543A0
ovl_Bg_Relay_Objects,E1B4D0,E1BC80,C543A0,C548B0
ovl_En_Diving_Game,E1BC80,E1D630,C548B0,C55800
ovl_En_Kusa,E1D630,E1EB10,C55800,C564E0
ovl_Obj_Bean,E1EB10,E212A0,C564E0,C57A00
ovl_Obj_Bombiwa,E212A0,E21810,C57A00,C57DF0
ovl_Obj_Switch,E21810,E235F0,C57DF0,C58DF0
ovl_Obj_Elevator,E235F0,E239B0,C58DF0,C59070
ovl_Obj_Lift,E239B0,E243D0,C59070,C59750
ovl_Obj_Hsblock,E243D0,E249A0,C59750,C59B30
ovl_En_Okarina_Tag,E249A0,E25EA0,C59B30,C5A570
ovl_En_Yabusame_Mark,E25EA0,E26570,C5A570,C5A9D0
ovl_En_Goroiwa,E26570,E28930,C5A9D0,C5BF50
ovl_En_Ex_Ruppy,E28930,E299F0,C5BF50,C5C9F0
ovl_En_Toryo,E299F0,E2A680,C5C9F0,C5D1A0
ovl_En_Daiku,E2A680,E2BDC0,C5D1A0,C5E0C0
ovl_En_Nwc,E2BDC0,E2C7E0,C5E0C0,C5E7E0
ovl_En_Blkobj,E2C7E0,E2CD40,C5E7E0,C5EBA0
ovl_Item_Inbox,E2CD40,E2CEA0,C5EBA0,C5EC90
ovl_En_Ge1,E2CEA0,E2EED0,C5EC90,C5FDC0
ovl_Obj_Blockstop,E2EED0,E2F070,C5FDC0,C5FF00
ovl_En_Sda,E2F070,E306A0,C5FF00,C60BA0
ovl_En_Clear_Tag,E306A0,E39210,C60BA0,C64720
ovl_En_Niw_Lady,E39210,E3AB10,C64720,C65630
ovl_En_Gm,E3AB10,E3B840,C65630,C65EB0
ovl_En_Ms,E3B840,E3BF30,C65EB0,C66370
ovl_En_Hs,E3BF30,E3CAD0,C66370,C66A60
ovl_Bg_Ingate,E3CAD0,E3CE60,C66A60,C66CF0
ovl_En_Kanban,E3CE60,E3FFB0,C66CF0,C68660
ovl_En_Heishi3,E3FFB0,E40980,C68660,C68C60
ovl_En_Syateki_Niw,E40980,E42A10,C68C60,C6A060
ovl_En_Attack_Niw,E42A10,E43C70,C6A060,C6ABA0
ovl_Bg_Spot01_Idosoko,E43C70,E43E80,C6ABA0,C6AD20
ovl_En_Sa,E43E80,E460F0,C6AD20,C6BFE0
ovl_En_Wonder_Talk,E460F0,E46780,C6BFE0,C6C450
ovl_Bg_Gjyo_Bridge,E46780,E46C70,C6C450,C6C7E0
ovl_En_Ds,E46C70,E47890,C6C7E0,C6CF10
ovl_En_Mk,E47890,E48720,C6CF10,C6D770
ovl_En_Bom_Bowl_Man,E48720,E49C60,C6D770,C6E4B0
ovl_En_Bom_Bowl_Pit,E49C60,E4A5D0,C6E4B0,C6EAD0
ovl_En_Owl,E4A5D0,E4E170,C6EAD0,C707E0
ovl_En_Ishi,E4E170,E572C0,C707E0,C717A0
ovl_Obj_Hana,E572C0,E575D0,C717A0,C719C0
ovl_Obj_Lightswitch,E575D0,E58A00,C719C0,C72570
ovl_Obj_Mure2,E58A00,E59420,C72570,C72BB0
ovl_En_Go,E59420,E5DA60,C72BB0,C75160
ovl_En_Fu,E5DA60,E5E7A0,C75160,C75A10
ovl_En_Changer,E5E7A0,E5F180,C75A10,C76020
ovl_Bg_Jya_Megami,E5F180,E60370,C76020,C76CA0
ovl_Bg_Jya_Lift,E60370,E608C0,C76CA0,C77040
ovl_Bg_Jya_Bigmirror,E608C0,E61110,C77040,C77610
ovl_Bg_Jya_Bombchuiwa,E61110,E61C50,C77610,C77D40
ovl_Bg_Jya_Amishutter,E61C50,E61FE0,C77D40,C77F40
ovl_Bg_Jya_Bombiwa,E61FE0,E625A0,C77F40,C78350
ovl_Bg_Spot18_Basket,E625A0,E63590,C78350,C78D60
ovl_En_Ganon_Organ,E63590,E6A5D0,C78D60,C7BCA0
ovl_En_Siofuki,E6A5D0,E6B380,C7BCA0,C7C530
ovl_En_Stream,E6B380,E6B910,C7C530,C7C920
ovl_En_Mm,E6B910,E6CF70,C7C920,C7D770
ovl_En_Ko,E6CF70,E710B0,C7D770,C7F6F0
ovl_En_Kz,E710B0,E72650,C7F6F0,C80480
ovl_En_Weather_Tag,E72650,E73540,C80480,C80AA0
ovl_Bg_Sst_Floor,E73540,E73AA0,C80AA0,C80EB0
ovl_En_Ani,E73AA0,E74810,C80EB0,C816C0
ovl_En_Ex_Item,E74810,E75990,C816C0,C82120
ovl_Bg_Jya_Ironobj,E75990,E76740,C82120,C82910
ovl_En_Js,E76740,E77110,C82910,C82F00
ovl_En_Jsjutan,E77110,E7BEE0,C82F00,C847E0
ovl_En_Cs,E7BEE0,E7D110,C847E0,C85380
ovl_En_Md,E7D110,E7F780,C85380,C866E0
ovl_En_Hy,E7F780,E830C0,C866E0,C88530
ovl_En_Ganon_Mant,E830C0,E872F0,C88530,C89E00
ovl_En_Okarina_Effect,E872F0,E876B0,C89E00,C8A080
ovl_En_Mag,E876B0,E8A6F0,C8A080,C8B630
ovl_Door_Gerudo,E8A6F0,E8ACE0,C8B630,C8BA60
ovl_Elf_Msg2,E8ACE0,E8B150,C8BA60,C8BCE0
ovl_Demo_Gt,E8B150,E90760,C8BCE0,C8E1A0
ovl_En_Po_Field,E90760,E94160,C8E1A0,C903D0
ovl_Efc_Erupc,E94160,E94C50,C903D0,C90B40
ovl_Bg_Zg,E94C50,E950A0,C90B40,C90E20
ovl_En_Heishi4,E950A0,E95FA0,C90E20,C91710
ovl_En_Zl3,E95FA0,E9DDF0,C91710,C94CC0
ovl_Boss_Ganon2,E9DDF0,EAF140,C94CC0,C9DC80
ovl_En_Kakasi,EAF140,EAFE80,C9DC80,C9E500
ovl_En_Takara_Man,EAFE80,EB0740,C9E500,C9EB20
ovl_Obj_Makeoshihiki,EB0740,EB0BD0,C9EB20,C9EE50
ovl_Oceff_Spot,EB0BD0,EB1B00,C9EE50,C9F9C0
ovl_End_Title,EB1B00,EB7540,C9F9C0,CA1670
ovl_En_Torch,EB7540,EB7630,CA1670,CA1740
ovl_Demo_Ec,EB7630,EBAE90,CA1740,CA2A30
ovl_Shot_Sun,EBAE90,EBB550,CA2A30,CA2EF0
ovl_En_Dy_Extra,EBB550,EBBAF0,CA2EF0,CA3300
ovl_En_Wonder_Talk2,EBBAF0,EBC190,CA3300,CA37A0
ovl_En_Ge2,EBC190,EBDB30,CA37A0,CA4690
ovl_Obj_Roomtimer,EBDB30,EBDD80,CA4690,CA4850
ovl_En_Ssh,EBDD80,EC0370,CA4850,CA5EA0
ovl_En_Sth,EC0370,EC4430,CA5EA0,CA8540
ovl_Oceff_Wipe,EC4430,EC51B0,CA8540,CA8FA0
ovl_Effect_Ss_Dust,EC51B0,EC59F0,CA8FA0,CA9530
ovl_Effect_Ss_KiraKira,EC59F0,EC6060,CA9530,CA99D0
ovl_Effect_Ss_Bomb,EC6060,EC6490,CA99D0,CA9D00
ovl_Effect_Ss_Bomb2,EC6490,EC6D90,CA9D00,CAA290
ovl_Effect_Ss_Blast,EC6D90,EC7120,CAA290,CAA560
ovl_Effect_Ss_G_Spk,EC7120,EC76D0,CAA560,CAA990
ovl_Effect_Ss_D_Fire,EC76D0,EC7BC0,CAA990,CAAD60
ovl_Effect_Ss_Bubble,EC7BC0,EC8040,CAAD60,CAB0B0
ovl_Effect_Ss_G_Ripple,EC8040,EC85A0,CAB0B0,CAB4B0
ovl_Effect_Ss_G_Splash,EC85A0,EC8A50,CAB4B0,CAB7C0
ovl_Effect_Ss_G_Magma,EC8A50,EC8CB0,CAB7C0,CAB9A0
ovl_Effect_Ss_G_Fire,EC8CB0,EC8F40,CAB9A0,CABB90
ovl_Effect_Ss_Lightning,EC8F40,EC9610,CABB90,CAC0C0
ovl_Effect_Ss_Dt_Bubble,EC9610,EC9BA0,CAC0C0,CAC4C0
ovl_Effect_Ss_Hahen,EC9BA0,ECA1E0,CAC4C0,CAC8E0
ovl_Effect_Ss_Stick,ECA1E0,ECA580,CAC8E0,CACB90
ovl_Effect_Ss_Sibuki,ECA580,ECAC50,CACB90,CAD080
ovl_Effect_Ss_Sibuki2,ECAC50,ECAF80,CAD080,CAD300
ovl_Effect_Ss_G_Magma2,ECAF80,ECB490,CAD300,CAD6E0
ovl_Effect_Ss_Stone1,ECB490,ECB810,CAD6E0,CAD990
ovl_Effect_Ss_HitMark,ECB810,ECBD60,CAD990,CADD60
ovl_Effect_Ss_Fhg_Flash,ECBD60,ECCCE0,CADD60,CAE5E0
ovl_Effect_Ss_K_Fire,ECCCE0,ECD120,CAE5E0,CAE930
ovl_Effect_Ss_Solder_Srch_Ball,ECD120,ECD2D0,CAE930,CAEA90
ovl_Effect_Ss_Kakera,ECD2D0,ECE360,CAEA90,CAF4C0
ovl_Effect_Ss_Ice_Piece,ECE360,ECE7A0,CAF4C0,CAF810
ovl_Effect_Ss_En_Ice,ECE7A0,ECF060,CAF810,CAFE60
ovl_Effect_Ss_Fire_Tail,ECF060,ECF760,CAFE60,CB0390
ovl_Effect_Ss_En_Fire,ECF760,ECFEB0,CB0390,CB08F0
ovl_Effect_Ss_Extra,ECFEB0,ED0270,CB08F0,CB0BE0
ovl_Effect_Ss_Fcircle,ED0270,ED0720,CB0BE0,CB0F80
ovl_Effect_Ss_Dead_Db,ED0720,ED0C00,CB0F80,CB1360
ovl_Effect_Ss_Dead_Dd,ED0C00,ED1190,CB1360,CB1780
ovl_Effect_Ss_Dead_Ds,ED1190,ED1610,CB1780,CB1AF0
ovl_Effect_Ss_Dead_Sound,ED1610,ED1750,CB1AF0,CB1C00
ovl_Oceff_Storm,ED1750,ED3300,CB1C00,CB33A0
ovl_En_Weiyer,ED3300,ED4D00,CB33A0,CB4250
ovl_Bg_Spot05_Soko,ED4D00,ED5020,CB4250,CB4480
ovl_Bg_Jya_1flift,ED5020,ED56B0,CB4480,CB48B0
ovl_Bg_Jya_Haheniron,ED56B0,ED5EA0,CB48B0,CB4E10
ovl_Bg_Spot12_Gate,ED5EA0,ED62B0,CB4E10,CB50C0
ovl_Bg_Spot12_Saku,ED62B0,ED6770,CB50C0,CB53F0
ovl_En_Hintnuts,ED6770,ED81A0,CB53F0,CB62E0
ovl_En_Nutsball,ED81A0,ED87C0,CB62E0,CB6760
ovl_Bg_Spot00_Break,ED87C0,ED8960,CB6760,CB68A0
ovl_En_Shopnuts,ED8960,ED9870,CB68A0,CB7170
ovl_En_It,ED9870,ED9A00,CB7170,CB7280
ovl_En_GeldB,ED9A00,EDEDB0,CB7280,CB9DA0
ovl_Oceff_Wipe2,EDEDB0,EE0520,CB9DA0,CBA9E0
ovl_Oceff_Wipe3,EE0520,EE1C70,CBA9E0,CBBA20
ovl_En_Niw_Girl,EE1C70,EE2740,CBBA20,CBC1D0
ovl_En_Dog,EE2740,EE38F0,CBC1D0,CBCC50
ovl_En_Si,EE38F0,EE3DF0,CBCC50,CBCFC0
ovl_Bg_Spot01_Objects2,EE3DF0,EE42B0,CBCFC0,CBD330
ovl_Obj_Comb,EE42B0,EE4B10,CBD330,CBD940
ovl_Bg_Spot11_Bakudankabe,EE4B10,EE5150,CBD940,CBDDB0
ovl_Obj_Kibako2,EE5150,EE5810,CBDDB0,CBE260
ovl_En_Dnt_Demo,EE5810,EE6530,CBE260,CBEB10
ovl_En_Dnt_Jiji,EE6530,EE7A50,CBEB10,CBF5F0
ovl_En_Dnt_Nomal,EE7A50,EEA850,CBF5F0,CC0D90
ovl_En_Guest,EEA850,EEB1F0,CC0D90,CC1440
ovl_Bg_Bom_Guard,EEB1F0,EEB410,CC1440,CC15F0
ovl_En_Hs2,EEB410,EEB9F0,CC15F0,CC19F0
ovl_Demo_Kekkai,EEB9F0,EECCE0,CC19F0,CC2630
ovl_Bg_Spot08_Bakudankabe,EECCE0,EED380,CC2630,CC2AE0
ovl_Bg_Spot17_Bakudankabe,EED380,EEDA70,CC2AE0,CC2FC0
ovl_Obj_Mure3,EEDA70,EEE240,CC2FC0,CC34F0
ovl_En_Tg,EEE240,EEE920,CC34F0,CC39A0
ovl_En_Mu,EEE920,EEF240,CC39A0,CC4000
ovl_En_Go2,EEF240,EF5280,CC4000,CC7460
ovl_En_Wf,EF5280,EF9590,CC7460,CC97F0
ovl_En_Skb,EF9590,EFAE80,CC97F0,CCA720
ovl_Demo_Gj,EFAE80,EFEB30,CCA720,CCBEA0
ovl_Demo_Geff,EFEB30,EFF350,CCBEA0,CCC380
ovl_Bg_Gnd_Firemeiro,EFF350,EFF8A0,CCC380,CCC720
ovl_Bg_Gnd_Darkmeiro,EFF8A0,F00060,CCC720,CCCC00
ovl_Bg_Gnd_Soulmeiro,F00060,F008C0,CCCC00,CCD1D0
ovl_Bg_Gnd_Nisekabe,F008C0,F00A30,CCD1D0,CCD2F0
ovl_Bg_Gnd_Iceblock,F00A30,F01B20,CCD2F0,CCDC00
ovl_Bg_Ydan_Sp,F01B20,F03240,CCDC00,CCEA50
ovl_En_Gb,F03240,F04970,CCEA50,CCF8E0
ovl_En_Gs,F04970,F067E0,CCF8E0,CD0BD0
ovl_Bg_Mizu_Bwall,F067E0,F07CB0,CD0BD0,CD1780
ovl_Bg_Mizu_Shutter,F07CB0,F084B0,CD1780,CD1CB0
ovl_En_Daiku_Kakariko,F084B0,F09870,CD1CB0,CD2940
ovl_Bg_Bowl_Wall,F09870,F0A1F0,CD2940,CD3000
ovl_En_Wall_Tubo,F0A1F0,F0A6E0,CD3000,CD3370
ovl_En_Po_Desert,F0A6E0,F0B4A0,CD3370,CD3CD0
ovl_En_Crow,F0B4A0,F0CB40,CD3CD0,CD4B00
ovl_Door_Killer,F0CB40,F0E0B0,CD4B00,CD58C0
ovl_Bg_Spot11_Oasis,F0E0B0,F0E7E0,CD58C0,CD5DE0
ovl_Bg_Spot18_Futa,F0E7E0,F0E980,CD5DE0,CD5F20
ovl_Bg_Spot18_Shutter,F0E980,F0EED0,CD5F20,CD62A0
ovl_En_Ma3,F0EED0,F0FE80,CD62A0,CD6CA0
ovl_En_Cow,F0FE80,F112E0,CD6CA0,CD77D0
ovl_Bg_Ice_Turara,F112E0,F11B10,CD77D0,CD7D70
ovl_Bg_Ice_Shutter,F11B10,F11F80,CD7D70,CD8040
ovl_En_Kakasi2,F11F80,F126A0,CD8040,CD84E0
ovl_En_Kakasi3,F126A0,F13780,CD84E0,CD8F40
ovl_Oceff_Wipe4,F13780,F14760,CD8F40,CD9970
ovl_En_Eg,F14760,F14910,CD9970,CD9AB0
ovl_Bg_Menkuri_Nisekabe,F14910,F14A60,CD9AB0,CD9BB0
ovl_En_Zo,F14A60,F17020,CD9BB0,CDB1A0
ovl_Effect_Ss_Ice_Smoke,F17020,F17500,CDB1A0,CDB530
ovl_Obj_Makekinsuta,F17500,F17650,CDB530,CDB650
ovl_En_Ge3,F17650,F18290,CDB650,CDBDE0
ovl_Obj_Timeblock,F18290,F18EE0,CDBDE0,CDC570
ovl_Obj_Hamishi,F18EE0,F19730,CDC570,CDCB40
ovl_En_Zl4,F19730,F1E160,CDCB40,CDEB30
ovl_En_Mm2,F1E160,F1EF20,CDEB30,CDF3F0
ovl_Bg_Jya_Block,F1EF20,F1F190,CDF3F0,CDF5F0
ovl_Obj_Warp2block,F1F190,F1FCC0,CDF5F0,CDFD50
gameplay_keep,F20000,F7BCE0,CDFD50,D0A380
gameplay_field_keep,F7C000,F89330,D0A380,D124D0
gameplay_dangeon_keep,F8A000,FA1AF0,D124D0,D1F5D0
gameplay_object_exchange_static,FA2000,FA2010,D1F5D0,D1F5E0
object_link_boy,FA3000,FDA800,D1F5E0,D33FC0
object_link_child,FDB000,1007F80,D33FC0,D45900
object_box,1008000,100E000,D45900,D48520
object_human,100E000,1021180,D48520,D4E8D0
object_okuta,1022000,1025C80,D4E8D0,D503A0
object_poh,1026000,102B0E0,D503A0,D53200
object_wallmaster,102C000,1036070,D53200,D589B0
object_dy_obj,1037000,1054530,D589B0,D68A30
object_firefly,1055000,10568C0,D68A30,D69710
object_dodongo,1057000,1060940,D69710,D6F340
object_fire,1061000,10650A0,D6F340,D70A10
object_niw,1066000,1068540,D70A10,D71AB0
object_tite,1069000,106CA30,D71AB0,D73E20
object_reeba,106D000,106EEF0,D73E20,D74FF0
object_peehat,106F000,1070C90,D74FF0,D75C60
object_kingdodongo,1071000,10A08E0,D75C60,D908A0
object_horse,10A1000,10AEF10,D908A0,D99EC0
object_zf,10AF000,10C53A0,D99EC0,DA73A0
object_goma,10C6000,10E4200,DA73A0,DBADD0
object_zl1,10E5000,10F93C0,DBADD0,DC44D0
object_gol,10FA000,10FE220,DC44D0,DC6B70
object_bubble,10FF000,11000C0,DC6B70,DC7190
object_dodojr,1101000,11030F0,DC7190,DC86F0
object_torch2,1104000,1108770,DC86F0,DCA280
object_bl,1109000,110E850,DCA280,DCC1A0
object_tp,110F000,1110CF0,DCC1A0,DCD300
object_oA1,1111000,1115710,DCD300,DCF350
object_st,1116000,111BBB0,DCF350,DD1D30
object_bw,111C000,111E260,DD1D30,DD2FD0
object_ei,111F000,1122420,DD2FD0,DD4A30
object_horse_normal,1123000,112CFC0,DD4A30,DDBCD0
object_oB1,112D000,11336B0,DDBCD0,DDE310
object_o_anime,1134000,1136150,DDE310,DDFBB0
object_spot04_objects,1137000,11386C0,DDFBB0,DE0650
object_ddan_objects,1139000,1141760,DE0650,DE51F0
object_hidan_objects,1142000,1159D20,DE51F0,DEF650
object_horse_ganon,115A000,1166090,DEF650,DF6BD0
object_oA2,1167000,116C6D0,DF6BD0,DF7D70
object_spot00_objects,116D000,116EC10,DF7D70,DF86F0
object_mb,116F000,11831A0,DF86F0,E049C0
object_bombf,1184000,1185A00,E049C0,E05720
object_sk2,1186000,1194800,E05720,E0F5A0
object_oE1,1195000,119B810,E0F5A0,E12160
object_oE_anime,119C000,11A1060,E12160,E16450
object_oE2,11A2000,11A7A70,E16450,E18AA0
object_ydan_objects,11A8000,11B1080,E18AA0,E1EB70
object_gnd,11B2000,11C5000,E1EB70,E2BB30
object_am,11C5000,11CAB50,E2BB30,E2E570
object_dekubaba,11CB000,11CE9C0,E2E570,E30860
object_oA3,11CF000,11D1130,E30860,E31850
object_oA4,11D2000,11D3730,E31850,E321B0
object_oA5,11D4000,11D56B0,E321B0,E32AD0
object_oA6,11D6000,11D7A00,E32AD0,E33530
object_oA7,11D8000,11D9550,E33530,E33DE0
object_jj,11DA000,11E5AC0,E33DE0,E39E70
object_oA8,11E6000,11E77B0,E39E70,E3A760
object_oA9,11E8000,11E8520,E3A760,E3AAB0
object_oB2,11E9000,11ED0E0,E3AAB0,E3C770
object_oB3,11EE000,11F2490,E3C770,E3E560
object_oB4,11F3000,11F4870,E3E560,E3EF50
object_horse_zelda,11F5000,11FC160,E3EF50,E42EC0
object_opening_demo1,11FD000,1202060,E42EC0,E46E40
object_warp1,1203000,1205CB0,E46E40,E48B70
object_b_heart,1206000,1206640,E48B70,E48FA0
object_dekunuts,1207000,120A660,E48FA0,E4ABF0
object_oE3,120B000,1212120,E4ABF0,E4DB20
object_oE4,1213000,1217FD0,E4DB20,E4FC40
object_menkuri_objects,1218000,1220B10,E4FC40,E54EE0
object_oE5,1221000,12265C0,E54EE0,E574C0
object_oE6,1227000,1229E50,E574C0,E58A90
object_oE7,122A000,122CA60,E58A90,E5A130
object_oE8,122D000,12303D0,E5A130,E5B8B0
object_oE9,1231000,1233F10,E5B8B0,E5CAF0
object_oE10,1234000,12369D0,E5CAF0,E5DF20
object_oE11,1237000,123A1F0,E5DF20,E5F380
object_oE12,123B000,123E7C0,E5F380,E60CA0
object_vali,123F000,1243850,E60CA0,E62EC0
object_oA10,1244000,1246EB0,E62EC0,E64220
object_oA11,1247000,12485C0,E64220,E64BE0
object_mizu_objects,1249000,1254320,E64BE0,E6A770
object_fhg,1255000,1265DE0,E6A770,E741F0
object_ossan,1266000,126FB50,E741F0,E77E30
object_mori_hineri1,1270000,12754F0,E77E30,E79940
object_Bb,1276000,1277A40,E79940,E7A670
object_toki_objects,1278000,1280450,E7A670,E7DB60
object_yukabyun,1281000,12824F0,E7DB60,E7E430
object_zl2,1283000,1293D80,E7E430,E84F40
object_mjin,1294000,1295290,E84F40,E85800
object_mjin_flash,1296000,1297000,E85800,E86070
object_mjin_dark,1297000,1298000,E86070,E86AE0
object_mjin_flame,1298000,1299000,E86AE0,E873E0
object_mjin_ice,1299000,129A000,E873E0,E87E40
object_mjin_soul,129A000,129B000,E87E40,E888D0
object_mjin_wind,129B000,129C000,E888D0,E89330
object_mjin_oka,129C000,129DB60,E89330,E8A490
object_haka_objects,129E000,12BB6B0,E8A490,E96B80
object_spot06_objects,12BC000,12BEDA0,E96B80,E98770
object_ice_objects,12BF000,12C7D50,E98770,E9E110
object_relay_objects,12C8000,12CB630,E9E110,EA0100
object_mori_hineri1a,12CC000,12CF4C0,EA0100,EA1150
object_mori_hineri2,12D0000,12D4400,EA1150,EA2740
object_mori_hineri2a,12D5000,12DB0B0,EA2740,EA46A0
object_mori_objects,12DC000,12E4A10,EA46A0,EA7C80
object_mori_tex,12E5000,12EEE00,EA7C80,EAC780
object_spot08_obj,12EF000,12F4600,EAC780,EAF000
object_warp2,12F5000,12F5010,EAF000,EAF010
object_hata,12F6000,12F8FE0,EAF010,EB04B0
object_bird,12F9000,12FB1A0,EB04B0,EB18B0
object_wood02,12FC000,13047D0,EB18B0,EB5E00
object_lightbox,1305000,1306F40,EB5E00,EB65F0
object_pu_box,1307000,1308600,EB65F0,EB6EE0
object_trap,1309000,130B3E0,EB6EE0,EB8750
object_vase,130C000,130D590,EB8750,EB9590
object_im,130E000,1320230,EB9590,EC12A0
object_ta,1321000,132F3F0,EC12A0,EC8490
object_tk,1330000,133BE50,EC8490,ECEBC0
object_xc,133C000,1358B20,ECEBC0,EE0740
object_vm,1359000,135CF70,EE0740,EE2450
object_bv,135D000,137ADB0,EE2450,EEE8E0
object_hakach_objects,137B000,1381AF0,EEE8E0,EF2B80
object_efc_crystal_light,1382000,1382AA0,EF2B80,EF3460
object_efc_fire_ball,1383000,1383D00,EF3460,EF3FA0
object_efc_flash,1384000,1384010,EF3FA0,EF3FB0
object_efc_lgt_shower,1385000,13862D0,EF3FB0,EF4CC0
object_efc_star_field,1387000,13887D0,EF4CC0,EF5AA0
object_god_lgt,1389000,138D350,EF5AA0,EF8230
object_light_ring,138E000,138F280,EF8230,EF86E0
object_triforce_spot,1390000,1392910,EF86E0,EF9FE0
object_medal,1393000,1398140,EF9FE0,EFB820
object_bdan_objects,1399000,13A5D10,EFB820,F027A0
object_sd,13A6000,13B26E0,F027A0,F08140
object_rd,13B3000,13C1FF0,F08140,F10490
object_po_sisters,13C2000,13D03C0,F10490,F17510
object_heavy_object,13D1000,13D2AE0,F17510,F18000
object_gndd,13D3000,13E4A00,F18000,F20440
object_fd,13E5000,13F5270,F20440,F27690
object_du,13F6000,1408630,F27690,F319D0
object_fw,1409000,1410DE0,F319D0,F36240
object_horse_link_child,1411000,1419B20,F36240,F3B6E0
object_spot02_objects,141A000,1430620,F3B6E0,F46300
object_haka,1431000,1432460,F46300,F47140
object_ru1,1433000,1446A80,F47140,F53A70
object_syokudai,1447000,144AC90,F53A70,F557F0
object_fd2,144B000,145CA90,F557F0,F5FB90
object_dh,145D000,14660C0,F5FB90,F65DB0
object_rl,1467000,146EB50,F65DB0,F693A0
object_efc_tw,146F000,14702F0,F693A0,F6A560
object_demo_tre_lgt,1471000,1471010,F6A560,F6A570
object_gi_key,1472000,1472A20,F6A570,F6A9A0
object_mir_ray,1473000,1474D00,F6A9A0,F6AE70
object_brob,1475000,1476AA0,F6AE70,F6BA40
object_gi_jewel,1477000,147A680,F6BA40,F6D710
object_spot09_obj,147B000,1493890,F6D710,F78A20
object_spot18_obj,1494000,14A0A10,F78A20,F7EFF0
object_bdoor,14A1000,14A85C0,F7EFF0,F82750
object_spot17_obj,14A9000,14AA830,F82750,F83760
object_shop_dungen,14AB000,14AEA20,F83760,F855C0
object_nb,14AF000,14C71E0,F855C0,F92EC0
object_mo,14C8000,14CFC70,F92EC0,F968D0
object_sb,14D0000,14D2CA0,F968D0,F97BF0
object_gi_melody,14D3000,14D3D20,F97BF0,F98100
object_gi_heart,14D4000,14D41F0,F98100,F98250
object_gi_compass,14D5000,14D5D10,F98250,F987D0
object_gi_bosskey,14D6000,14D7010,F987D0,F98E40
object_gi_medal,14D8000,14DD370,F98E40,F9A400
object_gi_nuts,14DE000,14DF1C0,F9A400,F9AE20
object_sa,14E0000,14F5230,F9AE20,FA76C0
object_gi_hearts,14F6000,14F77B0,FA76C0,FA7F40
object_gi_arrowcase,14F8000,14F8CB0,FA7F40,FA84F0
object_gi_bombpouch,14F9000,14F9E60,FA84F0,FA8A80
object_in,14FA000,1512C50,FA8A80,FB4A90
object_tr,1513000,1525E30,FB4A90,FBD2D0
object_spot16_obj,1526000,1527500,FBD2D0,FBE0B0
object_oE1s,1528000,152E560,FBE0B0,FC0C60
object_oE4s,152F000,1533E00,FC0C60,FC2D20
object_os_anime,1534000,153E640,FC2D20,FCA620
object_gi_bottle,153F000,153F8F0,FCA620,FCAA70
object_gi_stick,1540000,15406C0,FCAA70,FCAEC0
object_gi_map,1541000,1542160,FCAEC0,FCBA10
object_oF1d_map,1543000,15535A0,FCBA10,FD4590
object_ru2,1554000,15638D0,FD4590,FDBB60
object_gi_shield_1,1564000,1564D50,FDBB60,FDC4D0
object_dekujr,1565000,1568510,FDC4D0,FDDD20
object_gi_magicpot,1569000,156A1D0,FDDD20,FDE470
object_gi_bomb_1,156B000,156BCB0,FDE470,FDE990
object_oF1s,156C000,15748A0,FDE990,FE2420
object_ma2,1575000,157EEF0,FE2420,FE7320
object_gi_purse,157F000,1580B70,FE7320,FE8980
object_hni,1581000,158BF70,FE8980,FF0420
object_tw,158C000,15C5BB0,FF0420,100EEA0
object_rr,15C6000,15C6E00,100EEA0,100F750
object_bxa,15C7000,15C9BF0,100F750,10111F0
object_anubice,15CA000,15CD9A0,10111F0,1013050
object_gi_gerudo,15CE000,15CF340,1013050,1013B30
object_gi_arrow,15D0000,15D1B10,1013B30,10144A0
object_gi_bomb_2,15D2000,15D26A0,10144A0,10148B0
object_gi_egg,15D3000,15D4320,10148B0,10150C0
object_gi_scale,15D5000,15D5DF0,10150C0,1015700
object_gi_shield_2,15D6000,15D7070,1015700,1015F40
object_gi_hookshot,15D8000,15D9560,1015F40,1016910
object_gi_ocarina,15DA000,15DABB0,1016910,1016F40
object_gi_milk,15DB000,15DC470,1016F40,1017750
object_ma1,15DD000,15E5D80,1017750,101B680
object_ganon,15E6000,15F6100,101B680,1021650
object_sst,15F7000,16107B0,1021650,10290D0
object_ny,1611000,1613170,10290D0,1029DD0
object_fr,1614000,161F4B0,1029DD0,102DB90
object_gi_pachinko,1620000,1620C60,102DB90,102E1D0
object_gi_boomerang,1621000,1621DA0,102E1D0,102E8A0
object_gi_bow,1622000,1622D30,102E8A0,102EFB0
object_gi_glasses,1623000,1624180,102EFB0,102F6B0
object_gi_liquid,1625000,16268D0,102F6B0,102FFE0
object_ani,1627000,162E700,102FFE0,1033470
object_demo_6k,162F000,1632BA0,1033470,10355D0
object_gi_shield_3,1633000,16342C0,10355D0,1035C40
object_gi_letter,1635000,1635E00,1035C40,1036370
object_spot15_obj,1636000,1637D00,1036370,10370D0
object_jya_obj,1638000,1654140,10370D0,1041A70
object_gi_clothes,1655000,1656860,1041A70,10426B0
object_gi_bean,1657000,16578C0,10426B0,1042BA0
object_gi_fish,1658000,1658950,1042BA0,1043090
object_gi_saw,1659000,1659B80,1043090,1043660
object_gi_hammer,165A000,165ACC0,1043660,1043C30
object_gi_grass,165B000,165BC10,1043C30,10442E0
object_gi_longsword,165C000,165C8C0,10442E0,10447D0
object_spot01_objects,165D000,165F490,10447D0,1045F70
object_md,1660000,166A150,1045F70,104B070
object_km1,166B000,16709C0,104B070,104D2A0
object_kw1,1671000,16778E0,104D2A0,104FA20
object_zo,1678000,1684040,104FA20,1054FA0
object_kz,1685000,168D6E0,1054FA0,1058430
object_umajump,168E000,168F470,1058430,1058DE0
object_masterkokiri,1690000,16904C0,1058DE0,10591F0
object_masterkokirihead,1691000,1693CA0,10591F0,105A3B0
object_mastergolon,1694000,1694110,105A3B0,105A470
object_masterzoora,1695000,16957A0,105A470,105ABA0
object_aob,1696000,169B6B0,105ABA0,105C870
object_ik,169C000,16BC5D0,105C870,1070960
object_ahg,16BD000,16C29B0,1070960,1073080
object_cne,16C3000,16C59D0,1073080,1073FF0
object_gi_niwatori,16C6000,16C79F0,1073FF0,1074E80
object_skj,16C8000,16D0E30,1074E80,107A700
object_gi_bottle_letter,16D1000,16D1C80,107A700,107AD80
object_bji,16D2000,16D6190,107AD80,107C800
object_bba,16D7000,16DB290,107C800,107E1C0
object_gi_ocarina_0,16DC000,16DCC10,107E1C0,107E880
object_ds,16DD000,16E1780,107E880,1080D50
object_ane,16E2000,16E8FB0,1080D50,1083660
object_boj,16E9000,16EECC0,1083660,1085ED0
object_spot03_object,16EF000,16F0660,1085ED0,1086A50
object_spot07_object,16F1000,16F7D30,1086A50,108A2B0
object_fz,16F8000,16FB4D0,108A2B0,108B270
object_bob,16FC000,1700F20,108B270,108CCB0
object_ge1,1701000,170B4B0,108CCB0,1090E40
object_yabusame_point,170C000,170CE50,1090E40,10912F0
object_gi_boots_2,170D000,170EBC0,10912F0,1091FC0
object_gi_seed,170F000,170FAC0,1091FC0,10925E0
object_gnd_magic,1710000,1711280,10925E0,1093530
object_d_elevator,1712000,1713390,1093530,1094540
object_d_hsblock,1714000,1715760,1094540,10955B0
object_d_lift,1716000,1717800,10955B0,1096900
object_mamenoki,1718000,171A6E0,1096900,1098450
object_goroiwa,171B000,171C8A0,1098450,1099010
object_toryo,171D000,1724160,1099010,109C020
object_daiku,1725000,172D870,109C020,10A04A0
object_nwc,172E000,172EDA0,10A04A0,10A0DF0
object_blkobj,172F000,1742890,10A0DF0,10AAA80
object_gm,1743000,17432D0,10AAA80,10AACA0
object_ms,1744000,1747DD0,10AACA0,10AC9B0
object_hs,1748000,174E270,10AC9B0,10AF6C0
object_ingate,174F000,17501F0,10AF6C0,10AFCA0
object_lightswitch,1751000,1753420,10AFCA0,10B0EB0
object_kusa,1754000,1754380,10B0EB0,10B10B0
object_tsubo,1755000,17569F0,10B10B0,10B23A0
object_gi_gloves,1757000,1758960,10B23A0,10B2E80
object_gi_coin,1759000,1759850,10B2E80,10B3250
object_kanban,175A000,175B7B0,10B3250,10B3830
object_gjyo_objects,175C000,175D5F0,10B3830,10B4390
object_owl,175E000,176E0C0,10B4390,10BAD30
object_mk,176F000,1774E00,10BAD30,10BD5B0
object_fu,1775000,177BCA0,10BD5B0,10C0720
object_gi_ki_tan_mask,177C000,177CDF0,10C0720,10C0E00
object_gi_redead_mask,177D000,177DA90,10C0E00,10C1280
object_gi_skj_mask,177E000,177ECE0,10C1280,10C1910
object_gi_rabit_mask,177F000,177FF00,10C1910,10C1FE0
object_gi_truth_mask,1780000,1781860,10C1FE0,10C2AE0
object_ganon_objects,1782000,1783170,10C2AE0,10C32B0
object_siofuki,1784000,1784DB0,10C32B0,10C3870
object_stream,1785000,1785A80,10C3870,10C3D50
object_mm,1786000,178E070,10C3D50,10C7BE0
object_fa,178F000,1792B90,10C7BE0,10C9180
object_os,1793000,1797670,10C9180,10CB4D0
object_gi_eye_lotion,1798000,1798970,10CB4D0,10CB950
object_gi_powder,1799000,1799B80,10CB950,10CBF30
object_gi_mushroom,179A000,179ACD0,10CBF30,10CC480
object_gi_ticketstone,179B000,179C2A0,10CC480,10CCE90
object_gi_brokensword,179D000,179D990,10CCE90,10CD350
object_js,179E000,17A3F30,10CD350,10CFE90
object_cs,17A4000,17AC550,10CFE90,10D38B0
object_gi_prescription,17AD000,17ADC20,10D38B0,10D3D20
object_gi_bracelet,17AE000,17AEBF0,10D3D20,10D4240
object_gi_soldout,17AF000,17AF4D0,10D4240,10D4450
object_gi_frog,17B0000,17B1110,10D4450,10D4CA0
object_mag,17B2000,17D1C40,10D4CA0,10DE0D0
object_door_gerudo,17D2000,17D29A0,10DE0D0,10DE480
object_gt,17D3000,17E65F0,10DE480,10E7890
object_efc_erupc,17E7000,17E98F0,10E7890,10E8D80
object_zl2_anime1,17EA000,17F5610,10E8D80,10F03A0
object_zl2_anime2,17F6000,1800AE0,10F03A0,10F7E60
object_gi_golonmask,1801000,18027B0,10F7E60,10F8C00
object_gi_zoramask,1803000,1804630,10F8C00,10F97B0
object_gi_gerudomask,1805000,1806400,10F97B0,10FA490
object_ganon2,1807000,183B7F0,10FA490,111B6D0
object_ka,183C000,18427C0,111B6D0,111D5C0
object_ts,1843000,1847FF0,111D5C0,111F7D0
object_zg,1848000,1849200,111F7D0,111FA40
object_gi_hoverboots,184A000,184BE70,111FA40,1120990
object_gi_m_arrow,184C000,184CE80,1120990,1120F90
object_ds2,184D000,1851270,1120F90,1122CC0
object_ec,1852000,185E930,1122CC0,112C540
object_fish,185F000,18745F0,112C540,1135DB0
object_gi_sutaru,1875000,1875650,1135DB0,11360D0
object_gi_goddess,1876000,1876C50,11360D0,1136580
object_ssh,1877000,187CC00,1136580,1139170
object_bigokuta,187D000,1883BD0,1139170,113C810
object_bg,1884000,188B2C0,113C810,113FC00
object_spot05_objects,188C000,188D2F0,113FC00,1140760
object_spot12_obj,188E000,18903C0,1140760,11417D0
object_bombiwa,1891000,1891B00,11417D0,1142060
object_hintnuts,1892000,1895140,1142060,1143E20
object_rs,1896000,189A880,1143E20,1145F80
object_spot00_break,189B000,189CE20,1145F80,1147260
object_gla,189D000,18A6EF0,1147260,114C7B0
object_shopnuts,18A7000,18AB590,114C7B0,114EEE0
object_geldb,18AC000,18B76F0,114EEE0,1155490
object_gr,18B8000,18C1C90,1155490,1158020
object_dog,18C2000,18C92A0,1158020,115B140
object_jya_iron,18CA000,18CC660,115B140,115BE00
object_jya_door,18CD000,18CF280,115BE00,115CA50
object_spot01_objects2,18D0000,18D0010,115CA50,115CA60
object_spot11_obj,18D1000,18D2A90,115CA60,115DB50
object_kibako2,18D3000,18D40C0,115DB50,115E700
object_dns,18D5000,18D87D0,115E700,1160750
object_dnk,18D9000,18DBE30,1160750,11620C0
object_gi_fire,18DC000,18DCFE0,11620C0,1162990
object_gi_insect,18DD000,18DDBF0,1162990,1162FC0
object_gi_butterfly,18DE000,18DEBD0,1162FC0,11635D0
object_gi_ghost,18DF000,18DFDB0,11635D0,1163E50
object_gi_soul,18E0000,18E0FB0,1163E50,1164560
object_bowl,18E1000,18E44F0,1164560,1165800
object_po_field,18E5000,18EBA40,1165800,1169230
object_demo_kekkai,18EC000,18FAD10,1169230,1170D20
object_efc_doughnut,18FB000,18FC050,1170D20,11714C0
object_gi_dekupouch,18FD000,18FE050,11714C0,1171DB0
object_ganon_anime1,18FF000,190AC40,1171DB0,117BFD0
object_ganon_anime2,190B000,191B530,117BFD0,1187CC0
object_ganon_anime3,191C000,19307F0,1187CC0,1196ED0
object_gi_rupy,1931000,1931800,1196ED0,1197250
object_spot01_matoya,1932000,1935C90,1197250,11998D0
object_spot01_matoyab,1936000,19381E0,11998D0,119AB90
object_po_composer,1939000,193FFA0,119AB90,119E6A0
object_mu,1940000,194AE50,119E6A0,11A3520
object_wf,194B000,1955500,11A3520,11A8630
object_skb,1956000,195A810,11A8630,11AB4D0
object_gj,195B000,1965720,11AB4D0,11B2640
object_geff,1966000,1966FB0,11B2640,11B31F0
object_haka_door,1967000,196A970,11B31F0,11B44F0
object_gs,196B000,196BA80,11B44F0,11B4E90
object_ps,196C000,1978900,11B4E90,11BA6E0
object_bwall,1979000,197A150,11BA6E0,11BB0A0
object_crow,197B000,197C0D0,11BB0A0,11BB750
object_cow,197D000,1981EB0,11BB750,11BDBC0
object_cob,1982000,1984210,11BDBC0,11BE720
object_gi_sword_1,1985000,1985D20,11BE720,11BED40
object_door_killer,1986000,1987BE0,11BED40,11BF390
object_ouke_haka,1988000,1988970,11BF390,11BFAD0
object_timeblock,1989000,1989B60,11BFAD0,11C03A0
object_zl4,198A000,19A6E20,11C03A0,11D0DB0
g_pn_01,19A7000,19A8B00,11D0DB0,11D1440
g_pn_02,19A9000,19AAB00,11D1440,11D19C0
g_pn_03,19AB000,19ACB00,11D19C0,11D2010
g_pn_04,19AD000,19AEB00,11D2010,11D2690
g_pn_05,19AF000,19B0B00,11D2690,11D2C70
g_pn_06,19B1000,19B2B00,11D2C70,11D3510
g_pn_07,19B3000,19B4B00,11D3510,11D3E60
g_pn_08,19B5000,19B6B00,11D3E60,11D46B0
g_pn_09,19B7000,19B8B00,11D46B0,11D4EC0
g_pn_10,19B9000,19BAB00,11D4EC0,11D5520
g_pn_11,19BB000,19BCB00,11D5520,11D5E90
g_pn_12,19BD000,19BEB00,11D5E90,11D64B0
g_pn_13,19BF000,19C0B00,11D64B0,11D6C70
g_pn_14,19C1000,19C2B00,11D6C70,11D72D0
g_pn_15,19C3000,19C4B00,11D72D0,11D77D0
g_pn_16,19C5000,19C6B00,11D77D0,11D7DF0
g_pn_17,19C7000,19C8B00,11D7DF0,11D82B0
g_pn_18,19C9000,19CAB00,11D82B0,11D8890
g_pn_19,19CB000,19CCB00,11D8890,11D8F90
g_pn_20,19CD000,19CEB00,11D8F90,11D9640
g_pn_21,19CF000,19D0B00,11D9640,11D9CA0
g_pn_22,19D1000,19D2B00,11D9CA0,11DA3F0
g_pn_23,19D3000,19D4B00,11DA3F0,11DA960
g_pn_24,19D5000,19D6B00,11DA960,11DADF0
g_pn_25,19D7000,19D8B00,11DADF0,11DB4E0
g_pn_26,19D9000,19DAB00,11DB4E0,11DBDB0
g_pn_27,19DB000,19DCB00,11DBDB0,11DC520
g_pn_28,19DD000,19DEB00,11DC520,11DCAD0
g_pn_29,19DF000,19E0B00,11DCAD0,11DCE70
g_pn_30,19E1000,19E2B00,11DCE70,11DD2E0
g_pn_31,19E3000,19E4B00,11DD2E0,11DDA00
g_pn_32,19E5000,19E6B00,11DDA00,11DE070
g_pn_33,19E7000,19E8B00,11DE070,11DE610
g_pn_34,19E9000,19EAB00,11DE610,11DEC30
g_pn_35,19EB000,19ECB00,11DEC30,11DF480
g_pn_36,19ED000,19EEB00,11DF480,11DFBC0
g_pn_37,19EF000,19F0B00,11DFBC0,11E0260
g_pn_38,19F1000,19F2B00,11E0260,11E09B0
g_pn_39,19F3000,19F4B00,11E09B0,11E1160
g_pn_40,19F5000,19F6B00,11E1160,11E1920
g_pn_41,19F7000,19F8B00,11E1920,11E1ED0
g_pn_42,19F9000,19FAB00,11E1ED0,11E25E0
g_pn_43,19FB000,19FCB00,11E25E0,11E2C50
g_pn_44,19FD000,19FEB00,11E2C50,11E3320
g_pn_45,19FF000,1A00B00,11E3320,11E3980
g_pn_46,1A01000,1A02B00,11E3980,11E3DD0
g_pn_47,1A03000,1A04B00,11E3DD0,11E4760
g_pn_48,1A05000,1A06B00,11E4760,11E4B40
g_pn_49,1A07000,1A08B00,11E4B40,11E5370
g_pn_50,1A09000,1A0AB00,11E5370,11E59D0
g_pn_51,1A0B000,1A0CB00,11E59D0,11E5FF0
g_pn_52,1A0D000,1A0EB00,11E5FF0,11E6640
g_pn_53,1A0F000,1A10B00,11E6640,11E6D80
g_pn_54,1A11000,1A12B00,11E6D80,11E7220
g_pn_55,1A13000,1A14B00,11E7220,11E7940
g_pn_56,1A15000,1A16B00,11E7940,11E8080
g_pn_57,1A17000,1A18B00,11E8080,11E8200
z_select_static,1A19000,1A1B200,11E8200,11E88C0
nintendo_rogo_static,1A1C000,1A1EDC0,11E88C0,11E9A40
title_static,1A1F000,1A585C0,11E9A40,1204AB0
parameter_static,1A59000,1A5CC00,1204AB0,1205900
vr_fine0_static,1A5D000,1A69000,1205900,1207B70
vr_fine0_pal_static,1A69000,1A69100,1207B70,0
vr_fine1_static,1A6A000,1A76000,1207C70,120CAE0
vr_fine1_pal_static,1A76000,1A76100,120CAE0,0
vr_fine2_static,1A77000,1A83000,120CBE0,1210E20
vr_fine2_pal_static,1A83000,1A83100,1210E20,0
vr_fine3_static,1A84000,1A90000,1210F20,1213EC0
vr_fine3_pal_static,1A90000,1A90100,1213EC0,0
vr_cloud0_static,1A91000,1A9D000,1213FC0,1219870
vr_cloud0_pal_static,1A9D000,1A9D100,1219870,0
vr_cloud1_static,1A9E000,1AAA000,1219970,121F520
vr_cloud1_pal_static,1AAA000,1AAA100,121F520,0
vr_cloud2_static,1AAB000,1AB7000,121F620,1225460
vr_cloud2_pal_static,1AB7000,1AB7100,1225460,0
vr_cloud3_static,1AB8000,1AC4000,1225560,1229730
vr_cloud3_pal_static,1AC4000,1AC4100,1229730,0
vr_holy0_static,1AC5000,1AD5000,1229830,122DBC0
vr_holy0_pal_static,1AD5000,1AD5100,122DBC0,0
vr_holy1_static,1AD6000,1AE6000,122DCC0,1231D20
vr_holy1_pal_static,1AE6000,1AE6100,1231D20,0
vr_MDVR_static,1AE7000,1B27000,1231E20,125A440
vr_MDVR_pal_static,1B27000,1B27800,125A440,0
vr_MNVR_static,1B28000,1B68000,125AC40,127C800
vr_MNVR_pal_static,1B68000,1B68800,127C800,0
vr_RUVR_static,1B69000,1BA9000,127D000,12AB990
vr_RUVR_pal_static,1BA9000,1BA9800,12AB990,0
vr_LHVR_static,1BAA000,1BEA000,12AC190,12DDB60
vr_LHVR_pal_static,1BEA000,1BEA800,12DDB60,0
vr_KHVR_static,1BEB000,1C2B000,12DE360,130E2F0
vr_KHVR_pal_static,1C2B000,1C2B800,130E2F0,0
vr_K3VR_static,1C2C000,1C5C000,130EAF0,1333400
vr_K3VR_pal_static,1C5C000,1C5C600,1333400,0
vr_K4VR_static,1C5D000,1C8D000,1333A00,1358620
vr_K4VR_pal_static,1C8D000,1C8D600,1358620,0
vr_K5VR_static,1C8E000,1CBE000,1358C20,137DB70
vr_K5VR_pal_static,1CBE000,1CBE600,137DB70,0
vr_SP1a_static,1CBF000,1CDF000,137E170,138AF40
vr_SP1a_pal_static,1CDF000,1CDF400,138AF40,0
vr_MLVR_static,1CE0000,1D20000,138B340,13BA9D0
vr_MLVR_pal_static,1D20000,1D20800,13BA9D0,0
vr_KKRVR_static,1D21000,1D61000,13BB1D0,13DAA70
vr_KKRVR_pal_static,1D61000,1D61800,13DAA70,0
vr_KR3VR_static,1D62000,1D92000,13DB270,13F4230
vr_KR3VR_pal_static,1D92000,1D92600,13F4230,0
vr_IPVR_static,1D93000,1DD3000,13F4830,1414090
vr_IPVR_pal_static,1DD3000,1DD3800,1414090,0
vr_KSVR_static,1DD4000,1DF4000,1414890,1428DA0
vr_KSVR_pal_static,1DF4000,1DF4400,1428DA0,0
vr_GLVR_static,1DF5000,1E15000,14291A0,143FED0
vr_GLVR_pal_static,1E15000,1E15400,143FED0,0
vr_ZRVR_static,1E16000,1E36000,14402D0,1453F40
vr_ZRVR_pal_static,1E36000,1E36400,1453F40,0
vr_DGVR_static,1E37000,1E57000,1454340,1466B30
vr_DGVR_pal_static,1E57000,1E57400,1466B30,0
vr_ALVR_static,1E58000,1E78000,1466F30,147BFB0
vr_ALVR_pal_static,1E78000,1E78400,147BFB0,0
vr_NSVR_static,1E79000,1E99000,147C3B0,148F7C0
vr_NSVR_pal_static,1E99000,1E99400,148F7C0,0
vr_LBVR_static,1E9A000,1EDA000,148FBC0,14B6A90
vr_LBVR_pal_static,1EDA000,1EDA800,14B6A90,0
vr_TTVR_static,1EDB000,1F0B000,14B7290,14D5100
vr_TTVR_pal_static,1F0B000,1F0B600,14D5100,0
vr_FCVR_static,1F0C000,1F2C000,14D5700,14E62D0
vr_FCVR_pal_static,1F2C000,1F2C400,14E62D0,0
elf_message_field,1F2D000,1F2D070,14E66D0,14E6750
elf_message_ydan,1F2E000,1F2E010,14E6750,14E6760
ydan_scene,1F2F000,1F3CA10,14E6760,14ED4A0
ydan_room_0,1F3D000,1F522F0,14ED4A0,14F89A0
ydan_room_1,1F53000,1F57150,14F89A0,14FB6D0
ydan_room_2,1F58000,1F5DE30,14FB6D0,14FF120
ydan_room_3,1F5E000,1F721A0,14FF120,150AE60
ydan_room_4,1F73000,1F77BD0,150AE60,150DE80
ydan_room_5,1F78000,1F80320,150DE80,1512C70
ydan_room_6,1F81000,1F85EC0,1512C70,1515FE0
ydan_room_7,1F86000,1F8E910,1515FE0,151BF20
ydan_room_8,1F8F000,1F8FD00,151BF20,151C640
ydan_room_9,1F90000,1F998A0,151C640,1523070
ydan_room_10,1F9A000,1F9ED80,1523070,1525DB0
ydan_room_11,1F9F000,1FA6170,1525DB0,1529930
ddan_scene,1FA7000,1FBC140,1529930,1533FB0
ddan_room_0,1FBD000,1FD88A0,1533FB0,153F290
ddan_room_1,1FD9000,1FE2B00,153F290,1543B20
ddan_room_2,1FE3000,1FEADA0,1543B20,1547840
ddan_room_3,1FEB000,1FF8DC0,1547840,154DB10
ddan_room_4,1FF9000,2002850,154DB10,1551BC0
ddan_room_5,2003000,2008EE0,1551BC0,1554820
ddan_room_6,2009000,200B400,1554820,1555C40
ddan_room_7,200C000,20136D0,1555C40,1558D90
ddan_room_8,2014000,201D400,1558D90,155DA00
ddan_room_9,201E000,2029550,155DA00,1562CF0
ddan_room_10,202A000,2031E50,1562CF0,1566CC0
ddan_room_11,2032000,2034080,1566CC0,1567DB0
ddan_room_12,2035000,203D730,1567DB0,156C040
ddan_room_13,203E000,2040480,156C040,156D4A0
ddan_room_14,2041000,2043490,156D4A0,156E8E0
ddan_room_15,2044000,2046850,156E8E0,156FF70
ddan_room_16,2047000,204C550,156FF70,1573510
bdan_scene,204D000,20627C0,1573510,157F0B0
bdan_room_0,2063000,2067070,157F0B0,1580E50
bdan_room_1,2068000,206DE90,1580E50,1582E00
bdan_room_2,206E000,20771D0,1582E00,15875D0
bdan_room_3,2078000,207F160,15875D0,158B470
bdan_room_4,2080000,2084050,158B470,158CEF0
bdan_room_5,2085000,208B020,158CEF0,15903A0
bdan_room_6,208C000,2090240,15903A0,1591BD0
bdan_room_7,2091000,2094520,1591BD0,15933B0
bdan_room_8,2095000,2098880,15933B0,15944E0
bdan_room_9,2099000,209CC70,15944E0,1595A20
bdan_room_10,209D000,20A0830,1595A20,1596B20
bdan_room_11,20A1000,20A4800,1596B20,1597C30
bdan_room_12,20A5000,20A8CD0,1597C30,15991B0
bdan_room_13,20A9000,20ABB50,15991B0,159AE20
bdan_room_14,20AC000,20B21E0,159AE20,159DF30
bdan_room_15,20B3000,20B56E0,159DF30,159EB40
Bmori1_scene,20B6000,20CBF90,159EB40,15A9320
Bmori1_room_0,20CC000,20D9BC0,15A9320,15B0AA0
Bmori1_room_1,20DA000,20DFB60,15B0AA0,15B3210
Bmori1_room_2,20E0000,20EFA30,15B3210,15B9480
Bmori1_room_3,20F0000,20F3A10,15B9480,15BAC90
Bmori1_room_4,20F4000,20F72B0,15BAC90,15BBDB0
Bmori1_room_5,20F8000,20FB5E0,15BBDB0,15BD550
Bmori1_room_6,20FC000,21054C0,15BD550,15C06C0
Bmori1_room_7,2106000,2119000,15C06C0,15C8B50
Bmori1_room_8,2119000,2130B70,15C8B50,15D25C0
Bmori1_room_9,2131000,213B190,15D25C0,15D67E0
Bmori1_room_10,213C000,21413E0,15D67E0,15D9630
Bmori1_room_11,2142000,214CBD0,15D9630,15DD000
Bmori1_room_12,214D000,21553E0,15DD000,15E0C00
Bmori1_room_13,2156000,215EAB0,15E0C00,15E4900
Bmori1_room_14,215F000,2164BB0,15E4900,15E7040
Bmori1_room_15,2165000,2167690,15E7040,15E85C0
Bmori1_room_16,2168000,216CFA0,15E85C0,15EA530
Bmori1_room_17,216D000,2176150,15EA530,15ED910
Bmori1_room_18,2177000,2178340,15ED910,15EE1A0
Bmori1_room_19,2179000,2179510,15EE1A0,15EE460
Bmori1_room_20,217A000,217B300,15EE460,15EEF90
Bmori1_room_21,217C000,217D780,15EEF90,15EF9F0
Bmori1_room_22,217E000,217FDE0,15EF9F0,15F0560
HIDAN_scene,2180000,219A970,15F0560,15FD330
HIDAN_room_0,219B000,21A22C0,15FD330,15FFFB0
HIDAN_room_1,21A3000,21AF9E0,15FFFB0,16050A0
HIDAN_room_2,21B0000,21BFFD0,16050A0,160AA90
HIDAN_room_3,21C0000,21C24E0,160AA90,160BBB0
HIDAN_room_4,21C3000,21CA890,160BBB0,160EAC0
HIDAN_room_5,21CB000,21D5230,160EAC0,1612010
HIDAN_room_6,21D6000,21DCFA0,1612010,1615160
HIDAN_room_7,21DD000,21E09E0,1615160,1616AA0
HIDAN_room_8,21E1000,21EAAC0,1616AA0,161AD40
HIDAN_room_9,21EB000,21F3770,161AD40,161E050
HIDAN_room_10,21F4000,220C4A0,161E050,1625EE0
HIDAN_room_11,220D000,22107C0,1625EE0,1627650
HIDAN_room_12,2211000,2213B80,1627650,1628750
HIDAN_room_13,2214000,2220BE0,1628750,162C710
HIDAN_room_14,2221000,2223260,162C710,162D6A0
HIDAN_room_15,2224000,22251D0,162D6A0,162DEA0
HIDAN_room_16,2226000,2231970,162DEA0,1632C00
HIDAN_room_17,2232000,223B140,1632C00,16361C0
HIDAN_room_18,223C000,223FB80,16361C0,1637D00
HIDAN_room_19,2240000,22441E0,1637D00,1639980
HIDAN_room_20,2245000,224BD10,1639980,163C870
HIDAN_room_21,224C000,22544C0,163C870,1640630
HIDAN_room_22,2255000,225BB00,1640630,1643420
HIDAN_room_23,225C000,2262D20,1643420,1646350
HIDAN_room_24,2263000,2268540,1646350,1648580
HIDAN_room_25,2269000,226FAE0,1648580,164B560
HIDAN_room_26,2270000,22768A0,164B560,164DC60
MIZUsin_scene,2277000,228CCF0,164DC60,16576C0
MIZUsin_room_0,228D000,22A2C80,16576C0,1660C90
MIZUsin_room_1,22A3000,22AD160,1660C90,1665000
MIZUsin_room_2,22AE000,22B3B90,1665000,1667D50
MIZUsin_room_3,22B4000,22BA710,1667D50,166ACE0
MIZUsin_room_4,22BB000,22C0FE0,166ACE0,166DC90
MIZUsin_room_5,22C1000,22CB5F0,166DC90,1673370
MIZUsin_room_6,22CC000,22D72C0,1673370,1678A50
MIZUsin_room_7,22D8000,22DD550,1678A50,167B340
MIZUsin_room_8,22DE000,22EBCD0,167B340,1682410
MIZUsin_room_9,22EC000,22F3FE0,1682410,1686170
MIZUsin_room_10,22F4000,22F9FB0,1686170,1688B70
MIZUsin_room_11,22FA000,22FE9B0,1688B70,168AF50
MIZUsin_room_12,22FF000,2305D90,168AF50,168DF00
MIZUsin_room_13,2306000,2306A00,168DF00,168E3D0
MIZUsin_room_14,2307000,230DE60,168E3D0,1691500
MIZUsin_room_15,230E000,2315430,1691500,1694F70
MIZUsin_room_16,2316000,2319AD0,1694F70,1697000
MIZUsin_room_17,231A000,2322A20,1697000,169A9E0
MIZUsin_room_18,2323000,23270C0,169A9E0,169CC10
MIZUsin_room_19,2328000,232B930,169CC10,169ED10
MIZUsin_room_20,232C000,2332740,169ED10,16A21E0
MIZUsin_room_21,2333000,233A4A0,16A21E0,16A58C0
MIZUsin_room_22,233B000,23440F0,16A58C0,16A98D0
jyasinzou_scene,2345000,235EB40,16A98D0,16B6A60
jyasinzou_room_0,235F000,236FF40,16B6A60,16BDB50
jyasinzou_room_1,2370000,2379300,16BDB50,16C1740
jyasinzou_room_2,237A000,237FC10,16C1740,16C3A60
jyasinzou_room_3,2380000,2383B50,16C3A60,16C5850
jyasinzou_room_4,2384000,238B270,16C5850,16C90E0
jyasinzou_room_5,238C000,23A3F40,16C90E0,16D3390
jyasinzou_room_6,23A4000,23A8800,16D3390,16D4E60
jyasinzou_room_7,23A9000,23AE510,16D4E60,16D6FA0
jyasinzou_room_8,23AF000,23B7070,16D6FA0,16DA2C0
jyasinzou_room_9,23B8000,23BDDF0,16DA2C0,16DC690
jyasinzou_room_10,23BE000,23C61A0,16DC690,16DFA00
jyasinzou_room_11,23C7000,23C8010,16DFA00,16E0290
jyasinzou_room_12,23C9000,23CB060,16E0290,16E1370
jyasinzou_room_13,23CC000,23D1850,16E1370,16E4110
jyasinzou_room_14,23D2000,23D6C90,16E4110,16E60D0
jyasinzou_room_15,23D7000,23DF470,16E60D0,16E9500
jyasinzou_room_16,23E0000,23E6190,16E9500,16EBB80
jyasinzou_room_17,23E7000,23F0610,16EBB80,16EF160
jyasinzou_room_18,23F1000,23F6CB0,16EF160,16F16F0
jyasinzou_room_19,23F7000,23FCDE0,16F16F0,16F3AA0
jyasinzou_room_20,23FD000,24051C0,16F3AA0,16F6E10
jyasinzou_room_21,2406000,240A650,16F6E10,16F8D20
jyasinzou_room_22,240B000,240E0D0,16F8D20,16FA490
jyasinzou_room_23,240F000,2418190,16FA490,16FE3D0
jyasinzou_room_24,2419000,241F4B0,16FE3D0,1700B10
jyasinzou_room_25,2420000,2435B70,1700B10,170A450
jyasinzou_room_26,2436000,2442B20,170A450,17100A0
jyasinzou_room_27,2443000,24486C0,17100A0,1711920
jyasinzou_room_28,2449000,2451A20,1711920,1715410
HAKAdan_scene,2452000,246A3C0,1715410,1721200
HAKAdan_room_0,246B000,24760C0,1721200,1724480
HAKAdan_room_1,2477000,2478AC0,1724480,1725130
HAKAdan_room_2,2479000,2483910,1725130,17299D0
HAKAdan_room_3,2484000,2486940,17299D0,172B090
HAKAdan_room_4,2487000,2488C40,172B090,172BDB0
HAKAdan_room_5,2489000,248EA60,172BDB0,172E320
HAKAdan_room_6,248F000,2496570,172E320,17310C0
HAKAdan_room_7,2497000,2498AB0,17310C0,1731D60
HAKAdan_room_8,2499000,249E060,1731D60,1733E80
HAKAdan_room_9,249F000,24ABB60,1733E80,1738FB0
HAKAdan_room_10,24AC000,24B37A0,1738FB0,173C1C0
HAKAdan_room_11,24B4000,24B7D40,173C1C0,173E080
HAKAdan_room_12,24B8000,24BD720,173E080,17405F0
HAKAdan_room_13,24BE000,24BEFB0,17405F0,1740F40
HAKAdan_room_14,24BF000,24C4940,1740F40,1743580
HAKAdan_room_15,24C5000,24CC270,1743580,1745DD0
HAKAdan_room_16,24CD000,24CF880,1745DD0,1747070
HAKAdan_room_17,24D0000,24D2CD0,1747070,1748650
HAKAdan_room_18,24D3000,24E0280,1748650,174C050
HAKAdan_room_19,24E1000,24E3D20,174C050,174D7F0
HAKAdan_room_20,24E4000,24E5E20,174D7F0,174E5F0
HAKAdan_room_21,24E6000,24F14B0,174E5F0,1753370
HAKAdan_room_22,24F2000,24F49A0,1753370,1754AA0
HAKAdanCH_scene,24F5000,2501560,1754AA0,175AF80
HAKAdanCH_room_0,2502000,25175F0,175AF80,1763A50
HAKAdanCH_room_1,2518000,25232D0,1763A50,1767940
HAKAdanCH_room_2,2524000,2527190,1767940,1768AB0
HAKAdanCH_room_3,2528000,2529C60,1768AB0,17696D0
HAKAdanCH_room_4,252A000,252C450,17696D0,176AA50
HAKAdanCH_room_5,252D000,252F960,176AA50,176BF60
HAKAdanCH_room_6,2530000,2532E80,176BF60,176DD40
ice_doukutu_scene,2533000,25445F0,176DD40,1779A70
ice_doukutu_room_0,2545000,254D660,1779A70,177E700
ice_doukutu_room_1,254E000,255A540,177E700,1785B90
ice_doukutu_room_2,255B000,2560AF0,1785B90,1789A20
ice_doukutu_room_3,2561000,2569080,1789A20,178E830
ice_doukutu_room_4,256A000,2571670,178E830,1793550
ice_doukutu_room_5,2572000,257A890,1793550,1798500
ice_doukutu_room_6,257B000,257F260,1798500,179ACC0
ice_doukutu_room_7,2580000,25858F0,179ACC0,179D8F0
ice_doukutu_room_8,2586000,2587950,179D8F0,179E590
ice_doukutu_room_9,2588000,2590650,179E590,17A2A80
ice_doukutu_room_10,2591000,25953E0,17A2A80,17A5A20
ice_doukutu_room_11,2596000,259B900,17A5A20,17A8D20
men_scene,259C000,25AD530,17A8D20,17B2660
men_room_0,25AE000,25BDF90,17B2660,17BA4A0
men_room_1,25BE000,25C7290,17BA4A0,17BEEE0
men_room_2,25C8000,25CCF80,17BEEE0,17C10F0
men_room_3,25CD000,25D4C20,17C10F0,17C5150
men_room_4,25D5000,25DF150,17C5150,17CADC0
men_room_5,25E0000,25E50E0,17CADC0,17CDBF0
men_room_6,25E6000,25EDF40,17CDBF0,17D2000
men_room_7,25EE000,25F6330,17D2000,17D6810
men_room_8,25F7000,25FF210,17D6810,17D9570
men_room_9,2600000,26038F0,17D9570,17DB160
men_room_10,2604000,2609C60,17DB160,17DE530
ganontika_scene,260A000,262B7C0,17DE530,17EF8F0
ganontika_room_0,262C000,26351C0,17EF8F0,17F24D0
ganontika_room_1,2636000,26529B0,17F24D0,17FD670
ganontika_room_2,2653000,265A7E0,17FD670,1800C00
ganontika_room_3,265B000,2664990,1800C00,18051A0
ganontika_room_4,2665000,266CC90,18051A0,18083C0
ganontika_room_5,266D000,2674540,18083C0,180B2C0
ganontika_room_6,2675000,2684BF0,180B2C0,180FC10
ganontika_room_7,2685000,268CC90,180FC10,1812FC0
ganontika_room_8,268D000,2696070,1812FC0,1816400
ganontika_room_9,2697000,26A2890,1816400,18197A0
ganontika_room_10,26A3000,26A9B70,18197A0,181C010
ganontika_room_11,26AA000,26B0950,181C010,181E810
ganontika_room_12,26B1000,26BC370,181E810,1822A00
ganontika_room_13,26BD000,26C4D40,1822A00,1825E00
ganontika_room_14,26C5000,26CF1A0,1825E00,1829140
ganontika_room_15,26D0000,26D7D40,1829140,182C550
ganontika_room_16,26D8000,26DAE20,182C550,182D4C0
ganontika_room_17,26DB000,26E36A0,182D4C0,182FD10
ganontika_room_18,26E4000,26F0670,182FD10,1833C90
ganontika_room_19,26F1000,26F8D40,1833C90,1837060
spot00_scene,26F9000,2723220,1837060,184CC20
spot00_room_0,2724000,2739230,184CC20,1854360
spot01_scene,273A000,2756150,1854360,18649D0
spot01_room_0,2757000,2760EE0,18649D0,1868460
spot02_scene,2761000,276CC80,1868460,186E350
spot02_room_0,276D000,276F6E0,186E350,186EF50
spot02_room_1,2770000,278DF90,186EF50,187E880
spot03_scene,278E000,2799560,187E880,1885980
spot03_room_0,279A000,27A7980,1885980,188BA30
spot03_room_1,27A8000,27AF500,188BA30,188F460
spot04_scene,27B0000,27C1240,188F460,1898DD0
spot04_room_0,27C2000,27DD490,1898DD0,18A63B0
spot04_room_1,27DE000,27E6580,18A63B0,18AA860
spot04_room_2,27E7000,27EC070,18AA860,18AD1A0
spot05_scene,27ED000,2801D60,18AD1A0,18B8E70
spot05_room_0,2802000,280BF00,18B8E70,18BC430
spot06_scene,280C000,2827430,18BC430,18CC850
spot06_room_0,2828000,2832620,18CC850,18D0970
spot07_scene,2833000,283C820,18D0970,18D6860
spot07_room_0,283D000,28432F0,18D6860,18D8C70
spot07_room_1,2844000,28509A0,18D8C70,18DE4A0
spot08_scene,2851000,28626A0,18DE4A0,18E9AC0
spot08_room_0,2863000,286B160,18E9AC0,18ECD90
spot09_scene,286C000,287D160,18ECD90,18F65D0
spot09_room_0,287E000,28867C0,18F65D0,18F9870
spot10_scene,2887000,2897430,18F9870,19028A0
spot10_room_0,2898000,289A5F0,19028A0,1903580
spot10_room_1,289B000,28A3430,1903580,19073F0
spot10_room_2,28A4000,28A8BF0,19073F0,1909600
spot10_room_3,28A9000,28AEAB0,1909600,190C120
spot10_room_4,28AF000,28B14D0,190C120,190CD10
spot10_room_5,28B2000,28B8FF0,190CD10,190FA80
spot10_room_6,28B9000,28BCAF0,190FA80,19119C0
spot10_room_7,28BD000,28BF5C0,19119C0,19125F0
spot10_room_8,28C0000,28C2670,19125F0,1913270
spot10_room_9,28C3000,28C6BE0,1913270,1914F80
spot11_scene,28C7000,28E04E0,1914F80,1924390
spot11_room_0,28E1000,28ED7C0,1924390,1929B60
spot12_scene,28EE000,28FDE80,1929B60,1932680
spot12_room_0,28FE000,290F5C0,1932680,193A0D0
spot12_room_1,2910000,291C0A0,193A0D0,1940020
spot13_scene,291D000,2922E30,1940020,19437C0
spot13_room_0,2923000,2923910,19437C0,1943C40
spot13_room_1,2924000,2936A40,1943C40,194D3A0
spot15_scene,2937000,294F500,194D3A0,195BA10
spot15_room_0,2950000,295D1C0,195BA10,1960590
spot16_scene,295E000,297CA90,1960590,1973FD0
spot16_room_0,297D000,2987D10,1973FD0,19787E0
spot17_scene,2988000,2997EE0,19787E0,1981D20
spot17_room_0,2998000,299E880,1981D20,1984B20
spot17_room_1,299F000,29B1360,1984B20,198C070
spot18_scene,29B2000,29BC450,198C070,1991990
spot18_room_0,29BD000,29CF7D0,1991990,1999740
spot18_room_1,29D0000,29D6200,1999740,199CD80
spot18_room_2,29D7000,29E89B0,199CD80,19A4FB0
spot18_room_3,29E9000,2A06CF0,19A4FB0,19B1D00
market_day_scene,2A07000,2A09670,19B1D00,19B2D90
market_day_room_0,2A0A000,2A0F870,19B2D90,19B3F30
market_night_scene,2A10000,2A12630,19B3F30,19B4F80
market_night_room_0,2A13000,2A187A0,19B4F80,19B6090
kenjyanoma_scene,2A19000,2A1C8F0,19B6090,19B7390
kenjyanoma_room_0,2A1D000,2A30110,19B7390,19BFA50
tokinoma_scene,2A31000,2A437A0,19BFA50,19C6520
tokinoma_room_0,2A44000,2A5B1E0,19C6520,19CCA80
tokinoma_room_1,2A5C000,2A630D0,19CCA80,19CF0D0
link_home_scene,2A64000,2A65B60,19CF0D0,19CFAF0
link_home_room_0,2A66000,2A8DC80,19CFAF0,19D6130
kokiri_shop_scene,2A8E000,2A8E980,19D6130,19D65B0
kokiri_shop_room_0,2A8F000,2ABFC90,19D65B0,19DD030
kokiri_home_scene,2AC0000,2AC0CC0,19DD030,19DD610
kokiri_home_room_0,2AC1000,2AECC30,19DD610,19E4B30
kakusiana_scene,2AED000,2AFA820,19E4B30,19ED250
kakusiana_room_0,2AFB000,2B022A0,19ED250,19F11F0
kakusiana_room_1,2B03000,2B08190,19F11F0,19F4410
kakusiana_room_2,2B09000,2B0B8C0,19F4410,19F5A90
kakusiana_room_3,2B0C000,2B11130,19F5A90,19F8CB0
kakusiana_room_4,2B12000,2B19960,19F8CB0,19FDBE0
kakusiana_room_5,2B1A000,2B1E6E0,19FDBE0,1A01000
kakusiana_room_6,2B1F000,2B24A70,1A01000,1A040D0
kakusiana_room_7,2B25000,2B28FD0,1A040D0,1A06850
kakusiana_room_8,2B29000,2B2C630,1A06850,1A08360
kakusiana_room_9,2B2D000,2B32AD0,1A08360,1A0B450
kakusiana_room_10,2B33000,2B38A30,1A0B450,1A0F100
kakusiana_room_11,2B39000,2B416B0,1A0F100,1A13900
kakusiana_room_12,2B42000,2B49E50,1A13900,1A17EB0
kakusiana_room_13,2B4A000,2B50ED0,1A17EB0,1A1C910
entra_scene,2B51000,2B513E0,1A1C910,1A1CB00
entra_room_0,2B52000,2B77B70,1A1CB00,1A230F0
moribossroom_scene,2B78000,2B79900,1A230F0,1A24220
moribossroom_room_0,2B7A000,2B7FEC0,1A24220,1A273D0
moribossroom_room_1,2B80000,2B8DAB0,1A273D0,1A2D5A0
syatekijyou_scene,2B8E000,2B9A2C0,1A2D5A0,1A33AC0
syatekijyou_room_0,2B9B000,2BA26F0,1A33AC0,1A35B20
shop1_scene,2BA3000,2BA32F0,1A35B20,1A35C90
shop1_room_0,2BA4000,2BCD7B0,1A35C90,1A3A6B0
hairal_niwa_scene,2BCE000,2BDF390,1A3A6B0,1A43E90
hairal_niwa_room_0,2BE0000,2BEA8E0,1A43E90,1A47010
ganon_tou_scene,2BEB000,2BEFB70,1A47010,1A49E40
ganon_tou_room_0,2BF0000,2C03AF0,1A49E40,1A54700
market_alley_scene,2C04000,2C05250,1A54700,1A54E90
market_alley_room_0,2C06000,2C7B700,1A54E90,1A638B0
spot20_scene,2C7C000,2C8DDC0,1A638B0,1A6D110
spot20_room_0,2C8E000,2C946D0,1A6D110,1A6F320
market_ruins_scene,2C95000,2C96630,1A6F320,1A6FCD0
market_ruins_room_0,2C97000,2C99820,1A6FCD0,1A704C0
entra_n_scene,2C9A000,2C9A430,1A704C0,1A706E0
entra_n_room_0,2C9B000,2CC0B70,1A706E0,1A74B20
enrui_scene,2CC1000,2CC13E0,1A74B20,1A74D20
enrui_room_0,2CC2000,2CE7B60,1A74D20,1A7A500
market_alley_n_scene,2CE8000,2CE92F0,1A7A500,1A7AD00
market_alley_n_room_0,2CEA000,2D5F6F0,1A7AD00,1A85950
hiral_demo_scene,2D60000,2D63D50,1A85950,1A86D10
hiral_demo_room_0,2D64000,2D64640,1A86D10,1A86E90
kokiri_home3_scene,2D65000,2D667A0,1A86E90,1A878F0
kokiri_home3_room_0,2D67000,2D9D610,1A878F0,1A90F70
malon_stable_scene,2D9E000,2D9E670,1A90F70,1A91250
malon_stable_room_0,2D9F000,2DCD250,1A91250,1A97870
kakariko_scene,2DCE000,2DCEEA0,1A97870,1A97F30
kakariko_room_0,2DCF000,2DF9FC0,1A97F30,1A9CB20
bdan_boss_scene,2DFA000,2DFAE40,1A9CB20,1A9D2C0
bdan_boss_room_0,2DFB000,2DFE020,1A9D2C0,1A9EC80
bdan_boss_room_1,2DFF000,2E040C0,1A9EC80,1AA1140
FIRE_bs_scene,2E05000,2E09C00,1AA1140,1AA3880
FIRE_bs_room_0,2E0A000,2E0E270,1AA3880,1AA5850
FIRE_bs_room_1,2E0F000,2E15FE0,1AA5850,1AA8AB0
hut_scene,2E16000,2E16510,1AA8AB0,1AA8D20
hut_room_0,2E17000,2E405A0,1AA8D20,1AAD1F0
daiyousei_izumi_scene,2E41000,2E4F000,1AAD1F0,1AB2D10
daiyousei_izumi_room_0,2E4F000,2E52910,1AB2D10,1AB40A0
hakaana_scene,2E53000,2E53A90,1AB40A0,1AB45A0
hakaana_room_0,2E54000,2E5B8D0,1AB45A0,1AB8160
yousei_izumi_tate_scene,2E5C000,2E64810,1AB8160,1ABD2D0
yousei_izumi_tate_room_0,2E65000,2E692D0,1ABD2D0,1ABEA30
yousei_izumi_yoko_scene,2E6A000,2E76DA0,1ABEA30,1AC39E0
yousei_izumi_yoko_room_0,2E77000,2E7B010,1AC39E0,1AC5030
golon_scene,2E7C000,2E7C3A0,1AC5030,1AC5220
golon_room_0,2E7D000,2EA31D0,1AC5220,1AC90A0
zoora_scene,2EA4000,2EA4390,1AC90A0,1AC9280
zoora_room_0,2EA5000,2ECB1E0,1AC9280,1ACD8E0
drag_scene,2ECC000,2ECC3F0,1ACD8E0,1ACDAD0
drag_room_0,2ECD000,2EF8E60,1ACDAD0,1AD2F20
alley_shop_scene,2EF9000,2EF95B0,1AD2F20,1AD31F0
alley_shop_room_0,2EFA000,2F20C30,1AD31F0,1AD7380
night_shop_scene,2F21000,2F21670,1AD7380,1AD76C0
night_shop_room_0,2F22000,2F4A960,1AD76C0,1ADBEA0
impa_scene,2F4B000,2F4BD10,1ADBEA0,1ADC450
impa_room_0,2F4C000,2F72FA0,1ADC450,1AE01F0
labo_scene,2F73000,2F73EF0,1AE01F0,1AE0860
labo_room_0,2F74000,2FA06F0,1AE0860,1AE6820
tent_scene,2FA1000,2FA1680,1AE6820,1AE6B30
tent_room_0,2FA2000,2FD56A0,1AE6B30,1AEE960
nakaniwa_scene,2FD6000,2FD9A20,1AEE960,1AEFDC0
nakaniwa_room_0,2FDA000,2FF1EC0,1AEFDC0,1AFC3A0
ddan_boss_scene,2FF2000,2FF4860,1AFC3A0,1AFE200
ddan_boss_room_0,2FF5000,2FF9E30,1AFE200,1B00180
ddan_boss_room_1,2FFA000,2FFDDE0,1B00180,1B02450
ydan_boss_scene,2FFE000,2FFF740,1B02450,1B03470
ydan_boss_room_0,3000000,3006FF0,1B03470,1B086E0
ydan_boss_room_1,3007000,300D7F0,1B086E0,1B0BBB0
HAKAdan_bs_scene,300E000,3010780,1B0BBB0,1B0D3D0
HAKAdan_bs_room_0,3011000,30139E0,1B0D3D0,1B0E240
HAKAdan_bs_room_1,3014000,3019F50,1B0E240,1B11390
MIZUsin_bs_scene,301A000,301BA60,1B11390,1B11F10
MIZUsin_bs_room_0,301C000,3020470,1B11F10,1B14570
MIZUsin_bs_room_1,3021000,302C2F0,1B14570,1B19380
ganon_scene,302D000,303D7B0,1B19380,1B213C0
ganon_room_0,303E000,3045ED0,1B213C0,1B24140
ganon_room_1,3046000,304D770,1B24140,1B26590
ganon_room_2,304E000,3055850,1B26590,1B29150
ganon_room_3,3056000,305D730,1B29150,1B2B890
ganon_room_4,305E000,30670D0,1B2B890,1B2F420
ganon_room_5,3068000,3070B10,1B2F420,1B32870
ganon_room_6,3071000,307ABA0,1B32870,1B36370
ganon_room_7,307B000,30857A0,1B36370,1B39D80
ganon_room_8,3086000,308CBE0,1B39D80,1B3C700
ganon_room_9,308D000,3092920,1B3C700,1B3FAE0
ganon_boss_scene,3093000,309AC20,1B3FAE0,1B44D60
ganon_boss_room_0,309B000,30A0E80,1B44D60,1B46130
jyasinboss_scene,30A1000,30A9CF0,1B46130,1B49E20
jyasinboss_room_0,30AA000,30AAFD0,1B49E20,1B4A560
jyasinboss_room_1,30AB000,30B2E40,1B4A560,1B4DA40
jyasinboss_room_2,30B3000,30B6DC0,1B4DA40,1B4F0C0
jyasinboss_room_3,30B7000,30C2700,1B4F0C0,1B55300
kokiri_home4_scene,30C3000,30C4AB0,1B55300,1B55F60
kokiri_home4_room_0,30C5000,30FD950,1B55F60,1B61140
kokiri_home5_scene,30FE000,30FF410,1B61140,1B61A70
kokiri_home5_room_0,3100000,3130F60,1B61A70,1B69ED0
ganon_final_scene,3131000,3143180,1B69ED0,1B75850
ganon_final_room_0,3144000,3150EB0,1B75850,1B799E0
kakariko3_scene,3151000,3151840,1B799E0,1B79DA0
kakariko3_room_0,3152000,317C580,1B79DA0,1B7F640
hakasitarelay_scene,317D000,318B270,1B7F640,1B871A0
hakasitarelay_room_0,318C000,31932C0,1B871A0,1B8ADC0
hakasitarelay_room_1,3194000,319A720,1B8ADC0,1B8E050
hakasitarelay_room_2,319B000,31A34B0,1B8E050,1B92070
hakasitarelay_room_3,31A4000,31ACCE0,1B92070,1B96DB0
hakasitarelay_room_4,31AD000,31B1480,1B96DB0,1B99B70
hakasitarelay_room_5,31B2000,31B6450,1B99B70,1B9C510
hakasitarelay_room_6,31B7000,31BEAB0,1B9C510,1BA09C0
shrine_scene,31BF000,31C04E0,1BA09C0,1BA12C0
shrine_room_0,31C1000,3213AF0,1BA12C0,1BACC60
turibori_scene,3214000,32266E0,1BACC60,1BB7620
turibori_room_0,3227000,322D760,1BB7620,1BB9E00
shrine_n_scene,322E000,322F500,1BB9E00,1BBA700
shrine_n_room_0,3230000,3282B10,1BBA700,1BC3170
shrine_r_scene,3283000,3284490,1BC3170,1BC3A20
shrine_r_room_0,3285000,32D7AF0,1BC3A20,1BCC840
hakaana2_scene,32D8000,32E5090,1BCC840,1BD4F10
hakaana2_room_0,32E6000,32EC810,1BD4F10,1BD7250
gerudoway_scene,32ED000,32FA920,1BD7250,1BDDD60
gerudoway_room_0,32FB000,32FFD40,1BDDD60,1BDFDB0
gerudoway_room_1,3300000,33072B0,1BDFDB0,1BE2DB0
gerudoway_room_2,3308000,330BE50,1BE2DB0,1BE4340
gerudoway_room_3,330C000,3317310,1BE4340,1BE88B0
gerudoway_room_4,3318000,331B920,1BE88B0,1BE9D90
gerudoway_room_5,331C000,3320E40,1BE9D90,1BEB7C0
hairal_niwa_n_scene,3321000,332A0F0,1BEB7C0,1BF0FE0
hairal_niwa_n_room_0,332B000,332E620,1BF0FE0,1BF1F90
bowling_scene,332F000,333DB20,1BF1F90,1BF96C0
bowling_room_0,333E000,33441E0,1BF96C0,1BFB6A0
hakaana_ouke_scene,3345000,3349AE0,1BFB6A0,1BFDD20
hakaana_ouke_room_0,334A000,3354800,1BFDD20,1C01E10
hakaana_ouke_room_1,3355000,3359800,1C01E10,1C04120
hakaana_ouke_room_2,335A000,3360110,1C04120,1C07760
hylia_labo_scene,3361000,3372090,1C07760,1C0FD70
hylia_labo_room_0,3373000,337A5D0,1C0FD70,1C122A0
souko_scene,337B000,3381C10,1C122A0,1C15720
souko_room_0,3382000,338B540,1C15720,1C19CE0
souko_room_1,338C000,3396430,1C19CE0,1C1E5F0
souko_room_2,3397000,339F180,1C1E5F0,1C21FD0
miharigoya_scene,33A0000,33AC550,1C21FD0,1C285C0
miharigoya_room_0,33AD000,33B0DB0,1C285C0,1C29880
mahouya_scene,33B1000,33BBA20,1C29880,1C2FD30
mahouya_room_0,33BC000,33C2A90,1C2FD30,1C31EF0
takaraya_scene,33C3000,33CA1B0,1C31EF0,1C352D0
takaraya_room_0,33CB000,33D4DC0,1C352D0,1C39BE0
takaraya_room_1,33D5000,33D7000,1C39BE0,1C3A900
takaraya_room_2,33D7000,33D9030,1C3A900,1C3B640
takaraya_room_3,33DA000,33DC820,1C3B640,1C3C900
takaraya_room_4,33DD000,33E0020,1C3C900,1C3E080
takaraya_room_5,33E1000,33E4000,1C3E080,1C3F800
takaraya_room_6,33E4000,33E6B00,1C3F800,1C40BC0
ganon_sonogo_scene,33E7000,33EEF10,1C40BC0,1C44760
ganon_sonogo_room_0,33EF000,33F6E80,1C44760,1C476A0
ganon_sonogo_room_1,33F7000,33FEBB0,1C476A0,1C4A4B0
ganon_sonogo_room_2,33FF000,3407CA0,1C4A4B0,1C4E180
ganon_sonogo_room_3,3408000,340D640,1C4E180,1C50120
ganon_sonogo_room_4,340E000,3416CF0,1C50120,1C53CD0
ganon_demo_scene,3417000,3420070,1C53CD0,1C5A350
ganon_demo_room_0,3421000,3425150,1C5A350,1C5C100
face_shop_scene,3426000,3426370,1C5C100,1C5C2D0
face_shop_room_0,3427000,3455640,1C5C2D0,1C63240
kinsuta_scene,3456000,3457610,1C63240,1C63D10
kinsuta_room_0,3458000,34660A0,1C63D10,1C6C810
ganontikasonogo_scene,3467000,346BB00,1C6C810,1C6ED10
ganontikasonogo_room_0,346C000,3483B80,1C6ED10,1C78160
ganontikasonogo_room_1,3484000,348DF20,1C78160,1C7B960
bump_texture_static,348E000,348E400,1C7B960,1C7BBB0
anime_model_1_static,348F000,348F010,1C7BBB0,1C7BBC0
anime_model_2_static,3490000,3490010,1C7BBC0,1C7BBD0
anime_model_3_static,3491000,3491010,1C7BBD0,1C7BBE0
anime_model_4_static,3492000,3492010,1C7BBE0,1C7BBF0
anime_model_5_static,3493000,3493010,1C7BBF0,1C7BC00
anime_model_6_static,3494000,3494010,1C7BC00,1C7BC10
anime_texture_1_static,3495000,3495010,1C7BC10,1C7BC20
anime_texture_2_static,3496000,3496010,1C7BC20,1C7BC30
anime_texture_3_static,3497000,3497010,1C7BC30,1C7BC40
anime_texture_4_static,3498000,3498010,1C7BC40,1C7BC50
anime_texture_5_static,3499000,3499010,1C7BC50,1C7BC60
anime_texture_6_static,349A000,349A010,1C7BC60,1C7BC70
softsprite_matrix_static,349B000,349B040,1C7BC70,1C7BC90
