makerom,0,1060,0,0
boot,1060,1AE90,1060,0
dmadata,1AE90,211C0,1AE90,0
Audiobank,211C0,475B0,211C0,0
Audioseq,475B0,98A30,475B0,0
Audiotable,98A30,5E11A0,98A30,0
link_animetion,5E11A0,8E99A0,5E11A0,0
icon_item_static_old,8EA000,97FEC0,FFFFFFFF,FFFFFFFF
icon_item_24_static_old,980000,987700,FFFFFFFF,FFFFFFFF
icon_item_field_static,988000,99CAF0,8E99A0,8F3CC0
icon_item_dungeon_static,99D000,9A1B80,8F3CC0,8F5060
icon_item_gameover_static,9A2000,9A5300,8F5060,8F6760
nes_map_name_static,9A6000,9ADA00,8F6760,8F9C40
ger_map_name_static,9AE000,9B5D00,8F9C40,8FD1C0
fra_map_name_static,9B6000,9BDC00,8FD1C0,900920
esp_map_name_static,9BE000,9C5C00,900920,903EF0
icon_item_vtx_static,9C6000,9C62E0,903EF0,903FE0
map_i_static,9C7000,9C8310,903FE0,0
map_grand_static,9C8310,9D1660,9052F0,0
nes_item_name_static,9D1660,9DF2F0,90E640,0
ger_item_name_static,9DF2F0,9EBD40,91C2D0,0
fra_item_name_static,9EBD40,9F94E0,928D20,0
esp_item_name_static,9F94E0,A06F20,9364C0,0
DBG_00A02F20,A06F20,A08840,943F00,0
DBG_00A04840,A08840,A0A330,945820,0
DBG_00A06330,A0A330,A0C200,947310,0
DBG_00A08200,A0C200,A0DE70,9491E0,0
icon_item_static,A0DE70,A53120,94AE50,0
icon_item_24_static,A53120,A579E0,990100,0
schedule_dma_static_old,A579E0,A62C00,FFFFFFFF,FFFFFFFF
schedule_dma_static,A63000,A69A10,9949C0,0
schedule_static,A69A10,A700E0,99B3D0,99D630
story_static,A71000,A96C00,99D630,9B8AD0
nes_do_action_static,A97000,A9AF00,9B8AD0,0
ger_do_action_static,A9B000,A9EF00,9BC9D0,0
fra_do_action_static,A9F000,AA2F00,9C08D0,0
esp_do_action_static,AA3000,AA6F00,9C47D0,0
message_static,AA7000,AAC180,9C86D0,0
message_texture_static,AAD000,AAE200,9CD850,0
nes_font_static,AAF000,AB3E00,9CEA50,0
nes_message_data_static,AB4000,B1DAE0,9D3850,0
ger_message_data_static,B1E000,B92E00,A3D330,0
fra_message_data_static,B93000,C040D0,AB2130,0
esp_message_data_static,C05000,C73600,B23200,0
staff_message_data_static,C74000,C74E80,B91800,0
nes_message_table_static,C75000,C7DF70,B92680,0
ger_message_table_static,C7E000,C86D00,B9B5F0,0
fra_message_table_static,C87000,C8FCE0,BA42F0,0
esp_message_table_static,C90000,C98CE0,BACFD0,0
code,C99000,DCC820,BB5CB0,C6C090
ovl_title,DCC820,DCD0A0,C6C090,C6C6F0
ovl_select,DCD0A0,DD0580,C6C6F0,C6E630
ovl_opening,DD0580,DD07A0,C6E630,C6E810
ovl_file_choose,DD07A0,DE2C50,C6E810,C78F20
ovl_daytelop,DE2C50,DE4010,C78F20,C796F0
ovl_kaleido_scope,DE4010,DF9160,C796F0,C86020
ovl_Player_Actor,DF9160,E2E200,C86020,CA9C80
ovl_En_Test,E2E200,E2EF00,CA9C80,CAA710
ovl_En_GirlA,E2EF00,E30A00,CAA710,CAB3D0
ovl_En_Part,E30A00,E31020,CAB3D0,CAB920
ovl_En_Light,E31020,E31E90,CAB920,CAC320
ovl_En_Door,E31E90,E33250,CAC320,CAD2B0
ovl_En_Box,E33250,E35410,CAD2B0,CAEB50
ovl_En_Pametfrog,E35410,E394A0,CAEB50,CB15D0
ovl_En_Okuta,E394A0,E3C430,CB15D0,CB3710
ovl_En_Bom,E3C430,E3FCD0,CB3710,CB5BB0
ovl_En_Wallmas,E3FCD0,E41B30,CB5BB0,CB7130
ovl_En_Dodongo,E41B30,E44BB0,CB7130,CB9370
ovl_En_Firefly,E44BB0,E46BF0,CB9370,CBA9C0
ovl_En_Horse,E46BF0,E55700,CBA9C0,CC3350
ovl_En_Arrow,E55700,E579D0,CC3350,CC4C00
ovl_En_Elf,E579D0,E5C520,CC4C00,CC7F60
ovl_En_Niw,E5C520,E5ECB0,CC7F60,CC9CC0
ovl_En_Tite,E5ECB0,E623F0,CC9CC0,CCC200
ovl_En_Peehat,E623F0,E64E20,CCC200,CCDF10
ovl_En_Holl,E64E20,E65BA0,CCDF10,CCE950
ovl_En_Dinofos,E65BA0,E69DA0,CCE950,CD14E0
ovl_En_Hata,E69DA0,E6A250,CD14E0,CD1910
ovl_En_Zl1,E6A250,E6A2E0,CD1910,CD1970
ovl_En_Viewer,E6A2E0,E6A990,CD1970,CD1E60
ovl_En_Bubble,E6A990,E6BDA0,CD1E60,CD2DA0
ovl_Door_Shutter,E6BDA0,E6D980,CD2DA0,CD41B0
ovl_En_Boom,E6D980,E6E660,CD41B0,CD4CB0
ovl_En_Torch2,E6E660,E6EB20,CD4CB0,CD50D0
ovl_En_Minifrog,E6EB20,E70500,CD50D0,CD6360
ovl_En_St,E70500,E72DE0,CD6360,CD8020
ovl_Obj_Wturn,E72DE0,E732E0,CD8020,CD8410
ovl_En_River_Sound,E732E0,E73550,CD8410,CD8650
ovl_En_Ossan,E73550,E77DD0,CD8650,CDB210
ovl_En_Famos,E77DD0,E79D70,CDB210,CDC6E0
ovl_En_Bombf,E79D70,E7B140,CDC6E0,CDD670
ovl_En_Am,E7B140,E7C7A0,CDD670,CDE690
ovl_En_Dekubaba,E7C7A0,E806A0,CDE690,CE0FD0
ovl_En_M_Fire1,E806A0,E80830,CE0FD0,CE1110
ovl_En_M_Thunder,E80830,E827D0,CE1110,CE25A0
ovl_Bg_Breakwall,E827D0,E83900,CE25A0,CE3190
ovl_Door_Warp1,E83900,E87470,CE3190,CE5850
ovl_Obj_Syokudai,E87470,E88240,CE5850,CE6380
ovl_Item_B_Heart,E88240,E88630,CE6380,CE66B0
ovl_En_Dekunuts,E88630,E8A670,CE66B0,CE7C20
ovl_En_Bbfall,E8A670,E8C480,CE7C20,CE9320
ovl_Arms_Hook,E8C480,E8D190,CE9320,CE9D80
ovl_En_Bb,E8D190,E8EEA0,CE9D80,CEB330
ovl_Bg_Keikoku_Spr,E8EEA0,E8F050,CEB330,CEB4A0
ovl_En_Wood02,E8F050,E903B0,CEB4A0,CEC3E0
ovl_En_Death,E903B0,E954E0,CEC3E0,CEFC60
ovl_En_Minideath,E954E0,E97680,CEFC60,CF1400
ovl_En_Vm,E97680,E98B60,CF1400,CF23E0
ovl_Demo_Effect,E98B60,E99870,CF23E0,CF2E80
ovl_Demo_Kankyo,E99870,E9BAA0,CF2E80,CF44D0
ovl_En_Floormas,E9BAA0,E9F240,CF44D0,CF67F0
ovl_En_Rd,E9F240,EA2970,CF67F0,CF88D0
ovl_Bg_F40_Flift,EA2970,EA2CF0,CF88D0,CF8BA0
ovl_Obj_Mure,EA2CF0,EA3D60,CF8BA0,CF9720
ovl_En_Sw,EA3D60,EA72A0,CF9720,CFBC80
ovl_Object_Kankyo,EA72A0,EA99D0,CFBC80,CFD740
ovl_En_Horse_Link_Child,EA99D0,EAB5B0,CFD740,CFE7D0
ovl_Door_Ana,EAB5B0,EABC40,CFE7D0,CFED10
ovl_En_Encount1,EABC40,EAC250,CFED10,CFF210
ovl_Demo_Tre_Lgt,EAC250,EAC970,CFF210,CFF7F0
ovl_En_Encount2,EAC970,EAD3F0,CFF7F0,D000B0
ovl_En_Fire_Rock,EAD3F0,EAD480,D000B0,D00110
ovl_Bg_Ctower_Rot,EAD480,EADA10,D00110,D00580
ovl_Mir_Ray,EADA10,EAF300,D00580,D019C0
ovl_En_Sb,EAF300,EB03D0,D019C0,D02590
ovl_En_Bigslime,EB03D0,EBC600,D02590,D09FC0
ovl_En_Karebaba,EBC600,EBE4B0,D09FC0,D0B4E0
ovl_En_In,EBE4B0,EC28B0,D0B4E0,D0DEA0
ovl_En_Bom_Chu,EC28B0,EC3EA0,D0DEA0,D0EFE0
ovl_En_Horse_Game_Check,EC3EA0,EC5200,D0EFE0,D0FC60
ovl_En_Rr,EC5200,EC7950,D0FC60,D11950
ovl_En_Fr,EC7950,EC7AC0,D11950,D11A70
ovl_Obj_Oshihiki,EC7AC0,EC9370,D11A70,D12BB0
ovl_Eff_Dust,EC9370,ECA760,D12BB0,D13830
ovl_Bg_Umajump,ECA760,ECB0D0,D13830,D13EF0
ovl_En_Insect,ECB0D0,ECC8D0,D13EF0,D14EC0
ovl_En_Butte,ECC8D0,ECDE60,D14EC0,D15E40
ovl_En_Fish,ECDE60,ED0720,D15E40,D179D0
ovl_Item_Etcetera,ED0720,ED0B70,D179D0,D17D10
ovl_Arrow_Fire,ED0B70,ED2C50,D17D10,D198E0
ovl_Arrow_Ice,ED2C50,ED4B10,D198E0,D1B150
ovl_Arrow_Light,ED4B10,ED69B0,D1B150,D1CA10
ovl_Obj_Kibako,ED69B0,ED7DC0,D1CA10,D1D840
ovl_Obj_Tsubo,ED7DC0,EDA110,D1D840,D1EDF0
ovl_En_Ik,EDA110,EDCD30,D1EDF0,D20C20
ovl_Demo_Shd,EDCD30,EDCDC0,D20C20,D20C80
ovl_En_Dns,EDCDC0,EDE790,D20C80,D21F30
ovl_Elf_Msg,EDE790,EDED10,D21F30,D22340
ovl_En_Honotrap,EDED10,EE0FE0,D22340,D23C20
ovl_En_Tubo_Trap,EE0FE0,EE1D60,D23C20,D245F0
ovl_Obj_Ice_Poly,EE1D60,EE2C90,D245F0,D251E0
ovl_En_Fz,EE2C90,EE51E0,D251E0,D26BF0
ovl_En_Kusa,EE51E0,EE72D0,D26BF0,D284F0
ovl_Obj_Bean,EE72D0,EE9990,D284F0,D29E60
ovl_Obj_Bombiwa,EE9990,EEB1B0,D29E60,D2B030
ovl_Obj_Switch,EEB1B0,EED990,D2B030,D2C860
ovl_Obj_Lift,EED990,EEE470,D2C860,D2D170
ovl_Obj_Hsblock,EEE470,EEE9F0,D2D170,D2D5E0
ovl_En_Okarina_Tag,EEE9F0,EEEE70,D2D5E0,D2D9D0
ovl_En_Goroiwa,EEEE70,EF3A80,D2D9D0,D31050
ovl_En_Daiku,EF3A80,EF47B0,D31050,D31A90
ovl_En_Nwc,EF47B0,EF5AC0,D31A90,D32930
ovl_Item_Inbox,EF5AC0,EF5C20,D32930,D32A40
ovl_En_Ge1,EF5C20,EF6C70,D32A40,D33650
ovl_Obj_Blockstop,EF6C70,EF6EA0,D33650,D33840
ovl_En_Sda,EF6EA0,EF8470,D33840,D346D0
ovl_En_Clear_Tag,EF8470,EFE3F0,D346D0,D380D0
ovl_En_Gm,EFE3F0,F02B30,D380D0,D3AEF0
ovl_En_Ms,F02B30,F03160,D3AEF0,D3B3D0
ovl_En_Hs,F03160,F03FA0,D3B3D0,D3BEC0
ovl_Bg_Ingate,F03FA0,F04E70,D3BEC0,D3CA40
ovl_En_Kanban,F04E70,F085D0,D3CA40,D3EC50
ovl_En_Attack_Niw,F085D0,F097F0,D3EC50,D3F990
ovl_En_Mk,F097F0,F0AA20,D3F990,D40690
ovl_En_Owl,F0AA20,F0DBF0,D40690,D42710
ovl_En_Ishi,F0DBF0,F10020,D42710,D44180
ovl_Obj_Hana,F10020,F10100,D44180,D44240
ovl_Obj_Lightswitch,F10100,F11200,D44240,D44DA0
ovl_Obj_Mure2,F11200,F11BF0,D44DA0,D45500
ovl_En_Fu,F11BF0,F15B60,D45500,D47F20
ovl_En_Stream,F15B60,F160C0,D47F20,D483C0
ovl_En_Mm,F160C0,F16920,D483C0,D48A80
ovl_En_Weather_Tag,F16920,F17EE0,D48A80,D49830
ovl_En_Ani,F17EE0,F18CC0,D49830,D4A240
ovl_En_Js,F18CC0,F1B5B0,D4A240,D4BCD0
ovl_En_Okarina_Effect,F1B5B0,F1B820,D4BCD0,D4BEB0
ovl_En_Mag,F1B820,F1F350,D4BEB0,D4DEA0
ovl_Elf_Msg2,F1F350,F1F870,D4DEA0,D4E210
ovl_Bg_F40_Swlift,F1F870,F1FCE0,D4E210,D4E5E0
ovl_En_Kakasi,F1FCE0,F22A50,D4E5E0,D50390
ovl_Obj_Makeoshihiki,F22A50,F22D80,D50390,D50680
ovl_Oceff_Spot,F22D80,F23C50,D50680,D51330
ovl_En_Torch,F23C50,F23D40,D51330,D51410
ovl_Shot_Sun,F23D40,F24350,D51410,D51900
ovl_Obj_Roomtimer,F24350,F245F0,D51900,D51B20
ovl_En_Ssh,F245F0,F26BB0,D51B20,D53510
ovl_Oceff_Wipe,F26BB0,F27900,D53510,D54090
ovl_Effect_Ss_Dust,F27900,F280F0,D54090,D54700
ovl_Effect_Ss_Kirakira,F280F0,F28760,D54700,D54C80
ovl_Effect_Ss_Bomb2,F28760,F28FC0,D54C80,D55340
ovl_Effect_Ss_Blast,F28FC0,F29320,D55340,D55680
ovl_Effect_Ss_G_Spk,F29320,F298A0,D55680,D55B70
ovl_Effect_Ss_D_Fire,F298A0,F29CB0,D55B70,D55F40
ovl_Effect_Ss_Bubble,F29CB0,F2A220,D55F40,D563F0
ovl_Effect_Ss_G_Ripple,F2A220,F2A740,D563F0,D56880
ovl_Effect_Ss_G_Splash,F2A740,F2AB60,D56880,D56BD0
ovl_Effect_Ss_G_Fire,F2AB60,F2AD70,D56BD0,D56DC0
ovl_Effect_Ss_Lightning,F2AD70,F2B450,D56DC0,D57400
ovl_Effect_Ss_Dt_Bubble,F2B450,F2B960,D57400,D57870
ovl_Effect_Ss_Hahen,F2B960,F2BF00,D57870,D57CE0
ovl_Effect_Ss_Stick,F2BF00,F2C1C0,D57CE0,D57F70
ovl_Effect_Ss_Sibuki,F2C1C0,F2C820,D57F70,D58520
ovl_Effect_Ss_Stone1,F2C820,F2CB80,D58520,D58840
ovl_Effect_Ss_Hitmark,F2CB80,F2D080,D58840,D58C90
ovl_Effect_Ss_Fhg_Flash,F2D080,F2DB00,D58C90,D59320
ovl_Effect_Ss_K_Fire,F2DB00,F2DF40,D59320,D59730
ovl_Effect_Ss_Solder_Srch_Ball,F2DF40,F2E390,D59730,D59B00
ovl_Effect_Ss_Kakera,F2E390,F2F3C0,D59B00,D5A710
ovl_Effect_Ss_Ice_Piece,F2F3C0,F2F7C0,D5A710,D5AAE0
ovl_Effect_Ss_En_Ice,F2F7C0,F2FF70,D5AAE0,D5B190
ovl_Effect_Ss_Fire_Tail,F2FF70,F30650,D5B190,D5B7C0
ovl_Effect_Ss_En_Fire,F30650,F30CC0,D5B7C0,D5BDA0
ovl_Effect_Ss_Extra,F30CC0,F31030,D5BDA0,D5C100
ovl_Effect_Ss_Dead_Db,F31030,F31440,D5C100,D5C4D0
ovl_Effect_Ss_Dead_Dd,F31440,F319D0,D5C4D0,D5C9E0
ovl_Effect_Ss_Dead_Ds,F319D0,F31E50,D5C9E0,D5CE10
ovl_Oceff_Storm,F31E50,F33C10,D5CE10,D5E9F0
ovl_Obj_Demo,F33C10,F33FE0,D5E9F0,D5ECC0
ovl_En_Minislime,F33FE0,F36330,D5ECC0,D604C0
ovl_En_Nutsball,F36330,F36960,D604C0,D60A70
ovl_Oceff_Wipe2,F36960,F380C0,D60A70,D618A0
ovl_Oceff_Wipe3,F380C0,F39810,D618A0,D62B10
ovl_En_Dg,F39810,F3D0F0,D62B10,D64F40
ovl_En_Si,F3D0F0,F3D510,D64F40,D65250
ovl_Obj_Comb,F3D510,F3EC90,D65250,D662E0
ovl_Obj_Kibako2,F3EC90,F3F630,D662E0,D66AC0
ovl_En_Hs2,F3F630,F3F710,D66AC0,D66B70
ovl_Obj_Mure3,F3F710,F3FED0,D66B70,D67170
ovl_En_Tg,F3FED0,F409E0,D67170,D67A70
ovl_En_Wf,F409E0,F44E80,D67A70,D6A630
ovl_En_Skb,F44E80,F48160,D6A630,D6C6B0
ovl_En_Gs,F48160,F4AFF0,D6C6B0,D6E880
ovl_Obj_Sound,F4AFF0,F4B200,D6E880,D6EA30
ovl_En_Crow,F4B200,F4C960,D6EA30,D6FB80
ovl_En_Cow,F4C960,F4DE50,D6FB80,D70910
ovl_Oceff_Wipe4,F4DE50,F4EE50,D70910,D71510
ovl_En_Zo,F4EE50,F4FDF0,D71510,D72110
ovl_Effect_Ss_Ice_Smoke,F4FDF0,F50100,D72110,D72400
ovl_Obj_Makekinsuta,F50100,F50570,D72400,D727B0
ovl_En_Ge3,F50570,F515E0,D727B0,D733F0
ovl_Obj_Hamishi,F515E0,F52270,D733F0,D73E30
ovl_En_Zl4,F52270,F526F0,D73E30,D741D0
ovl_En_Mm2,F526F0,F53220,D741D0,D74820
ovl_Door_Spiral,F53220,F53AA0,D74820,D74EF0
ovl_Obj_Pzlblock,F53AA0,F54880,D74EF0,D75920
ovl_Obj_Toge,F54880,F554C0,D75920,D762F0
ovl_Obj_Armos,F554C0,F563D0,D762F0,D76E50
ovl_Obj_Boyo,F563D0,F56940,D76E50,D77310
ovl_En_Grasshopper,F56940,F597D0,D77310,D793C0
ovl_Obj_Grass,F597D0,F5B460,D793C0,D7A9E0
ovl_Obj_Grass_Carry,F5B460,F5C3E0,D7A9E0,D7B630
ovl_Obj_Grass_Unit,F5C3E0,F5CAB0,D7B630,D7BB40
ovl_Bg_Fire_Wall,F5CAB0,F5D390,D7BB40,D7C270
ovl_En_Bu,F5D390,F5D540,D7C270,D7C3F0
ovl_En_Encount3,F5D540,F5DEE0,D7C3F0,D7CC50
ovl_En_Jso,F5DEE0,F61B50,D7CC50,D7F650
ovl_Obj_Chikuwa,F61B50,F626F0,D7F650,D80030
ovl_En_Knight,F626F0,F6F5C0,D80030,D88820
ovl_En_Warp_tag,F6F5C0,F6FF10,D88820,D88FB0
ovl_En_Aob_01,F6FF10,F72BE0,D88FB0,D8AEE0
ovl_En_Boj_01,F72BE0,F72C70,D8AEE0,D8AF40
ovl_En_Boj_02,F72C70,F72D00,D8AF40,D8AFA0
ovl_En_Boj_03,F72D00,F72D90,D8AFA0,D8B000
ovl_En_Encount4,F72D90,F735F0,D8B000,D8B6D0
ovl_En_Bom_Bowl_Man,F735F0,F75320,D8B6D0,D8CB70
ovl_En_Syateki_Man,F75320,F788C0,D8CB70,D8ED00
ovl_Bg_Icicle,F788C0,F79250,D8ED00,D8F4C0
ovl_En_Syateki_Crow,F79250,F7A060,D8F4C0,D90050
ovl_En_Boj_04,F7A060,F7A0F0,D90050,D900B0
ovl_En_Cne_01,F7A0F0,F7AEC0,D900B0,D90B90
ovl_En_Bba_01,F7AEC0,F7BC40,D90B90,D91640
ovl_En_Bji_01,F7BC40,F7CD20,D91640,D92270
ovl_Bg_Spdweb,F7CD20,F7E1B0,D92270,D93160
ovl_En_Mt_tag,F7E1B0,F7F390,D93160,D93ED0
ovl_Boss_01,F7F390,F87870,D93ED0,D99950
ovl_Boss_02,F87870,F8DAC0,D99950,D9DDD0
ovl_Boss_03,F8DAC0,F94BA0,D9DDD0,DA2B90
ovl_Boss_04,F94BA0,F97030,DA2B90,DA46E0
ovl_Boss_05,F97030,F9AC60,DA46E0,DA7040
ovl_Boss_06,F9AC60,F9CEB0,DA7040,DA8A30
ovl_Boss_07,F9CEB0,FB1F70,DA8A30,DB6BB0
ovl_Bg_Dy_Yoseizo,FB1F70,FB3E50,DB6BB0,DB8280
ovl_En_Boj_05,FB3E50,FB3EE0,DB8280,DB82E0
ovl_En_Sob1,FB3EE0,FB86A0,DB82E0,DBB0F0
ovl_En_Go,FB86A0,FBE410,DBB0F0,DBF1C0
ovl_En_Raf,FBE410,FC0E10,DBF1C0,DC0D80
ovl_Obj_Funen,FC0E10,FC0FE0,DC0D80,DC0F40
ovl_Obj_Raillift,FC0FE0,FC1BD0,DC0F40,DC18F0
ovl_Bg_Numa_Hana,FC1BD0,FC2AA0,DC18F0,DC23E0
ovl_Obj_Flowerpot,FC2AA0,FC4F00,DC23E0,DC3CB0
ovl_Obj_Spinyroll,FC4F00,FC68C0,DC3CB0,DC4F50
ovl_Dm_Hina,FC68C0,FC7300,DC4F50,DC5720
ovl_En_Syateki_Wf,FC7300,FC8600,DC5720,DC6570
ovl_Obj_Skateblock,FC8600,FCA1F0,DC6570,DC79F0
ovl_Effect_En_Ice_Block,FCA1F0,FCA540,DC79F0,DC7D00
ovl_Obj_Iceblock,FCA540,FCE9D0,DC7D00,DCACF0
ovl_En_Bigpamet,FCE9D0,FD0F30,DCACF0,DCC740
ovl_Bg_Dblue_Movebg,FD0F30,FD30A0,DCC740,DCE020
ovl_En_Syateki_Dekunuts,FD30A0,FD41B0,DCE020,DCED30
ovl_Elf_Msg3,FD41B0,FD4720,DCED30,DCF140
ovl_En_Fg,FD4720,FD5C40,DCF140,DD00D0
ovl_Dm_Ravine,FD5C40,FD5E00,DD00D0,DD0240
ovl_Dm_Sa,FD5E00,FD6240,DD0240,DD05B0
ovl_En_Slime,FD6240,FD96A0,DD05B0,DD2940
ovl_En_Pr,FD96A0,FDAF90,DD2940,DD3C10
ovl_Obj_Toudai,FDAF90,FDBB90,DD3C10,DD43F0
ovl_Obj_Entotu,FDBB90,FDC9A0,DD43F0,DD4C60
ovl_Obj_Bell,FDC9A0,FDD4A0,DD4C60,DD5440
ovl_En_Syateki_Okuta,FDD4A0,FDF380,DD5440,DD6720
ovl_Obj_Shutter,FDF380,FDF640,DD6720,DD69A0
ovl_Dm_Zl,FDF640,FDFE50,DD69A0,DD7000
ovl_En_Ru,FDFE50,FE0B60,DD7000,DD7A20
ovl_En_Elfgrp,FE0B60,FE2110,DD7A20,DD8980
ovl_Dm_Tsg,FE2110,FE2530,DD8980,DD8D40
ovl_En_Baguo,FE2530,FE3990,DD8D40,DD9D60
ovl_Obj_Vspinyroll,FE3990,FE4B30,DD9D60,DDAAC0
ovl_Obj_Smork,FE4B30,FE4FE0,DDAAC0,DDAD90
ovl_En_Test2,FE4FE0,FE5430,DDAD90,DDB120
ovl_En_Test3,FE5430,FE8970,DDB120,DDD7F0
ovl_En_Test4,FE8970,FEA0E0,DDD7F0,DDE800
ovl_En_Bat,FEA0E0,FEB870,DDE800,DDFA70
ovl_En_Sekihi,FEB870,FEBF50,DDFA70,DE0000
ovl_En_Wiz,FEBF50,FEFBD0,DE0000,DE2AD0
ovl_En_Wiz_Brock,FEFBD0,FF0290,DE2AD0,DE3070
ovl_En_Wiz_Fire,FF0290,FF3080,DE3070,DE50A0
ovl_Eff_Change,FF3080,FF35A0,DE50A0,DE5520
ovl_Dm_Statue,FF35A0,FF3680,DE5520,DE55D0
ovl_Obj_Fireshield,FF3680,FF45E0,DE55D0,DE6200
ovl_Bg_Ladder,FF45E0,FF4AC0,DE6200,DE65F0
ovl_En_Mkk,FF4AC0,FF6630,DE65F0,DE7A00
ovl_Demo_Getitem,FF6630,FF69C0,DE7A00,DE7D00
ovl_En_Dnb,FF69C0,FF7930,DE7D00,DE8900
ovl_En_Dnh,FF7930,FF80E0,DE8900,DE8F60
ovl_En_Dnk,FF80E0,FF9120,DE8F60,DE99E0
ovl_En_Dnq,FF9120,FFA3C0,DE99E0,DEA6C0
ovl_Bg_Keikoku_Saku,FFA3C0,FFA7D0,DEA6C0,DEAA30
ovl_Obj_Hugebombiwa,FFA7D0,FFCCB0,DEAA30,DEC1E0
ovl_En_Firefly2,FFCCB0,FFCD40,DEC1E0,DEC240
ovl_En_Rat,FFCD40,FFF390,DEC240,DEDE90
ovl_En_Water_Effect,FFF390,1001D50,DEDE90,DEFAD0
ovl_En_Kusa2,1001D50,1005DB0,DEFAD0,DF2800
ovl_Bg_Spout_Fire,1005DB0,1006540,DF2800,DF2E70
ovl_En_Dy_Extra,1006540,1006AA0,DF2E70,DF3320
ovl_En_Bal,1006AA0,1009730,DF3320,DF5170
ovl_En_Ginko_Man,1009730,100B410,DF5170,DF62B0
ovl_En_Warp_Uzu,100B410,100B800,DF62B0,DF65D0
ovl_Obj_Driftice,100B800,100CB40,DF65D0,DF7410
ovl_En_Look_Nuts,100CB40,100DA30,DF7410,DF7F10
ovl_En_Mushi2,100DA30,1011220,DF7F10,DFA450
ovl_En_Fall,1011220,1013C20,DFA450,DFC020
ovl_En_Mm3,1013C20,1015220,DFC020,DFCEB0
ovl_Bg_Crace_Movebg,1015220,1015CE0,DFCEB0,DFD670
ovl_En_Dno,1015CE0,1018A20,DFD670,DFF410
ovl_En_Pr2,1018A20,101A840,DFF410,E00A20
ovl_En_Prz,101A840,101BE40,E00A20,E01B30
ovl_En_Jso2,101BE40,10206F0,E01B30,E04D40
ovl_Obj_Etcetera,10206F0,1021410,E04D40,E05740
ovl_En_Egol,1021410,1025C50,E05740,E08910
ovl_Obj_Mine,1025C50,1029450,E08910,E0AFE0
ovl_Obj_Purify,1029450,1029DA0,E0AFE0,E0B6A0
ovl_En_Tru,1029DA0,102FEF0,E0B6A0,E0F3E0
ovl_En_Trt,102FEF0,1034B30,E0F3E0,E12490
ovl_En_Test5,1034B30,1034EB0,E12490,E12790
ovl_En_Test6,1034EB0,1039090,E12790,E15470
ovl_En_Az,1039090,103E4E0,E15470,E18A50
ovl_En_Estone,103E4E0,103F310,E18A50,E195E0
ovl_Bg_Hakugin_Post,103F310,1042400,E195E0,E1B920
ovl_Dm_Opstage,1042400,1042860,E1B920,E1BC70
ovl_Dm_Stk,1042860,1048030,E1BC70,E1EDA0
ovl_Dm_Char00,1048030,104AC90,E1EDA0,E204F0
ovl_Dm_Char01,104AC90,104D8D0,E204F0,E21ED0
ovl_Dm_Char02,104D8D0,104DF40,E21ED0,E223E0
ovl_Dm_Char03,104DF40,104E6E0,E223E0,E229B0
ovl_Dm_Char04,104E6E0,104F040,E229B0,E23170
ovl_Dm_Char05,104F040,1051120,E23170,E242E0
ovl_Dm_Char06,1051120,1051460,E242E0,E245A0
ovl_Dm_Char07,1051460,1051AF0,E245A0,E249C0
ovl_Dm_Char08,1051AF0,10548B0,E249C0,E268A0
ovl_Dm_Char09,10548B0,1055230,E268A0,E270C0
ovl_Obj_Tokeidai,1055230,10577B0,E270C0,E28940
ovl_En_Mnk,10577B0,105D240,E28940,E2BD70
ovl_En_Egblock,105D240,105DB80,E2BD70,E2C4F0
ovl_En_Guard_Nuts,105DB80,105EA60,E2C4F0,E2D0A0
ovl_Bg_Hakugin_Bombwall,105EA60,105FC70,E2D0A0,E2DD80
ovl_Obj_Tokei_Tobira,105FC70,10602D0,E2DD80,E2E330
ovl_Bg_Hakugin_Elvpole,10602D0,1060740,E2E330,E2E6D0
ovl_En_Ma4,1060740,10632D0,E2E6D0,E30270
ovl_En_Twig,10632D0,1063CD0,E30270,E30AD0
ovl_En_Po_Fusen,1063CD0,1064930,E30AD0,E314C0
ovl_En_Door_Etc,1064930,1065150,E314C0,E31B50
ovl_En_Bigokuta,1065150,1067350,E31B50,E333A0
ovl_Bg_Icefloe,1067350,1067AC0,E333A0,E33960
ovl_fbdemo_triforce,1067AC0,1068200,E33960,E33E80
ovl_fbdemo_wipe1,1068200,1069190,E33E80,E34910
ovl_fbdemo_wipe3,1069190,106AE80,E34910,E35420
ovl_fbdemo_wipe4,106AE80,106B140,E35420,E35660
ovl_fbdemo_wipe5,106B140,106B5A0,E35660,E35A00
ovl_Effect_Ss_Sbn,106B5A0,106BF10,E35A00,E36170
ovl_Obj_Ocarinalift,106BF10,106C8F0,E36170,E368D0
ovl_En_Time_Tag,106C8F0,106D560,E368D0,E371C0
ovl_Bg_Open_Shutter,106D560,106DC30,E371C0,E37780
ovl_Bg_Open_Spot,106DC30,106DE50,E37780,E37950
ovl_Bg_Fu_Kaiten,106DE50,106E0F0,E37950,E37BA0
ovl_Obj_Aqua,106E0F0,106EEC0,E37BA0,E38640
ovl_En_Elforg,106EEC0,1070720,E38640,E39780
ovl_En_Elfbub,1070720,1070D80,E39780,E39D70
ovl_En_Fu_Mato,1070D80,10721D0,E39D70,E3ADF0
ovl_En_Fu_Kago,10721D0,1073280,E3ADF0,E3BAF0
ovl_En_Osn,1073280,10755C0,E3BAF0,E3D190
ovl_Bg_Ctower_Gear,10755C0,1075DD0,E3D190,E3D7E0
ovl_En_Trt2,1075DD0,1078600,E3D7E0,E3F330
ovl_Obj_Tokei_Step,1078600,10791B0,E3F330,E3FC80
ovl_Bg_Lotus,10791B0,1079820,E3FC80,E401B0
ovl_En_Kame,1079820,107BC90,E401B0,E41B10
ovl_Obj_Takaraya_Wall,107BC90,107CEA0,E41B10,E42970
ovl_Bg_Fu_Mizu,107CEA0,107D180,E42970,E42C00
ovl_En_Sellnuts,107D180,10805E0,E42C00,E44E00
ovl_Bg_Dkjail_Ivy,10805E0,1080E20,E44E00,E454E0
ovl_Obj_Visiblock,1080E20,1080F40,E454E0,E455D0
ovl_En_Takaraya,1080F40,1082050,E455D0,E462A0
ovl_En_Tsn,1082050,1083A00,E462A0,E473A0
ovl_En_Ds2n,1083A00,1083F20,E473A0,E477D0
ovl_En_Fsn,1083F20,10884E0,E477D0,E4A4B0
ovl_En_Shn,10884E0,1089750,E4A4B0,E4B1A0
ovl_En_Stop_heishi,1089750,108AF20,E4B1A0,E4C330
ovl_Obj_Bigicicle,108AF20,108BDD0,E4C330,E4CE50
ovl_En_Lift_Nuts,108BDD0,108E810,E4CE50,E4E840
ovl_En_Tk,108E810,1092400,E4E840,E51030
ovl_Bg_Market_Step,1092400,1092510,E51030,E51120
ovl_Obj_Lupygamelift,1092510,1092BC0,E51120,E516D0
ovl_En_Test7,1092BC0,1095C50,E516D0,E53930
ovl_Obj_Lightblock,1095C50,10962B0,E53930,E53E60
ovl_Mir_Ray2,10962B0,1096730,E53E60,E54240
ovl_En_Wdhand,1096730,1098AA0,E54240,E55BC0
ovl_En_Gamelupy,1098AA0,1099120,E55BC0,E56130
ovl_Bg_Danpei_Movebg,1099120,1099980,E56130,E567E0
ovl_En_Snowwd,1099980,1099E80,E567E0,E56C40
ovl_En_Pm,1099E80,109ECA0,E56C40,E59D50
ovl_En_Gakufu,109ECA0,109F6C0,E59D50,E5A5A0
ovl_Elf_Msg4,109F6C0,109FCD0,E5A5A0,E5AA20
ovl_Elf_Msg5,109FCD0,109FF80,E5AA20,E5ABF0
ovl_En_Col_Man,109FF80,10A0BE0,E5ABF0,E5B590
ovl_En_Talk_Gibud,10A0BE0,10A3CD0,E5B590,E5D5F0
ovl_En_Giant,10A3CD0,10A5010,E5D5F0,E5E370
ovl_Obj_Snowball,10A5010,10A75D0,E5E370,E5FF10
ovl_Boss_Hakugin,10A75D0,10B1920,E5FF10,E67130
ovl_En_Gb2,10B1920,10B41A0,E67130,E68BA0
ovl_En_Onpuman,10B41A0,10B4770,E68BA0,E69050
ovl_Bg_Tobira01,10B4770,10B4BB0,E69050,E693E0
ovl_En_Tag_Obj,10B4BB0,10B4CC0,E693E0,E694C0
ovl_Obj_Dhouse,10B4CC0,10B64C0,E694C0,E6A5A0
ovl_Obj_Hakaisi,10B64C0,10B7AD0,E6A5A0,E6B570
ovl_Bg_Hakugin_Switch,10B7AD0,10B8E30,E6B570,E6C1E0
ovl_En_Snowman,10B8E30,10BC290,E6C1E0,E6E7D0
ovl_TG_Sw,10BC290,10BC6E0,E6E7D0,E6EB40
ovl_En_Po_Sisters,10BC6E0,10C01E0,E6EB40,E713F0
ovl_En_Pp,10C01E0,10C3E30,E713F0,E73DA0
ovl_En_Hakurock,10C3E30,10C4F30,E73DA0,E74A10
ovl_En_Hanabi,10C4F30,10C6080,E74A10,E75800
ovl_Obj_Dowsing,10C6080,10C6200,E75800,E75910
ovl_Obj_Wind,10C6200,10C6960,E75910,E75EB0
ovl_En_Racedog,10C6960,10C85D0,E75EB0,E77410
ovl_En_Kendo_Js,10C85D0,10CA3B0,E77410,E78810
ovl_Bg_Botihasira,10CA3B0,10CA6A0,E78810,E78AB0
ovl_En_Fish2,10CA6A0,10CDB60,E78AB0,E7B0D0
ovl_En_Pst,10CDB60,10CEA20,E7B0D0,E7BA70
ovl_En_Poh,10CEA20,10D1E40,E7BA70,E7DD10
ovl_Obj_Spidertent,10D1E40,10D38C0,E7DD10,E7EF60
ovl_En_Zoraegg,10D38C0,10D6060,E7EF60,E809E0
ovl_En_Kbt,10D6060,10D72A0,E809E0,E81710
ovl_En_Gg,10D72A0,10D93B0,E81710,E82E90
ovl_En_Maruta,10D93B0,10DB150,E82E90,E84250
ovl_Obj_Snowball2,10DB150,10DCF80,E84250,E858A0
ovl_En_Gg2,10DCF80,10DE590,E858A0,E868D0
ovl_Obj_Ghaka,10DE590,10DED50,E868D0,E86F00
ovl_En_Dnp,10DED50,10E0320,E86F00,E87E50
ovl_En_Dai,10E0320,10E23B0,E87E50,E89500
ovl_Bg_Goron_Oyu,10E23B0,10E2B30,E89500,E89AB0
ovl_En_Kgy,10E2B30,10E5CE0,E89AB0,E8B930
ovl_En_Invadepoh,10E5CE0,10F25D0,E8B930,E93020
ovl_En_Gk,10F25D0,10F5A00,E93020,E95330
ovl_En_An,10F5A00,10FC8E0,E95330,E995A0
ovl_En_Bee,10FC8E0,10FD4A0,E995A0,E99F30
ovl_En_Ot,10FD4A0,1100A40,E99F30,E9C520
ovl_En_Dragon,1100A40,1102C80,E9C520,E9DD80
ovl_Obj_Dora,1102C80,1103790,E9DD80,E9E5E0
ovl_En_Bigpo,1103790,1107670,E9E5E0,EA12B0
ovl_Obj_Kendo_Kanban,1107670,1108BD0,EA12B0,EA22C0
ovl_Obj_Hariko,1108BD0,1108EE0,EA22C0,EA2540
ovl_En_Sth,1108EE0,110F810,EA2540,EA6EB0
ovl_Bg_Sinkai_Kabe,110F810,110FD90,EA6EB0,EA7360
ovl_Bg_Haka_Curtain,110FD90,11101D0,EA7360,EA7660
ovl_Bg_Kin2_Bombwall,11101D0,11109D0,EA7660,EA7CF0
ovl_Bg_Kin2_Fence,11109D0,1111150,EA7CF0,EA8270
ovl_Bg_Kin2_Picture,1111150,1111CE0,EA8270,EA8BF0
ovl_Bg_Kin2_Shelf,1111CE0,1112A70,EA8BF0,EA9540
ovl_En_Rail_Skb,1112A70,1115C40,EA9540,EAB660
ovl_En_Jg,1115C40,11181E0,EAB660,EACFC0
ovl_En_Tru_Mt,11181E0,1119920,EACFC0,EAE190
ovl_Obj_Um,1119920,111EA30,EAE190,EB1900
ovl_En_Neo_Reeba,111EA30,1120AD0,EB1900,EB2EF0
ovl_Bg_Mbar_Chair,1120AD0,1120C00,EB2EF0,EB2FE0
ovl_Bg_Ikana_Block,1120C00,11218D0,EB2FE0,EB3980
ovl_Bg_Ikana_Mirror,11218D0,1122480,EB3980,EB4170
ovl_Bg_Ikana_Rotaryroom,1122480,1124550,EB4170,EB5790
ovl_Bg_Dblue_Balance,1124550,1125E10,EB5790,EB6A30
ovl_Bg_Dblue_Waterfall,1125E10,1127720,EB6A30,EB7C50
ovl_En_Kaizoku,1127720,112D460,EB7C50,EBB8C0
ovl_En_Ge2,112D460,112F1C0,EBB8C0,EBCCA0
ovl_En_Ma_Yts,112F1C0,11306B0,EBCCA0,EBDA80
ovl_En_Ma_Yto,11306B0,1133E50,EBDA80,EBF730
ovl_Obj_Tokei_Turret,1133E50,11340B0,EBF730,EBF940
ovl_Bg_Dblue_Elevator,11340B0,1134CA0,EBF940,EC0270
ovl_Obj_Warpstone,1134CA0,11354A0,EC0270,EC08C0
ovl_En_Zog,11354A0,1137FA0,EC08C0,EC27D0
ovl_Obj_Rotlift,1137FA0,1138360,EC27D0,EC2B60
ovl_Obj_Jg_Gakki,1138360,1138590,EC2B60,EC2D60
ovl_Bg_Inibs_Movebg,1138590,1138750,EC2D60,EC2F00
ovl_En_Zot,1138750,113C2B0,EC2F00,EC5380
ovl_Obj_Tree,113C2B0,113C850,EC5380,EC5830
ovl_Obj_Y2lift,113C850,113CB80,EC5830,EC5B00
ovl_Obj_Y2shutter,113CB80,113D150,EC5B00,EC5FE0
ovl_Obj_Boat,113D150,113D8E0,EC5FE0,EC6630
ovl_Obj_Taru,113D8E0,113E650,EC6630,EC70B0
ovl_Obj_Hunsui,113E650,11400D0,EC70B0,EC8400
ovl_En_Jc_Mato,11400D0,11404B0,EC8400,EC8750
ovl_Mir_Ray3,11404B0,1141760,EC8750,EC9670
ovl_En_Zob,1141760,1143790,EC9670,ECAA60
ovl_Elf_Msg6,1143790,1144610,ECAA60,ECB390
ovl_Obj_Nozoki,1144610,11458A0,ECB390,ECC140
ovl_En_Toto,11458A0,11475E0,ECC140,ECD5A0
ovl_En_Railgibud,11475E0,114AA00,ECD5A0,ECF930
ovl_En_Baba,114AA00,114C8B0,ECF930,ED0FE0
ovl_En_Suttari,114C8B0,1151150,ED0FE0,ED3FC0
ovl_En_Zod,1151150,1152AC0,ED3FC0,ED5260
ovl_En_Kujiya,1152AC0,11538B0,ED5260,ED5AD0
ovl_En_Geg,11538B0,11568E0,ED5AD0,ED7B40
ovl_Obj_Kinoko,11568E0,1156CD0,ED7B40,ED7EF0
ovl_Obj_Yasi,1156CD0,1156FE0,ED7EF0,ED81C0
ovl_En_Tanron1,1156FE0,11589B0,ED81C0,ED9230
ovl_En_Tanron2,11589B0,115A630,ED9230,EDA6F0
ovl_En_Tanron3,115A630,115B970,EDA6F0,EDB5E0
ovl_Obj_Chan,115B970,115CD20,EDB5E0,EDC660
ovl_En_Zos,115CD20,115EB00,EDC660,EDD970
ovl_En_S_Goro,115EB00,1161E30,EDD970,EDF8B0
ovl_En_Nb,1161E30,1163980,EDF8B0,EE0BB0
ovl_En_Ja,1163980,1165A00,EE0BB0,EE21D0
ovl_Bg_F40_Block,1165A00,1166830,EE21D0,EE2B50
ovl_Bg_F40_Switch,1166830,1166FA0,EE2B50,EE3130
ovl_En_Po_Composer,1166FA0,1168C60,EE3130,EE4460
ovl_En_Guruguru,1168C60,1169B40,EE4460,EE5000
ovl_Oceff_Wipe5,1169B40,116B2D0,EE5000,EE6720
ovl_En_Stone_heishi,116B2D0,116C600,EE6720,EE75A0
ovl_Oceff_Wipe6,116C600,116CC50,EE75A0,EE7AB0
ovl_En_Scopenuts,116CC50,116F060,EE7AB0,EE93A0
ovl_En_Scopecrow,116F060,116FD10,EE93A0,EE9D80
ovl_Oceff_Wipe7,116FD10,1170B70,EE9D80,EEA4D0
ovl_Eff_Kamejima_Wave,1170B70,1171210,EEA4D0,EEA9F0
ovl_En_Hg,1171210,11722F0,EEA9F0,EEB5A0
ovl_En_Hgo,11722F0,1173220,EEB5A0,EEC0A0
ovl_En_Zov,1173220,1174A70,EEC0A0,EED190
ovl_En_Ah,1174A70,11760D0,EED190,EEE0C0
ovl_Obj_Hgdoor,11760D0,1176760,EEE0C0,EEE5B0
ovl_Bg_Ikana_Bombwall,1176760,1177400,EEE5B0,EEEE80
ovl_Bg_Ikana_Ray,1177400,11776D0,EEEE80,EEF0B0
ovl_Bg_Ikana_Shutter,11776D0,1177E40,EEF0B0,EEF510
ovl_Bg_Haka_Bombwall,1177E40,11785C0,EEF510,EEFB20
ovl_Bg_Haka_Tomb,11785C0,1178950,EEFB20,EEFDE0
ovl_En_Sc_Ruppe,1178950,1178F50,EEFDE0,EF02D0
ovl_Bg_Iknv_Doukutu,1178F50,1179AF0,EF02D0,EF0B40
ovl_Bg_Iknv_Obj,1179AF0,117A2F0,EF0B40,EF1110
ovl_En_Pamera,117A2F0,117CA70,EF1110,EF28E0
ovl_Obj_HsStump,117CA70,117D080,EF28E0,EF2E30
ovl_En_Hidden_Nuts,117D080,117E2B0,EF2E30,EF3B10
ovl_En_Zow,117E2B0,1180020,EF3B10,EF4F30
ovl_En_Talk,1180020,11801E0,EF4F30,EF5090
ovl_En_Al,11801E0,1182520,EF5090,EF67D0
ovl_En_Tab,1182520,1183CC0,EF67D0,EF78A0
ovl_En_Nimotsu,1183CC0,1184070,EF78A0,EF7BF0
ovl_En_Hit_Tag,1184070,11842A0,EF7BF0,EF7DD0
ovl_En_Ruppecrow,11842A0,1185BC0,EF7DD0,EF8EF0
ovl_En_Tanron4,1185BC0,1186970,EF8EF0,EF9860
ovl_En_Tanron5,1186970,1188080,EF9860,EFA8F0
ovl_En_Tanron6,1188080,1188210,EFA8F0,EFAA50
ovl_En_Daiku2,1188210,1189B40,EFAA50,EFBCF0
ovl_En_Muto,1189B40,118A530,EFBCF0,EFC520
ovl_En_Baisen,118A530,118AF60,EFC520,EFCD50
ovl_En_Heishi,118AF60,118B550,EFCD50,EFD270
ovl_En_Demo_heishi,118B550,118BB60,EFD270,EFD7B0
ovl_En_Dt,118BB60,118D560,EFD7B0,EFEAE0
ovl_En_Cha,118D560,118D980,EFEAE0,EFEE60
ovl_Obj_Dinner,118D980,118DB00,EFEE60,EFEFB0
ovl_Eff_Lastday,118DB00,118E280,EFEFB0,EFF450
ovl_Bg_Ikana_Dharma,118E280,118EC10,EFF450,EFFCA0
ovl_En_Akindonuts,118EC10,1192DC0,EFFCA0,F023F0
ovl_Eff_Stk,1192DC0,1193180,F023F0,F02750
ovl_En_Ig,1193180,1195950,F02750,F04270
ovl_En_Rg,1195950,1197C40,F04270,F05D00
ovl_En_Osk,1197C40,1199500,F05D00,F06BC0
ovl_En_Sth2,1199500,119C120,F06BC0,F08710
ovl_En_Yb,119C120,119D4A0,F08710,F09520
ovl_En_Rz,119D4A0,119EFC0,F09520,F0A770
ovl_En_Scopecoin,119EFC0,119F300,F0A770,F0AA20
ovl_En_Bjt,119F300,11A0190,F0AA20,F0B490
ovl_En_Bomjima,11A0190,11A2EC0,F0B490,F0D360
ovl_En_Bomjimb,11A2EC0,11A5550,F0D360,F0EE80
ovl_En_Bombers,11A5550,11A6950,F0EE80,F0FDB0
ovl_En_Bombers2,11A6950,11A7A90,F0FDB0,F10AF0
ovl_En_Bombal,11A7A90,11A8530,F10AF0,F113C0
ovl_Obj_Moon_Stone,11A8530,11A8AC0,F113C0,F11850
ovl_Obj_Mu_Pict,11A8AC0,11A9130,F11850,F11CE0
ovl_Bg_Ikninside,11A9130,11A9760,F11CE0,F12230
ovl_Eff_Zoraband,11A9760,11A9B40,F12230,F12590
ovl_Obj_Kepn_Koya,11A9B40,11A9CA0,F12590,F126C0
ovl_Obj_Usiyane,11A9CA0,11AA780,F126C0,F13030
ovl_En_Nnh,11AA780,11AAAA0,F13030,F132B0
ovl_Obj_Kzsaku,11AAAA0,11AAE60,F132B0,F135B0
ovl_Obj_Milk_Bin,11AAE60,11AB0F0,F135B0,F137E0
ovl_En_Kitan,11AB0F0,11ABEF0,F137E0,F14210
ovl_Bg_Astr_Bombwall,11ABEF0,11AC760,F14210,F148F0
ovl_Bg_Iknin_Susceil,11AC760,11AD2B0,F148F0,F150C0
ovl_En_Bsb,11AD2B0,11B1FF0,F150C0,F18640
ovl_En_Recepgirl,11B1FF0,11B2790,F18640,F18C20
ovl_En_Thiefbird,11B2790,11B5940,F18C20,F1AF80
ovl_En_Jgame_Tsn,11B5940,11B7300,F1AF80,F1C130
ovl_Obj_Jgame_Light,11B7300,11B81F0,F1C130,F1CA60
ovl_Obj_Yado,11B81F0,11B8480,F1CA60,F1CC80
ovl_Demo_Syoten,11B8480,11B9A10,F1CC80,F1DBB0
ovl_Demo_Moonend,11B9A10,11BA120,F1DBB0,F1E0F0
ovl_Bg_Lbfshot,11BA120,11BA240,F1E0F0,F1E1E0
ovl_Bg_Last_Bwall,11BA240,11BAB90,F1E1E0,F1E950
ovl_En_And,11BAB90,11BB2A0,F1E950,F1EEF0
ovl_En_Invadepoh_Demo,11BB2A0,11BCD40,F1EEF0,F1FF00
ovl_Obj_Danpeilift,11BCD40,11BD5C0,F1FF00,F205F0
ovl_En_Fall2,11BD5C0,11BDD10,F205F0,F20BB0
ovl_Dm_Al,11BDD10,11BE390,F20BB0,F210E0
ovl_Dm_An,11BE390,11BF390,F210E0,F21CB0
ovl_Dm_Ah,11BF390,11BFE50,F21CB0,F224D0
ovl_Dm_Nb,11BFE50,11C0210,F224D0,F22810
ovl_En_Drs,11C0210,11C0610,F22810,F22B70
ovl_En_Ending_Hero,11C0610,11C0960,F22B70,F22E80
ovl_Dm_Bal,11C0960,11C1350,F22E80,F235E0
ovl_En_Paper,11C1350,11C1C70,F235E0,F23D60
ovl_En_Hint_Skb,11C1C70,11C42D0,F23D60,F25690
ovl_Dm_Tag,11C42D0,11C4CC0,F25690,F25DB0
ovl_En_Bh,11C4CC0,11C51B0,F25DB0,F261D0
ovl_En_Ending_Hero2,11C51B0,11C53E0,F261D0,F263D0
ovl_En_Ending_Hero3,11C53E0,11C5610,F263D0,F265D0
ovl_En_Ending_Hero4,11C5610,11C5840,F265D0,F267D0
ovl_En_Ending_Hero5,11C5840,11C5C10,F267D0,F26B20
ovl_En_Ending_Hero6,11C5C10,11C62E0,F26B20,F270F0
ovl_Dm_Gm,11C62E0,11C72E0,F270F0,F27CC0
ovl_Obj_Swprize,11C72E0,11C7820,F27CC0,F280D0
ovl_En_Invisible_Ruppe,11C7820,11C7B40,F280D0,F28310
ovl_Obj_Ending,11C7B40,11C7CC0,F28310,F28440
ovl_En_Rsn,11C7CC0,11C8020,F28440,F286F0
gameplay_keep,11C9000,125B630,F286F0,F74D80
gameplay_field_keep,125C000,1265290,F74D80,F7B710
gameplay_dangeon_keep,1266000,1289280,F7B710,F8F920
gameplay_object_exchange_static,128A000,128A010,FFFFFFFF,FFFFFFFF
object_link_boy,128B000,1298890,F8F920,F95E90
object_link_child,1299000,12B7260,F95E90,FA43B0
object_link_goron,12B8000,12CFA90,FA43B0,FB0360
object_link_zora,12D0000,12E2C40,FB0360,FB8BE0
object_link_nuts,12E3000,12EEA30,FB8BE0,FBEBC0
object_mask_ki_tan,12EF000,12EFAD0,FBEBC0,FBF290
object_mask_rabit,12F0000,12F13A0,FBF290,FBFAF0
object_mask_skj,12F2000,12F36E0,FBFAF0,FC0B00
object_mask_truth,12F4000,12F52A0,FC0B00,FC1520
object_mask_gibudo,12F6000,12F6DA0,FC1520,FC22F0
object_mask_json,12F7000,12F8360,FC22F0,FC2F80
object_mask_kerfay,12F9000,12FA5C0,FC2F80,FC3CB0
object_mask_bigelf,12FB000,12FE4B0,FC3CB0,FC5830
object_mask_kyojin,12FF000,12FFCA0,FC5830,FC60A0
object_mask_romerny,1300000,1301A10,FC60A0,FC7070
object_mask_posthat,1302000,1302B50,FC7070,FC7750
object_mask_zacho,1303000,1304690,FC7750,FC8450
object_mask_stone,1305000,1306040,FC8450,FC8E60
object_mask_bree,1307000,1308DA0,FC8E60,FC9FD0
object_mask_gero,1309000,130BE90,FC9FD0,FCB910
object_mask_yofukasi,130C000,130DAA0,FCB910,FCC5D0
object_mask_meoto,130E000,130FCE0,FCC5D0,FCD1F0
object_mask_dancer,1310000,1311B50,FCD1F0,FCE270
object_mask_bakuretu,1312000,1313200,FCE270,FCEE40
object_mask_bu_san,1314000,13153F0,FCEE40,FCFAA0
object_mask_goron,1316000,13177B0,FCFAA0,FD0930
object_mask_zora,1318000,1319090,FD0930,FD1430
object_mask_nuts,131A000,131C0E0,FD1430,FD2780
object_mask_boy,131D000,131F0D0,FD2780,FD3CA0
object_box,1320000,1328120,FD3CA0,FD7C60
object_okuta,1329000,132D680,FD7C60,FDA2C0
object_wallmaster,132E000,1338070,FDA2C0,FE0BD0
object_dy_obj,1339000,13558C0,FE0BD0,FF3690
object_firefly,1356000,13578C0,FF3690,FF4520
object_dodongo,1358000,1361940,FF4520,FFB160
object_niw,1362000,1364540,FFB160,FFC450
object_tite,1365000,1368A30,FFC450,FFEB80
object_ph,1369000,136AC90,FFEB80,FFF940
object_dinofos,136B000,1378640,FFF940,1009C20
object_zl1,1379000,138D3C0,1009C20,1014890
object_bubble,138E000,138F0C0,1014890,1014FF0
object_test3,1390000,139F800,1014FF0,101B970
object_famos,13A0000,13A3E40,101B970,101DD50
object_st,13A4000,13A9BB0,101DD50,1021050
object_thiefbird,13AA000,13B03E0,1021050,1024B80
object_bombf,13B1000,13B2A00,1024B80,1025B20
object_am,13B3000,13B8D30,1025B20,1028B50
object_dekubaba,13B9000,13BC9C0,1028B50,102B340
object_warp1,13BD000,13C5C00,102B340,1032210
object_b_heart,13C6000,13C6640,1032210,10326B0
object_dekunuts,13C7000,13CA790,10326B0,1034970
object_bb,13CB000,13CCA40,1034970,1035880
object_death,13CD000,13D9BD0,1035880,103E570
object_hata,13DA000,13DCFE0,103E570,103FCD0
object_wood02,13DD000,13E67C0,103FCD0,1045BA0
object_trap,13E7000,13E93E0,1045BA0,1047710
object_vm,13EA000,13EDF70,1047710,10497A0
object_efc_star_field,13EE000,13EF7D0,10497A0,104A7F0
object_rd,13F0000,1402180,104A7F0,10561D0
object_yukimura_obj,1403000,14050A0,10561D0,10576C0
object_horse_link_child,1406000,14144F0,10576C0,1062260
object_syokudai,1415000,1418C90,1062260,10644D0
object_efc_tw,1419000,141A2F0,10644D0,1065870
object_gi_key,141B000,141BA20,1065870,1065D40
object_mir_ray,141C000,141CD60,1065D40,1066770
object_ctower_rot,141D000,14355C0,1066770,1074F80
object_bdoor,1436000,143DBA0,1074F80,1079E30
object_sb,143E000,1440CA0,1079E30,107B410
object_gi_melody,1441000,1441D20,107B410,107B9E0
object_gi_heart,1442000,14421F0,107B9E0,107BB70
object_gi_compass,1443000,1443D10,107BB70,107C200
object_gi_bosskey,1444000,1445010,107C200,107C950
object_gi_nuts,1446000,14471C0,107C950,107D4D0
object_gi_hearts,1448000,14497B0,107D4D0,107DE30
object_gi_arrowcase,144A000,144ACB0,107DE30,107E4C0
object_gi_bombpouch,144B000,144BE60,107E4C0,107EB60
object_in,144C000,1468FB0,107EB60,108FC80
object_os_anime,1469000,146BC90,108FC80,1091FF0
object_gi_bottle,146C000,146C8F0,1091FF0,1092500
object_gi_stick,146D000,146D6C0,1092500,1092A20
object_gi_map,146E000,146F160,1092A20,1093720
object_oF1d_map,1470000,1484D90,1093720,10A0050
object_ru2,1485000,14948D0,10A0050,10A8540
object_gi_magicpot,1495000,14961D0,10A8540,10A8DA0
object_gi_bomb_1,1497000,1497CB0,10A8DA0,10A93B0
object_ma2,1498000,14AE730,10A93B0,10B8A70
object_gi_purse,14AF000,14B0B70,10B8A70,10BA360
object_rr,14B1000,14B1E00,10BA360,10BAD10
object_gi_arrow,14B2000,14B3B10,10BAD10,10BB7A0
object_gi_bomb_2,14B4000,14B46A0,10BB7A0,10BBC50
object_gi_shield_2,14B5000,14B6EC0,10BBC50,10BCB80
object_gi_hookshot,14B7000,14B8450,10BCB80,10BD9E0
object_gi_ocarina,14B9000,14B9BB0,10BD9E0,10BE110
object_gi_milk,14BA000,14BB470,10BE110,10BEA80
object_ma1,14BC000,14D7780,10BEA80,10D1D60
object_ny,14D8000,14DA330,10D1D60,10D2E00
object_fr,14DB000,14E6550,10D2E00,10D7420
object_gi_bow,14E7000,14E82F0,10D7420,10D7F40
object_gi_glasses,14E9000,14EA180,10D7F40,10D8750
object_gi_liquid,14EB000,14EC8D0,10D8750,10D91E0
object_ani,14ED000,14F88C0,10D91E0,10E12E0
object_gi_shield_3,14F9000,14FAC00,10E12E0,10E26E0
object_gi_bean,14FB000,14FB8C0,10E26E0,10E2CC0
object_gi_fish,14FC000,14FC950,10E2CC0,10E3280
object_gi_longsword,14FD000,14FD8C0,10E3280,10E3820
object_zo,14FE000,150F440,10E3820,10EE8B0
object_umajump,1510000,1511590,10EE8B0,10EF460
object_mastergolon,1512000,1512110,10EF460,10EF540
object_masterzoora,1513000,15137A0,10EF540,10EFD70
object_aob,1514000,151B770,10EFD70,10F3630
object_ik,151C000,152F6B0,10F3630,10FFF70
object_ahg,1530000,15359B0,10FFF70,1102BA0
object_cne,1536000,15389D0,1102BA0,1103DB0
object_bji,1539000,153EB70,1103DB0,1106B60
object_bba,153F000,15490A0,1106B60,110C240
object_an1,154A000,155DE30,110C240,111A600
object_boj,155E000,15717C0,111A600,112A820
object_fz,1572000,15754D0,112A820,112BA30
object_bob,1576000,157AF20,112BA30,112D7C0
object_ge1,157B000,15871E0,112D7C0,1133E70
object_yabusame_point,1588000,1588E50,1133E70,1134430
object_d_hsblock,1589000,158A760,1134430,11356E0
object_d_lift,158B000,158D330,11356E0,1137600
object_mamenoki,158E000,15906A0,1137600,1139580
object_goroiwa,1591000,159B5A0,1139580,113EBB0
object_toryo,159C000,15A3160,113EBB0,1142210
object_daiku,15A4000,15B1340,1142210,114B0B0
object_nwc,15B2000,15B3CA0,114B0B0,114C310
object_gm,15B4000,15B4010,114C310,114C330
object_ms,15B5000,15B8DD0,114C330,114E3D0
object_hs,15B9000,15BF270,114E3D0,1151740
object_lightswitch,15C0000,15C2420,1151740,1152BD0
object_kusa,15C3000,15C3380,1152BD0,1152E20
object_tsubo,15C4000,15C59F0,1152E20,1154450
object_kanban,15C6000,15C77B0,1154450,1154AE0
object_owl,15C8000,15D85D0,1154AE0,115C590
object_mk,15D9000,15DFCB0,115C590,1160330
object_fu,15E0000,15E6CA0,1160330,1163BA0
object_gi_ki_tan_mask,15E7000,15E7DF0,1163BA0,1164370
object_gi_mask18,15E8000,15E98C0,1164370,1165510
object_gi_rabit_mask,15EA000,15EAF00,1165510,1165D00
object_gi_truth_mask,15EB000,15EC860,1165D00,1166960
object_stream,15ED000,15EDA80,1166960,1166F10
object_mm,15EE000,15FBA60,1166F10,116FF80
object_js,15FC000,1602A20,116FF80,1173BF0
object_cs,1603000,1613B80,1173BF0,117DF70
object_gi_soldout,1614000,16144D0,117DF70,117E200
object_mag,1615000,16367E0,117E200,118B720
object_gi_golonmask,1637000,1638D20,118B720,118C470
object_gi_zoramask,1639000,163A760,118C470,118D000
object_ka,163B000,16431C0,118D000,1190C90
object_zg,1644000,1645200,1190C90,1190F60
object_gi_m_arrow,1646000,1646E80,1190F60,1191620
object_ds2,1647000,164B270,1191620,1193760
object_fish,164C000,16615F0,1193760,119E660
object_gi_sutaru,1662000,1662650,119E660,119E9F0
object_ssh,1663000,1669D90,119E9F0,11A2440
object_bigslime,166A000,167D400,11A2440,11B0380
object_bg,167E000,168FB70,11B0380,11B9520
object_bombiwa,1690000,1696A70,11B9520,11BED70
object_hintnuts,1697000,169A140,11BED70,11C0F80
object_rs,169B000,16A4230,11C0F80,11C6910
object_gla,16A5000,16AF360,11C6910,11CCD90
object_geldb,16B0000,16BB100,11CCD90,11D37C0
object_dog,16BC000,16C4100,11D37C0,11D7A00
object_kibako2,16C5000,16C61C0,11D7A00,11D8870
object_dns,16C7000,16CA500,11D8870,11DAE20
object_dnk,16CB000,16CDB80,11DAE20,11DC9E0
object_gi_insect,16CE000,16CEBF0,11DC9E0,11DD120
object_gi_ghost,16CF000,16CFDB0,11DD120,11DDAB0
object_gi_soul,16D0000,16D0FB0,11DDAB0,11DE2D0
object_f40_obj,16D1000,16D5670,11DE2D0,11E16D0
object_gi_rupy,16D6000,16D6840,11E16D0,11E1B00
object_po_composer,16D7000,16E0940,11E1B00,11E8610
object_mu,16E1000,16ECAE0,11E8610,11F1030
object_wf,16ED000,16F73E0,11F1030,11F7130
object_skb,16F8000,16FEDA0,11F7130,11FC3F0
object_gs,16FF000,16FFA80,11FC3F0,11FCEE0
object_ps,1700000,1707910,11FCEE0,1200C70
object_omoya_obj,1708000,1709B00,1200C70,1201F30
object_crow,170A000,170B0D0,1201F30,12026E0
object_cow,170C000,1710EB0,12026E0,1205040
object_gi_sword_1,1711000,1712220,1205040,1205B60
object_zl4,1713000,1737F60,1205B60,121FD80
object_grasshopper,1738000,173D260,121FD80,12235C0
object_boyo,173E000,173EE90,12235C0,1223FE0
object_fwall,173F000,1744CA0,1223FE0,1226170
object_jso,1745000,1750600,1226170,122DEF0
object_knight,1751000,1773CC0,122DEF0,124A8C0
object_icicle,1774000,17752C0,124A8C0,124BC30
object_spdweb,1776000,17786B0,124BC30,124D110
object_boss01,1779000,179C960,124D110,1266FE0
object_boss02,179D000,17B1DA0,1266FE0,126F5A0
object_boss03,17B2000,17C0EC0,126F5A0,1277380
object_boss04,17C1000,17C5600,1277380,1279A20
object_boss05,17C6000,17CD920,1279A20,127EBD0
object_boss07,17CE000,1818730,127EBD0,12AE5B0
object_raf,1819000,181C440,12AE5B0,12B0010
object_funen,181D000,181D5C0,12B0010,12B0450
object_raillift,181E000,1825EB0,12B0450,12B53D0
object_numa_obj,1826000,183A1B0,12B53D0,12BFE10
object_flowerpot,183B000,183C640,12BFE10,12C0D90
object_spinyroll,183D000,183DFB0,12C0D90,12C1980
object_ice_block,183E000,183FAE0,12C1980,12C2AF0
object_keikoku_demo,1840000,184D330,12C2AF0,12CC9B0
object_slime,184E000,184FC70,12CC9B0,12CDCD0
object_pr,1850000,1854350,12CDCD0,12D0730
object_f52_obj,1855000,1856BE0,12D0730,12D1920
object_f53_obj,1857000,185AA70,12D1920,12D4330
object_kibako,185B000,185CB00,12D4330,12D5270
object_sek,185D000,1861A70,12D5270,12D93C0
object_gmo,1862000,18640F0,12D93C0,12DA820
object_bat,1865000,1865CA0,12DA820,12DAC10
object_sekihil,1866000,1869430,12DAC10,12DCBB0
object_sekihig,186A000,186D410,12DCBB0,12DEBC0
object_sekihin,186E000,1871410,12DEBC0,12E0BE0
object_sekihiz,1872000,1873040,12E0BE0,12E1970
object_wiz,1874000,187F330,12E1970,12E8EB0
object_ladder,1880000,18810A0,12E8EB0,12E9620
object_mkk,1882000,1882510,12E9620,12E9860
object_keikoku_obj,1883000,1888220,12E9860,12ECEB0
object_sichitai_obj,1889000,188B910,12ECEB0,12EF130
object_dekucity_ana_obj,188C000,188D100,12EF130,12F0120
object_rat,188E000,188F870,12F0120,12F0E20
object_water_effect,1890000,1894410,12F0E20,12F3920
object_dblue_object,1895000,18ADE60,12F3920,12FFA10
object_bal,18AE000,18BB5C0,12FFA10,1308480
object_warp_uzu,18BC000,18BE450,1308480,1309750
object_driftice,18BF000,18C0AE0,1309750,130A7F0
object_fall,18C1000,18CBB40,130A7F0,13113C0
object_hanareyama_obj,18CC000,18D0DC0,13113C0,1312F50
object_crace_object,18D1000,18D1E30,1312F50,1313B10
object_dnq,18D2000,18E1520,1313B10,131EEF0
object_obj_tokeidai,18E2000,18F3C80,131EEF0,132AF80
object_eg,18F4000,19071F0,132AF80,1338900
object_tru,1908000,19235E0,1338900,134E2C0
object_trt,1924000,1933F00,134E2C0,13578B0
object_hakugin_obj,1934000,1944440,13578B0,1365180
object_horse_game_check,1945000,1948950,1365180,1367850
object_stk,1949000,19663E0,1367850,137B8D0
object_mnk,1967000,1984530,137B8D0,138F310
object_gi_bottle_red,1985000,1985FD0,138F310,138FCD0
object_tokei_tobira,1986000,19875C0,138FCD0,1390FA0
object_az,1988000,19A2DD0,1390FA0,139DB00
object_twig,19A3000,19A50D0,139DB00,139F210
object_dekucity_obj,19A6000,19AA6C0,139F210,13A2BD0
object_po_fusen,19AB000,19AD500,13A2BD0,13A3E20
object_racetsubo,19AE000,19AF8A0,13A3E20,13A4DA0
object_ha,19B0000,19C50F0,13A4DA0,13AFCB0
object_bigokuta,19C6000,19CCBD0,13AFCB0,13B3930
object_open_obj,19CD000,19DE470,13B3930,13BDCB0
object_fu_kaiten,19DF000,19E2830,13BDCB0,13C0370
object_fu_mato,19E3000,19E6250,13C0370,13C1BE0
object_mtoride,19E7000,19F80A0,13C1BE0,13CC570
object_osn,19F9000,1A19560,13CC570,13E2990
object_tokei_step,1A1A000,1A1A9A0,13E2990,13E3140
object_lotus,1A1B000,1A1BA50,13E3140,13E3960
object_tl,1A1C000,1A24250,13E3960,13E9730
object_dkjail_obj,1A25000,1A261E0,13E9730,13EA320
object_visiblock,1A27000,1A27B00,13EA320,13EAA10
object_tsn,1A28000,1A31310,13EAA10,13EF840
object_ds2n,1A32000,1A3A180,13EF840,13F32A0
object_fsn,1A3B000,1A4F320,13F32A0,13FE040
object_shn,1A50000,1A61220,13FE040,14070D0
object_bigicicle,1A62000,1A64D70,14070D0,14082E0
object_gi_bottle_15,1A65000,1A67000,14082E0,1409520
object_tk,1A67000,1A72A00,1409520,1410420
object_market_obj,1A73000,1A93DD0,1410420,14256D0
object_gi_reserve00,1A94000,1A95C70,14256D0,14269F0
object_gi_reserve01,1A96000,1A97610,14269F0,1427BD0
object_lightblock,1A98000,1A98BB0,1427BD0,1428650
object_takaraya_objects,1A99000,1A99E50,1428650,1428C20
object_wdhand,1A9A000,1A9BE30,1428C20,142A1C0
object_sdn,1A9C000,1AA9C90,142A1C0,14346C0
object_snowwd,1AAA000,1AACAA0,14346C0,1435F10
object_giant,1AAD000,1AC4960,1435F10,144A230
object_comb,1AC5000,1AC60D0,144A230,144ADB0
object_hana,1AC7000,1AC7750,144ADB0,144AFD0
object_boss_hakugin,1AC8000,1ADE840,144AFD0,1457530
object_meganeana_obj,1ADF000,1AE05D0,1457530,1458930
object_gi_nutsmask,1AE1000,1AE2C30,1458930,1459A10
object_stk2,1AE3000,1B1D910,1459A10,1492730
object_spot11_obj,1B1E000,1B1FEF0,1492730,14942E0
object_danpei_object,1B20000,1B23E10,14942E0,1496710
object_dhouse,1B24000,1B2C2C0,1496710,149B650
object_hakaisi,1B2D000,1B2FFF0,149B650,149D110
object_po,1B30000,1B350E0,149D110,14A04F0
object_snowman,1B36000,1B3D730,14A04F0,14A40F0
object_po_sisters,1B3E000,1B445D0,14A40F0,14A81E0
object_pp,1B45000,1B57B00,14A81E0,14B1390
object_goronswitch,1B58000,1B5A9B0,14B1390,14B34A0
object_delf,1B5B000,1B70130,14B34A0,14C0BC0
object_botihasira,1B71000,1B72C10,14C0BC0,14C1E20
object_gi_bigbomb,1B73000,1B74930,14C1E20,14C2BB0
object_pst,1B75000,1B76A90,14C2BB0,14C4000
object_bsmask,1B77000,1B83B90,14C4000,14CB9D0
object_spidertent,1B84000,1B863C0,14CB9D0,14CC910
object_zoraegg,1B87000,1B8C9B0,14CC910,14D04F0
object_kbt,1B8D000,1B9C0E0,14D04F0,14D9850
object_gg,1B9D000,1BAD0E0,14D9850,14E2D70
object_maruta,1BAE000,1BB0FE0,14E2D70,14E43B0
object_ghaka,1BB1000,1BB4D00,14E43B0,14E6790
object_oyu,1BB5000,1BB59C0,14E6790,14E6FE0
object_dnp,1BB6000,1BC8440,14E6FE0,14F6020
object_dai,1BC9000,1BDC0E0,14F6020,15021E0
object_kgy,1BDD000,1BEDBA0,15021E0,150D780
object_fb,1BEE000,1BF4EB0,150D780,15120E0
object_taisou,1BF5000,1BFC780,15120E0,15199A0
object_gk,1BFD000,1C0E720,15199A0,15254A0
object_haka_obj,1C0F000,1C16840,15254A0,152AC20
object_dnt,1C17000,1C222D0,152AC20,1532AB0
object_yukiyama,1C23000,1C29870,1532AB0,1537590
object_icefloe,1C2A000,1C2ACC0,1537590,1537E30
object_gi_gold_dust,1C2B000,1C2C140,1537E30,1538B20
object_gi_bottle_16,1C2D000,1C2E320,1538B20,1539820
object_gi_bottle_22,1C2F000,1C30AC0,1539820,153A990
object_bee,1C31000,1C323A0,153A990,153B220
object_ot,1C33000,1C37B40,153B220,153D8A0
object_utubo,1C38000,1C3CAD0,153D8A0,153FFC0
object_dora,1C3D000,1C42210,153FFC0,1543990
object_gi_loach,1C43000,1C44440,1543990,1544720
object_gi_seahorse,1C45000,1C467D0,1544720,1545580
object_bigpo,1C47000,1C4CC20,1545580,1549410
object_hariko,1C4D000,1C4D420,1549410,1549710
object_dno,1C4E000,1C5C210,1549710,1554720
object_sinkai_kabe,1C5D000,1C5D080,1554720,1554780
object_kin2_obj,1C5E000,1C663C0,1554780,1559100
object_ishi,1C67000,1C67A60,1559100,15598C0
object_hakugin_demo,1C68000,1C6B390,15598C0,155CE80
object_jg,1C6C000,1C87220,155CE80,1570C30
object_gi_sword_2,1C88000,1C89560,1570C30,1571860
object_gi_sword_3,1C8A000,1C8B2A0,1571860,1572460
object_gi_sword_4,1C8C000,1C8D460,1572460,15732D0
object_um,1C8E000,1CA7E20,15732D0,157FB10
object_rb,1CA8000,1CA9EF0,157FB10,1580F30
object_mbar_obj,1CAA000,1CAB9E0,1580F30,1582280
object_ikana_obj,1CAC000,1CC1BA0,1582280,158D070
object_kz,1CC2000,1CD1900,158D070,15985A0
object_tokei_turret,1CD2000,1CD5140,15985A0,159A000
object_zog,1CD6000,1CFF180,159A000,15B9B90
object_rotlift,1D00000,1D04E20,15B9B90,15BD160
object_posthouse_obj,1D05000,1D07980,15BD160,15BE490
object_gi_mask09,1D08000,1D09760,15BE490,15BF2A0
object_gi_mask14,1D0A000,1D0BF80,15BF2A0,15C0690
object_gi_mask15,1D0C000,1D0DB60,15C0690,15C1AD0
object_inibs_object,1D0E000,1D1CEE0,15C1AD0,15CA040
object_tree,1D1D000,1D1EB60,15CA040,15CB250
object_kaizoku_obj,1D1F000,1D2A8A0,15CB250,15D2080
object_gi_reserve_b_00,1D2B000,1D2C030,15D2080,15D2A80
object_gi_reserve_c_00,1D2D000,1D2E0E0,15D2A80,15D3370
object_zob,1D2F000,1D40160,15D3370,15DDB70
object_milkbar,1D41000,1D528B0,15DDB70,15E9930
object_dmask,1D53000,1D572C0,15E9930,15EC240
object_gi_reserve_c_01,1D58000,1D58F00,15EC240,15ECBB0
object_zod,1D59000,1D669C0,15ECBB0,15F3820
object_kumo30,1D67000,1D6A370,15F3820,15F61C0
object_obj_yasi,1D6B000,1D6C460,15F61C0,15F70C0
object_tanron1,1D6D000,1D6D010,15F70C0,15F70E0
object_tanron2,1D6E000,1D6F2A0,15F70E0,15F78C0
object_tanron3,1D70000,1D712A0,15F78C0,15F80A0
object_gi_magicmushroom,1D72000,1D72DE0,15F80A0,15F8A70
object_obj_chan,1D73000,1D764F0,15F8A70,15FAC80
object_gi_mask10,1D77000,1D78CC0,15FAC80,15FBCE0
object_zos,1D79000,1D8F990,15FBCE0,160C1A0
object_an2,1D90000,1D942E0,160C1A0,160FDB0
object_an3,1D95000,1D97A60,160FDB0,1612480
object_f40_switch,1D98000,1D98DF0,1612480,1612D60
object_lodmoon,1D99000,1D9CE20,1612D60,1615410
object_tro,1D9D000,1D9F960,1615410,1616080
object_gi_mask12,1DA0000,1DA0F00,1616080,1616A40
object_gi_mask23,1DA1000,1DA2510,1616A40,16176B0
object_gi_bottle_21,1DA3000,1DA4CA0,16176B0,1618860
object_gi_camera,1DA5000,1DA6860,1618860,1619910
object_kamejima,1DA7000,1DBBEA0,1619910,1628420
object_nb,1DBC000,1DC4C50,1628420,162D480
object_harfgibud,1DC5000,1DDB600,162D480,163C5C0
object_zov,1DDC000,1DF2270,163C5C0,164BA60
object_ah,1DF3000,1DFCE80,164BA60,1650E70
object_hgdoor,1DFD000,1DFED40,1650E70,1652440
object_dor01,1DFF000,1E00650,1652440,16530B0
object_dor02,1E01000,1E02610,16530B0,1654220
object_dor03,1E03000,1E044D0,1654220,16551B0
object_dor04,1E05000,1E06660,16551B0,1656120
object_last_obj,1E07000,1E0BB20,1656120,1659DB0
object_redead_obj,1E0C000,1E0CBB0,1659DB0,165A830
object_ikninside_obj,1E0D000,1E1AE80,165A830,16646B0
object_iknv_obj,1E1B000,1E2E190,16646B0,16705D0
object_pamera,1E2F000,1E3D180,16705D0,1678520
object_hsstump,1E3E000,1E3F1E0,1678520,16794B0
object_zm,1E40000,1E4C890,16794B0,1682550
object_al,1E4D000,1E5ABF0,1682550,168AD10
object_tab,1E5B000,1E636C0,168AD10,168F790
object_secom_obj,1E64000,1E66CF0,168F790,16916A0
object_dt,1E67000,1E72510,16916A0,1697740
object_gi_mask03,1E73000,1E74EB0,1697740,1698A30
object_cha,1E75000,1E76E10,1698A30,169A260
object_obj_dinner,1E77000,1E79640,169A260,169B850
object_gi_reserve_b_01,1E7A000,1E7B6E0,169B850,169C7E0
object_lastday,1E7C000,1E7EA10,169C7E0,169E920
object_bai,1E7F000,1E871B0,169E920,16A3380
object_ikn_demo,1E88000,1E95CC0,16A3380,16AD8C0
object_gi_fieldmap,1E96000,1E97820,16AD8C0,16AEB90
object_big_fwall,1E98000,1E98AC0,16AEB90,16AF400
object_hunsui,1E99000,1E9A940,16AF400,16AFCA0
object_uch,1E9B000,1E9FE60,16AFCA0,16B2810
object_tanron4,1EA0000,1EA0E80,16B2810,16B2D80
object_tanron5,1EA1000,1EA22A0,16B2D80,16B3560
object_in2,1EA3000,1EAF050,16B3560,16BB6C0
object_yb,1EB0000,1EB5F60,16BB6C0,16BE080
object_rz,1EB6000,1EC38F0,16BE080,16C5B60
object_bjt,1EC4000,1EC63A0,16C5B60,16C7320
object_taru,1EC7000,1EC8CE0,16C7320,16C85A0
object_moonston,1EC9000,1ECA230,16C85A0,16C96B0
object_gi_schedule,1ECB000,1ECC8C0,16C96B0,16CA7B0
object_gi_stonemask,1ECD000,1ECE350,16CA7B0,16CB370
object_zoraband,1ECF000,1ECFF40,16CB370,16CC080
object_kepn_koya,1ED0000,1ED8090,16CC080,16D1170
object_obj_usiyane,1ED9000,1EDB2E0,16D1170,16D26E0
object_gi_mask05,1EDC000,1EDDAC0,16D26E0,16D3640
object_gi_mask11,1EDE000,1EDFE90,16D3640,16D4700
object_gi_mask20,1EE0000,1EE1840,16D4700,16D5660
object_nnh,1EE2000,1EE4EA0,16D5660,16D71C0
object_kzsaku,1EE5000,1EE6150,16D71C0,16D7750
object_obj_milk_bin,1EE7000,1EE8A00,16D7750,16D8560
object_random_obj,1EE9000,1EEA2F0,16D8560,16D9100
object_kujiya,1EEB000,1EF11B0,16D9100,16DC540
object_kitan,1EF2000,1EF9FC0,16DC540,16E0600
object_gi_mask06,1EFA000,1EFB8E0,16E0600,16E12B0
object_gi_mask16,1EFC000,1EFDFD0,16E12B0,16E2400
object_astr_obj,1EFE000,1F004D0,16E2400,16E38E0
object_bsb,1F01000,1F0E3E0,16E38E0,16EF050
object_fall2,1F0F000,1F178A0,16EF050,16F3C10
object_sth,1F18000,1F1B210,16F3C10,16F51A0
object_gi_mssa,1F1C000,1F1D470,16F51A0,16F5DD0
object_smtower,1F1E000,1F1F790,16F5DD0,16F7230
object_gi_mask21,1F20000,1F213B0,16F7230,16F7B00
object_yado_obj,1F22000,1F232F0,16F7B00,16F88D0
object_syoten,1F24000,1F28DA0,16F88D0,16FB340
object_moonend,1F29000,1F3BA00,16FB340,17061E0
object_ob,1F3C000,1F53EB0,17061E0,1714380
object_gi_bottle_04,1F54000,1F55260,1714380,1714E50
object_and,1F56000,1F682E0,1714E50,171EE10
object_obj_danpeilift,1F69000,1F69BD0,171EE10,171F6A0
object_drs,1F6A000,1F6FA90,171F6A0,1722D80
object_msmo,1F70000,1F716A0,1722D80,17239B0
object_an4,1F72000,1F7A8D0,17239B0,172BD30
object_wdor01,1F7B000,1F7C6B0,172BD30,172CCE0
object_wdor02,1F7D000,1F7E6B0,172CCE0,172DE50
object_wdor03,1F7F000,1F806B0,172DE50,172EBA0
object_wdor04,1F81000,1F82670,172EBA0,172FBA0
object_wdor05,1F83000,1F84670,172FBA0,17309B0
object_stk3,1F85000,1F8AF60,17309B0,1736B60
object_kinsta1_obj,1F8B000,1F8C2F0,1736B60,1737A20
object_kinsta2_obj,1F8D000,1F8E4F0,1737A20,17387C0
object_bh,1F8F000,1F90E70,17387C0,1739740
object_gi_mask17,1F91000,1F92C50,1739740,173A800
object_gi_mask22,1F93000,1F946E0,173A800,173B710
object_lbfshot,1F95000,1F96510,173B710,173C7B0
object_fusen,1F97000,1F99450,173C7B0,173DF10
object_ending_obj,1F9A000,1FA27E0,173DF10,17436F0
object_gi_mask13,1FA3000,1FA4600,17436F0,17440D0
scene_texture_01,1FA5000,1FA9D00,17440D0,1747760
scene_texture_02,1FAA000,1FABD00,1747760,1748AD0
scene_texture_03,1FAC000,1FB0800,1748AD0,174B2E0
scene_texture_04,1FB1000,1FB6200,174B2E0,174E3B0
scene_texture_05,1FB7000,1FBD800,174E3B0,1752390
scene_texture_06,1FBE000,1FC3460,1752390,1755700
scene_texture_07,1FC4000,1FC4010,1755700,1755720
scene_texture_08,1FC5000,1FCD000,1755720,175A0C0
nintendo_rogo_static,1FCD000,1FCFDC0,175A0C0,175B830
title_static,1FD0000,2026410,175B830,17877A0
parameter_static,2027000,2031F00,17877A0,178B1C0
DBG_020F0000,2032000,20329E0,178B1C0,178B5B0
DBG_020F1000,2033000,20339E0,178B5B0,178BA00
DBG_020F2000,2034000,2034BF0,178BA00,178BDF0
DBG_020F3000,2035000,20359E0,178BDF0,178C2B0
week_static,2036000,2039CC0,178C2B0,0
daytelop_static,203A000,2043B00,178FF70,1791E50
ger_daytelop_static,2044000,204DB00,1791E50,1794310
fra_daytelop_static,204E000,2057B00,1794310,17960E0
esp_daytelop_static,2058000,2061B00,17960E0,1797F70
d2_fine_static,2062000,206E000,1797F70,179A1A0
d2_cloud_static,206E000,207A000,179A1A0,179F8E0
d2_fine_pal_static,207A000,207A200,179F8E0,179FA70
elf_message_field,207B000,207B070,179FA70,179FB00
elf_message_ydan,207C000,207C010,179FB00,179FB20
Z2_20SICHITAI2,207D000,208D630,179FB20,17AC830
Z2_20SICHITAI2_room_00,208E000,20A9240,17AC830,17BB5F0
Z2_20SICHITAI2_room_01,20AA000,20BC620,17BB5F0,17C62C0
Z2_20SICHITAI2_room_02,20BD000,20CA0A0,17C62C0,17CDE60
Z2_WITCH_SHOP,20CB000,20D5BC0,17CDE60,17D4C90
Z2_WITCH_SHOP_room_00,20D6000,20DFA60,17D4C90,17D89F0
Z2_LAST_BS,20E0000,20E7880,17D89F0,17DD290
Z2_LAST_BS_room_00,20E8000,20F0A60,17DD290,17E0630
Z2_HAKASHITA,20F1000,20FD680,17E0630,17E9160
Z2_HAKASHITA_room_00,20FE000,2106040,17E9160,17ECDB0
Z2_HAKASHITA_room_01,2107000,210E630,17ECDB0,17F0AD0
Z2_HAKASHITA_room_02,210F000,2115FE0,17F0AD0,17F3C80
Z2_HAKASHITA_room_03,2116000,211A670,17F3C80,17F60A0
Z2_HAKASHITA_room_04,211B000,21209C0,17F60A0,17F9140
Z2_AYASHIISHOP,2121000,21244A0,17F9140,17FB5E0
Z2_AYASHIISHOP_room_00,2125000,2136A80,17FB5E0,1803910
Z2_AYASHIISHOP_room_01,2137000,213C520,1803910,18058A0
Z2_OMOYA,213D000,2148810,18058A0,180DAD0
Z2_OMOYA_room_00,2149000,21525E0,180DAD0,1811870
Z2_OMOYA_room_01,2153000,2163050,1811870,1818C40
Z2_OMOYA_room_02,2164000,216DFB0,1818C40,181D890
Z2_BOWLING,216E000,21720A0,181D890,1820830
Z2_BOWLING_room_00,2173000,2177D50,1820830,1822540
Z2_SONCHONOIE,2178000,217F500,1822540,1826D30
Z2_SONCHONOIE_room_00,2180000,21895D0,1826D30,182ABD0
Z2_SONCHONOIE_room_01,218A000,2190F80,182ABD0,182E360
Z2_SONCHONOIE_room_02,2191000,219B170,182E360,1833130
Z2_SONCHONOIE_room_03,219C000,21A5D70,1833130,18375E0
Z2_IKANA,21A6000,21C4380,18375E0,1846700
Z2_IKANA_room_00,21C5000,21EE640,1846700,18618B0
Z2_IKANA_room_01,21EF000,21EF490,18618B0,1861AC0
Z2_IKANA_room_02,21F0000,21F3B30,1861AC0,1864040
Z2_IKANA_room_03,21F4000,21F6D60,1864040,1865FF0
Z2_IKANA_room_04,21F7000,21FF870,1865FF0,186B690
Z2_KAIZOKU,2200000,2211D20,186B690,1877420
Z2_KAIZOKU_room_00,2212000,2225F40,1877420,187CDB0
Z2_MILK_BAR,2226000,22333D0,187CDB0,1884F90
Z2_MILK_BAR_room_00,2234000,223EF80,1884F90,1889220
Z2_INISIE_N,223F000,2251630,1889220,1893D60
Z2_INISIE_N_room_00,2252000,2260A40,1893D60,189A580
Z2_INISIE_N_room_01,2261000,226B500,189A580,189F080
Z2_INISIE_N_room_02,226C000,22736F0,189F080,18A1C90
Z2_INISIE_N_room_03,2274000,227E840,18A1C90,18A5FD0
Z2_INISIE_N_room_04,227F000,2286530,18A5FD0,18A8DC0
Z2_INISIE_N_room_05,2287000,22871B0,18A8DC0,18A8ED0
Z2_INISIE_N_room_06,2288000,22881B0,18A8ED0,18A8FE0
Z2_INISIE_N_room_07,2289000,228CB10,18A8FE0,18AA8B0
Z2_INISIE_N_room_08,228D000,2291C50,18AA8B0,18AC7F0
Z2_INISIE_N_room_09,2292000,229A290,18AC7F0,18B0730
Z2_INISIE_N_room_10,229B000,229FA30,18B0730,18B2E50
Z2_INISIE_N_room_11,22A0000,22A01D0,18B2E50,18B2F90
Z2_TAKARAYA,22A1000,22AA880,18B2F90,18B9210
Z2_TAKARAYA_room_00,22AB000,22B2E80,18B9210,18BC370
Z2_INISIE_R,22B3000,22C5080,18BC370,18C64B0
Z2_INISIE_R_room_00,22C6000,22D3470,18C64B0,18CC430
Z2_INISIE_R_room_01,22D4000,22DD650,18CC430,18D08E0
Z2_INISIE_R_room_02,22DE000,22E6410,18D08E0,18D3A10
Z2_INISIE_R_room_03,22E7000,22F1E70,18D3A10,18D81F0
Z2_INISIE_R_room_04,22F2000,22F86A0,18D81F0,18DAE70
Z2_INISIE_R_room_05,22F9000,22F9260,18DAE70,18DB010
Z2_INISIE_R_room_06,22FA000,22FA240,18DB010,18DB180
Z2_INISIE_R_room_07,22FB000,22FB1D0,18DB180,18DB2B0
Z2_INISIE_R_room_08,22FC000,2300430,18DB2B0,18DCB30
Z2_INISIE_R_room_09,2301000,23011D0,18DCB30,18DCC80
Z2_INISIE_R_room_10,2302000,23077D0,18DCC80,18DF860
Z2_INISIE_R_room_11,2308000,230C300,18DF860,18E15B0
Z2_OKUJOU,230D000,2327FA0,18E15B0,18ED600
Z2_OKUJOU_room_00,2328000,232AF80,18ED600,18EE7E0
Z2_OPENINGDAN,232B000,2335E60,18EE7E0,18F4580
Z2_OPENINGDAN_room_00,2336000,23418D0,18F4580,18FA8C0
Z2_OPENINGDAN_room_01,2342000,23486B0,18FA8C0,18FDB60
Z2_MITURIN,2349000,2360390,18FDB60,190C200
Z2_MITURIN_room_00,2361000,236AC50,190C200,1910650
Z2_MITURIN_room_01,236B000,2373870,1910650,1914380
Z2_MITURIN_room_02,2374000,237ACE0,1914380,1917980
Z2_MITURIN_room_03,237B000,2384DC0,1917980,191BBD0
Z2_MITURIN_room_04,2385000,2387450,191BBD0,191CFC0
Z2_MITURIN_room_05,2388000,238E040,191CFC0,191F880
Z2_MITURIN_room_06,238F000,2392010,191F880,19212E0
Z2_MITURIN_room_07,2393000,2396760,19212E0,1923070
Z2_MITURIN_room_08,2397000,239D730,1923070,1926710
Z2_MITURIN_room_09,239E000,23A8DE0,1926710,192B8A0
Z2_MITURIN_room_10,23A9000,23ADEB0,192B8A0,192D670
Z2_MITURIN_room_11,23AE000,23B4DA0,192D670,1930F30
Z2_MITURIN_room_12,23B5000,23B8C90,1930F30,1933F60
Z2_13HUBUKINOMITI,23B9000,23C0DF0,1933F60,193AA60
Z2_13HUBUKINOMITI_room_00,23C1000,23C5520,193AA60,193D850
Z2_CASTLE,23C6000,23D5870,193D850,19475C0
Z2_CASTLE_room_00,23D6000,23EE040,19475C0,1954F10
Z2_CASTLE_room_01,23EF000,23F5260,1954F10,1958110
Z2_CASTLE_room_02,23F6000,23FB740,1958110,195B990
Z2_CASTLE_room_03,23FC000,2401570,195B990,195EA80
Z2_CASTLE_room_04,2402000,240A6E0,195EA80,1963240
Z2_CASTLE_room_05,240B000,240F070,1963240,1965210
Z2_CASTLE_room_06,2410000,24125C0,1965210,1966510
Z2_CASTLE_room_07,2413000,2415670,1966510,19676C0
Z2_CASTLE_room_08,2416000,2416F10,19676C0,1967F30
Z2_CASTLE_room_09,2417000,2417F10,1967F30,1968790
Z2_DEKUTES,2418000,2420E90,1968790,196EF20
Z2_DEKUTES_room_00,2421000,2425360,196EF20,1970980
Z2_MITURIN_BS,2426000,24291B0,1970980,1973980
Z2_MITURIN_BS_room_00,242A000,242BCB0,1973980,19742A0
Z2_SYATEKI_MIZU,242C000,24356C0,19742A0,197A630
Z2_SYATEKI_MIZU_room_00,2436000,243C150,197A630,197CAD0
Z2_HAKUGIN,243D000,24589D0,197CAD0,198F060
Z2_HAKUGIN_room_00,2459000,2461430,198F060,1994C10
Z2_HAKUGIN_room_01,2462000,2468D10,1994C10,199A210
Z2_HAKUGIN_room_02,2469000,24754A0,199A210,19A25C0
Z2_HAKUGIN_room_03,2476000,247B850,19A25C0,19A62F0
Z2_HAKUGIN_room_04,247C000,249D7A0,19A62F0,19BA250
Z2_HAKUGIN_room_05,249E000,24A56A0,19BA250,19BEF80
Z2_HAKUGIN_room_06,24A6000,24A9A50,19BEF80,19C1D20
Z2_HAKUGIN_room_07,24AA000,24B0AB0,19C1D20,19C71C0
Z2_HAKUGIN_room_08,24B1000,24B5FD0,19C71C0,19CA650
Z2_HAKUGIN_room_09,24B6000,24BE440,19CA650,19CFE50
Z2_HAKUGIN_room_10,24BF000,24C2480,19CFE50,19D21C0
Z2_HAKUGIN_room_11,24C3000,24C5F30,19D21C0,19D4280
Z2_HAKUGIN_room_12,24C6000,24CAD10,19D4280,19D7AA0
Z2_HAKUGIN_room_13,24CB000,24CF300,19D7AA0,19DB2C0
Z2_ROMANYMAE,24D0000,24D36B0,19DB2C0,19DDAD0
Z2_ROMANYMAE_room_00,24D4000,24D7360,19DDAD0,19DF870
Z2_PIRATE,24D8000,24EC650,19DF870,19EBA20
Z2_PIRATE_room_00,24ED000,24EFFC0,19EBA20,19ECD70
Z2_PIRATE_room_01,24F0000,24F4E00,19ECD70,19EEA60
Z2_PIRATE_room_02,24F5000,24FA480,19EEA60,19F06E0
Z2_PIRATE_room_03,24FB000,2512960,19F06E0,19F9E70
Z2_PIRATE_room_04,2513000,2516160,19F9E70,19FB510
Z2_PIRATE_room_05,2517000,2526B20,19FB510,19FFCC0
Z2_PIRATE_room_06,2527000,252AD00,19FFCC0,1A01AC0
Z2_PIRATE_room_07,252B000,253CA00,1A01AC0,1A08AF0
Z2_PIRATE_room_08,253D000,25407E0,1A08AF0,1A0A4B0
Z2_PIRATE_room_09,2541000,254AD30,1A0A4B0,1A0EAE0
Z2_PIRATE_room_10,254B000,2555C60,1A0EAE0,1A135C0
Z2_PIRATE_room_11,2556000,255FC70,1A135C0,1A17AD0
Z2_PIRATE_room_12,2560000,256D630,1A17AD0,1A1D170
Z2_PIRATE_room_13,256E000,25721F0,1A1D170,1A1EF60
Z2_PIRATE_room_14,2573000,2574540,1A1EF60,1A1FCF0
Z2_SYATEKI_MORI,2575000,2586CD0,1A1FCF0,1A2B950
Z2_SYATEKI_MORI_room_00,2587000,258D050,1A2B950,1A2E4D0
Z2_SINKAI,258E000,2597EA0,1A2E4D0,1A368F0
Z2_SINKAI_room_00,2598000,259FC50,1A368F0,1A3AF50
Z2_YOUSEI_IZUMI,25A0000,25C33C0,1A3AF50,1A4A750
Z2_YOUSEI_IZUMI_room_00,25C4000,25C90E0,1A4A750,1A4CA40
Z2_YOUSEI_IZUMI_room_01,25CA000,25CF060,1A4CA40,1A4ECD0
Z2_YOUSEI_IZUMI_room_02,25D0000,25D5080,1A4ECD0,1A50F50
Z2_YOUSEI_IZUMI_room_03,25D6000,25DB060,1A50F50,1A531F0
Z2_YOUSEI_IZUMI_room_04,25DC000,25E1090,1A531F0,1A554A0
Z2_KINSTA1,25E2000,25ECC60,1A554A0,1A5C290
Z2_KINSTA1_room_00,25ED000,25EF220,1A5C290,1A5CFB0
Z2_KINSTA1_room_01,25F0000,25FA100,1A5CFB0,1A61050
Z2_KINSTA1_room_02,25FB000,2600620,1A61050,1A63CE0
Z2_KINSTA1_room_03,2601000,26056D0,1A63CE0,1A65B30
Z2_KINSTA1_room_04,2606000,260F050,1A65B30,1A69110
Z2_KINSTA1_room_05,2610000,2611F30,1A69110,1A6A1D0
Z2_KINDAN2,2612000,2621E40,1A6A1D0,1A73FB0
Z2_KINDAN2_room_00,2622000,2628A40,1A73FB0,1A77AE0
Z2_KINDAN2_room_01,2629000,2635310,1A77AE0,1A7C260
Z2_KINDAN2_room_02,2636000,2640340,1A7C260,1A80710
Z2_KINDAN2_room_03,2641000,264A420,1A80710,1A843B0
Z2_KINDAN2_room_04,264B000,264FAC0,1A843B0,1A86380
Z2_KINDAN2_room_05,2650000,2657DF0,1A86380,1A89E10
Z2_TENMON_DAI,2658000,2660780,1A89E10,1A8F690
Z2_TENMON_DAI_room_00,2661000,2673320,1A8F690,1A97220
Z2_TENMON_DAI_room_01,2674000,268CAB0,1A97220,1AA2F10
Z2_LAST_DEKU,268D000,2690F90,1AA2F10,1AA5BE0
Z2_LAST_DEKU_room_00,2691000,269EB00,1AA5BE0,1AAFC00
Z2_LAST_DEKU_room_01,269F000,26A37A0,1AAFC00,1AB32F0
Z2_22DEKUCITY,26A4000,26B1220,1AB32F0,1ABC1F0
Z2_22DEKUCITY_room_00,26B2000,26C3A50,1ABC1F0,1AC40F0
Z2_22DEKUCITY_room_01,26C4000,26D2950,1AC40F0,1ACA390
Z2_22DEKUCITY_room_02,26D3000,26E54F0,1ACA390,1AD27C0
Z2_KAJIYA,26E6000,26ED9D0,1AD27C0,1AD7F80
Z2_KAJIYA_room_00,26EE000,26FB920,1AD7F80,1ADD380
Z2_00KEIKOKU,26FC000,2734580,1ADD380,1AFFEF0
Z2_00KEIKOKU_room_00,2735000,275D860,1AFFEF0,1B12290
Z2_POSTHOUSE,275E000,27677B0,1B12290,1B18930
Z2_POSTHOUSE_room_00,2768000,2770910,1B18930,1B1BC70
Z2_LABO,2771000,277EC40,1B1BC70,1B24E20
Z2_LABO_room_00,277F000,27876A0,1B24E20,1B288B0
Z2_DANPEI2TEST,2788000,278DC50,1B288B0,1B2D020
Z2_DANPEI2TEST_room_00,278E000,27A4C60,1B2D020,1B36F10
Z2_DANPEI2TEST_room_01,27A5000,27AACB0,1B36F10,1B39060
Z2_16GORON_HOUSE,27AB000,27B81C0,1B39060,1B42590
Z2_16GORON_HOUSE_room_00,27B9000,27C55D0,1B42590,1B48030
Z2_16GORON_HOUSE_room_01,27C6000,27CD370,1B48030,1B4B680
Z2_33ZORACITY,27CE000,27DC770,1B4B680,1B57530
Z2_33ZORACITY_room_00,27DD000,27E7050,1B57530,1B5C220
Z2_8ITEMSHOP,27E8000,27F2270,1B5C220,1B62E40
Z2_8ITEMSHOP_room_00,27F3000,27FFA30,1B62E40,1B679D0
Z2_F01,2800000,281C460,1B679D0,1B7AFB0
Z2_F01_room_00,281D000,282A2C0,1B7AFB0,1B81980
Z2_INISIE_BS,282B000,282DC10,1B81980,1B835D0
Z2_INISIE_BS_room_00,282E000,282E1B0,1B835D0,1B836D0
Z2_30GYOSON,282F000,284DDD0,1B836D0,1B98EB0
Z2_30GYOSON_room_00,284E000,286B300,1B98EB0,1BA66D0
Z2_31MISAKI,286C000,2884F90,1BA66D0,1BB8930
Z2_31MISAKI_room_00,2885000,289C470,1BB8930,1BC3E30
Z2_TAKARAKUJI,289D000,289F610,1BC3E30,1BC5DF0
Z2_TAKARAKUJI_room_00,28A0000,28A2E50,1BC5DF0,1BC6FA0
Z2_TORIDE,28A3000,28AF050,1BC6FA0,1BD0B30
Z2_TORIDE_room_00,28B0000,28BD200,1BD0B30,1BD6330
Z2_FISHERMAN,28BE000,28C7150,1BD6330,1BDD2C0
Z2_FISHERMAN_room_00,28C8000,28D0540,1BDD2C0,1BE0A40
Z2_GORONSHOP,28D1000,28DD330,1BE0A40,1BE9540
Z2_GORONSHOP_room_00,28DE000,28E75A0,1BE9540,1BED2D0
Z2_DEKU_KING,28E8000,28F9BC0,1BED2D0,1BF8350
Z2_DEKU_KING_room_00,28FA000,29034E0,1BF8350,1BFC520
Z2_LAST_GORON,2904000,290D5C0,1BFC520,1C01FF0
Z2_LAST_GORON_room_00,290E000,2923E90,1C01FF0,1C0E9B0
Z2_LAST_GORON_room_01,2924000,29284C0,1C0E9B0,1C12090
Z2_24KEMONOMITI,2929000,2930B50,1C12090,1C17EB0
Z2_24KEMONOMITI_room_00,2931000,29371E0,1C17EB0,1C1B370
Z2_F01_B,2938000,2943920,1C1B370,1C24AA0
Z2_F01_B_room_00,2944000,294B280,1C24AA0,1C27C00
Z2_F01C,294C000,295A2B0,1C27C00,1C31850
Z2_F01C_room_00,295B000,2960A30,1C31850,1C33D40
Z2_BOTI,2961000,296F1D0,1C33D40,1C3EE60
Z2_BOTI_room_00,2970000,297C1E0,1C3EE60,1C456C0
Z2_BOTI_room_01,297D000,2985B20,1C456C0,1C4AE00
Z2_HAKUGIN_BS,2986000,298DFB0,1C4AE00,1C50F10
Z2_HAKUGIN_BS_room_00,298E000,2994250,1C50F10,1C538E0
Z2_20SICHITAI,2995000,29A6560,1C538E0,1C612B0
Z2_20SICHITAI_room_00,29A7000,29C4B90,1C612B0,1C723D0
Z2_20SICHITAI_room_01,29C5000,29D9500,1C723D0,1C7E9F0
Z2_20SICHITAI_room_02,29DA000,29E84E0,1C7E9F0,1C87AC0
Z2_21MITURINMAE,29E9000,29F3FF0,1C87AC0,1C8F730
Z2_21MITURINMAE_room_00,29F4000,2A03C40,1C8F730,1C95580
Z2_LAST_ZORA,2A04000,2A18820,1C95580,1CA5350
Z2_LAST_ZORA_room_00,2A19000,2A27760,1CA5350,1CAA680
Z2_11GORONNOSATO2,2A28000,2A2E700,1CAA680,1CAF840
Z2_11GORONNOSATO2_room_00,2A2F000,2A456F0,1CAF840,1CBDDD0
Z2_11GORONNOSATO2_room_01,2A46000,2A486A0,1CBDDD0,1CBF390
Z2_SEA,2A49000,2A65740,1CBF390,1CD1790
Z2_SEA_room_00,2A66000,2A74A60,1CD1790,1CD7610
Z2_SEA_room_01,2A75000,2A7D3A0,1CD7610,1CDA760
Z2_SEA_room_02,2A7E000,2A800C0,1CDA760,1CDB630
Z2_SEA_room_03,2A81000,2A83440,1CDB630,1CDC4F0
Z2_SEA_room_04,2A84000,2A8CB90,1CDC4F0,1CE0340
Z2_SEA_room_05,2A8D000,2A922F0,1CE0340,1CE2FE0
Z2_SEA_room_06,2A93000,2A9ED90,1CE2FE0,1CE87D0
Z2_SEA_room_07,2A9F000,2AA40C0,1CE87D0,1CEB360
Z2_SEA_room_08,2AA5000,2AAF400,1CEB360,1CEF1F0
Z2_SEA_room_09,2AB0000,2AB4AF0,1CEF1F0,1CF0D10
Z2_SEA_room_10,2AB5000,2ABDB20,1CF0D10,1CF4700
Z2_SEA_room_11,2ABE000,2AC8AF0,1CF4700,1CF9190
Z2_SEA_room_12,2AC9000,2AD1570,1CF9190,1CFC710
Z2_SEA_room_13,2AD2000,2AD5790,1CFC710,1CFE240
Z2_SEA_room_14,2AD6000,2AD7B40,1CFE240,1CFF160
Z2_SEA_room_15,2AD8000,2AD9970,1CFF160,1CFFA60
Z2_35TAKI,2ADA000,2AF2800,1CFFA60,1D14140
Z2_35TAKI_room_00,2AF3000,2B0BD10,1D14140,1D21250
Z2_REDEAD,2B0C000,2B19030,1D21250,1D294E0
Z2_REDEAD_room_00,2B1A000,2B1F2F0,1D294E0,1D2B690
Z2_REDEAD_room_01,2B20000,2B28B90,1D2B690,1D2ED30
Z2_REDEAD_room_02,2B29000,2B31080,1D2ED30,1D31F20
Z2_REDEAD_room_03,2B32000,2B39930,1D31F20,1D34D80
Z2_REDEAD_room_04,2B3A000,2B41440,1D34D80,1D37E20
Z2_REDEAD_room_05,2B42000,2B4B3A0,1D37E20,1D3B580
Z2_REDEAD_room_06,2B4C000,2B52EA0,1D3B580,1D3E360
Z2_REDEAD_room_07,2B53000,2B590C0,1D3E360,1D40860
Z2_REDEAD_room_08,2B5A000,2B5C660,1D40860,1D417C0
Z2_REDEAD_room_09,2B5D000,2B5F830,1D417C0,1D42800
Z2_REDEAD_room_10,2B60000,2B62A00,1D42800,1D438E0
Z2_REDEAD_room_11,2B63000,2B6C780,1D438E0,1D492A0
Z2_REDEAD_room_12,2B6D000,2B6DF90,1D492A0,1D49870
Z2_REDEAD_room_13,2B6E000,2B6F890,1D49870,1D4A180
Z2_BANDROOM,2B70000,2B7B8B0,1D4A180,1D51D50
Z2_BANDROOM_room_00,2B7C000,2B8DFD0,1D51D50,1D5CD40
Z2_BANDROOM_room_01,2B8E000,2B99720,1D5CD40,1D63710
Z2_BANDROOM_room_02,2B9A000,2BA85B0,1D63710,1D6B810
Z2_BANDROOM_room_03,2BA9000,2BB3770,1D6B810,1D72290
Z2_BANDROOM_room_04,2BB4000,2BBD650,1D72290,1D77730
Z2_11GORONNOSATO,2BBE000,2BC3700,1D77730,1D7BA20
Z2_11GORONNOSATO_room_00,2BC4000,2BD7C60,1D7BA20,1D87680
Z2_11GORONNOSATO_room_01,2BD8000,2BDAA60,1D87680,1D89060
Z2_GORON_HAKA,2BDB000,2BE3790,1D89060,1D8F090
Z2_GORON_HAKA_room_00,2BE4000,2BEBDB0,1D8F090,1D92970
Z2_SECOM,2BEC000,2BF2A10,1D92970,1D96A20
Z2_SECOM_room_00,2BF3000,2BF62F0,1D96A20,1D98830
Z2_SECOM_room_01,2BF7000,2C069B0,1D98830,1D9F580
Z2_10YUKIYAMANOMURA,2C07000,2C15650,1D9F580,1DA93C0
Z2_10YUKIYAMANOMURA_room_00,2C16000,2C216C0,1DA93C0,1DAEE80
Z2_TOUGITES,2C22000,2C287C0,1DAEE80,1DB3770
Z2_TOUGITES_room_00,2C29000,2C2D5D0,1DB3770,1DB57D0
Z2_DANPEI,2C2E000,2C3EB00,1DB57D0,1DC0BA0
Z2_DANPEI_room_00,2C3F000,2C49BC0,1DC0BA0,1DC6100
Z2_DANPEI_room_01,2C4A000,2C52280,1DC6100,1DC9C40
Z2_DANPEI_room_02,2C53000,2C5F8D0,1DC9C40,1DCF850
Z2_DANPEI_room_03,2C60000,2C69F10,1DCF850,1DD4E80
Z2_DANPEI_room_04,2C6A000,2C6F4B0,1DD4E80,1DD7890
Z2_DANPEI_room_05,2C70000,2C79E70,1DD7890,1DDC450
Z2_DANPEI_room_06,2C7A000,2C85250,1DDC450,1DE0F60
Z2_DANPEI_room_07,2C86000,2C93B10,1DE0F60,1DE7360
Z2_DANPEI_room_08,2C94000,2C9A410,1DE7360,1DEAC50
Z2_IKANAMAE,2C9B000,2CA3090,1DEAC50,1DF16E0
Z2_IKANAMAE_room_00,2CA4000,2CA8BD0,1DF16E0,1DF3F20
Z2_DOUJOU,2CA9000,2CB0530,1DF3F20,1DF96B0
Z2_DOUJOU_room_00,2CB1000,2CB74E0,1DF96B0,1DFBF60
Z2_MUSICHOUSE,2CB8000,2CD1800,1DFBF60,1E0CE50
Z2_MUSICHOUSE_room_00,2CD2000,2CDEA60,1E0CE50,1E12090
Z2_IKNINSIDE,2CDF000,2CEA010,1E12090,1E18F00
Z2_IKNINSIDE_room_00,2CEB000,2CED9E0,1E18F00,1E19E40
Z2_IKNINSIDE_room_01,2CEE000,2CF5840,1E19E40,1E1D5C0
Z2_MAP_SHOP,2CF6000,2CFD020,1E1D5C0,1E227C0
Z2_MAP_SHOP_room_00,2CFE000,2D03860,1E227C0,1E24710
Z2_F40,2D04000,2D18300,1E24710,1E33B40
Z2_F40_room_00,2D19000,2D24E70,1E33B40,1E39740
Z2_F41,2D25000,2D38AF0,1E39740,1E48620
Z2_F41_room_00,2D39000,2D44960,1E48620,1E4DEA0
Z2_10YUKIYAMANOMURA2,2D45000,2D4C060,1E4DEA0,1E52840
Z2_10YUKIYAMANOMURA2_room_00,2D4D000,2D6B490,1E52840,1E64CF0
Z2_10YUKIYAMANOMURA2_room_01,2D6C000,2D6DE30,1E64CF0,1E65DE0
Z2_14YUKIDAMANOMITI,2D6E000,2D73CF0,1E65DE0,1E6A320
Z2_14YUKIDAMANOMITI_room_00,2D74000,2D785B0,1E6A320,1E6CF40
Z2_12HAKUGINMAE,2D79000,2D80560,1E6CF40,1E72C10
Z2_12HAKUGINMAE_room_00,2D81000,2D880B0,1E72C10,1E770C0
Z2_17SETUGEN,2D89000,2D92BB0,1E770C0,1E7D470
Z2_17SETUGEN_room_00,2D93000,2D9A6F0,1E7D470,1E80E10
Z2_17SETUGEN2,2D9B000,2DA3AD0,1E80E10,1E87DF0
Z2_17SETUGEN2_room_00,2DA4000,2DAB1E0,1E87DF0,1E8B7E0
Z2_SEA_BS,2DAC000,2DB12F0,1E8B7E0,1E8FF10
Z2_SEA_BS_room_00,2DB2000,2DB78D0,1E8FF10,1E91F00
Z2_RANDOM,2DB8000,2DC30E0,1E91F00,1E99820
Z2_RANDOM_room_00,2DC4000,2DC6B20,1E99820,1E9AB20
Z2_RANDOM_room_01,2DC7000,2DD0750,1E9AB20,1E9E590
Z2_RANDOM_room_02,2DD1000,2DD81D0,1E9E590,1EA1E10
Z2_RANDOM_room_03,2DD9000,2DE02F0,1EA1E10,1EA5710
Z2_RANDOM_room_04,2DE1000,2DE45C0,1EA5710,1EA70D0
Z2_RANDOM_room_05,2DE5000,2DE8C00,1EA70D0,1EA9020
Z2_YADOYA,2DE9000,2DF8480,1EA9020,1EB15C0
Z2_YADOYA_room_00,2DF9000,2E114C0,1EB15C0,1EBB740
Z2_YADOYA_room_01,2E12000,2E1A330,1EBB740,1EBEEE0
Z2_YADOYA_room_02,2E1B000,2E20EE0,1EBEEE0,1EC1250
Z2_YADOYA_room_03,2E21000,2E260C0,1EC1250,1EC2EB0
Z2_YADOYA_room_04,2E27000,2E2E530,1EC2EB0,1EC55D0
Z2_KONPEKI_ENT,2E2F000,2E36220,1EC55D0,1EC9EE0
Z2_KONPEKI_ENT_room_00,2E37000,2E3D3A0,1EC9EE0,1ECCC90
Z2_INSIDETOWER,2E3E000,2E45F40,1ECCC90,1ECFA40
Z2_INSIDETOWER_room_00,2E46000,2E55A10,1ECFA40,1ED93E0
Z2_INSIDETOWER_room_01,2E56000,2E561B0,1ED93E0,1ED94E0
Z2_26SARUNOMORI,2E57000,2E634E0,1ED94E0,1EE1A40
Z2_26SARUNOMORI_room_00,2E64000,2E675F0,1EE1A40,1EE3710
Z2_26SARUNOMORI_room_01,2E68000,2E6B5E0,1EE3710,1EE5370
Z2_26SARUNOMORI_room_02,2E6C000,2E70260,1EE5370,1EE7B60
Z2_26SARUNOMORI_room_03,2E71000,2E73770,1EE7B60,1EE8F80
Z2_26SARUNOMORI_room_04,2E74000,2E77450,1EE8F80,1EEAB50
Z2_26SARUNOMORI_room_05,2E78000,2E7A770,1EEAB50,1EEBF70
Z2_26SARUNOMORI_room_06,2E7B000,2E7F030,1EEBF70,1EEE1B0
Z2_26SARUNOMORI_room_07,2E80000,2E82770,1EEE1B0,1EEF5F0
Z2_26SARUNOMORI_room_08,2E83000,2E86530,1EEF5F0,1EF12D0
Z2_LOST_WOODS,2E87000,2E969D0,1EF12D0,1EF8CB0
Z2_LOST_WOODS_room_00,2E97000,2E9F0F0,1EF8CB0,1EFE4E0
Z2_LOST_WOODS_room_01,2EA0000,2EA9D20,1EFE4E0,1F05410
Z2_LOST_WOODS_room_02,2EAA000,2EABDC0,1F05410,1F05E30
Z2_LAST_LINK,2EAC000,2EB3310,1F05E30,1F0BAD0
Z2_LAST_LINK_room_00,2EB4000,2EB71C0,1F0BAD0,1F0D9C0
Z2_LAST_LINK_room_01,2EB8000,2EBA600,1F0D9C0,1F0F020
Z2_LAST_LINK_room_02,2EBB000,2EBDEF0,1F0F020,1F11010
Z2_LAST_LINK_room_03,2EBE000,2EC1B50,1F11010,1F13950
Z2_LAST_LINK_room_04,2EC2000,2EC3990,1F13950,1F146C0
Z2_LAST_LINK_room_05,2EC4000,2EC7F30,1F146C0,1F17600
Z2_LAST_LINK_room_06,2EC8000,2EC8B40,1F17600,1F17A40
Z2_LAST_LINK_room_07,2EC9000,2EC9B40,1F17A40,1F17E80
Z2_SOUGEN,2ECA000,2ED4FD0,1F17E80,1F1F5A0
Z2_SOUGEN_room_00,2ED5000,2EDCAE0,1F1F5A0,1F22CE0
Z2_BOMYA,2EDD000,2EE9970,1F22CE0,1F2A510
Z2_BOMYA_room_00,2EEA000,2EF1EE0,1F2A510,1F2D570
Z2_KYOJINNOMA,2EF2000,2F00DB0,1F2D570,1F318E0
Z2_KYOJINNOMA_room_00,2F01000,2F02A30,1F318E0,1F32230
Z2_KOEPONARACE,2F03000,2F0D490,1F32230,1F3AAC0
Z2_KOEPONARACE_room_00,2F0E000,2F16440,1F3AAC0,1F3EE90
Z2_GORONRACE,2F17000,2F26690,1F3EE90,1F4B070
Z2_GORONRACE_room_00,2F27000,2F34B70,1F4B070,1F535C0
Z2_TOWN,2F35000,2F53770,1F535C0,1F689E0
Z2_TOWN_room_00,2F54000,2F6B6A0,1F689E0,1F725B0
Z2_ICHIBA,2F6C000,2F81E40,1F725B0,1F81A90
Z2_ICHIBA_room_00,2F82000,2F8CB00,1F81A90,1F85B70
Z2_BACKTOWN,2F8D000,2F9DEE0,1F85B70,1F91910
Z2_BACKTOWN_room_00,2F9E000,2FA8180,1F91910,1F95B40
Z2_CLOCKTOWER,2FA9000,2FCB660,1F95B40,1FAD0D0
Z2_CLOCKTOWER_room_00,2FCC000,2FDF8B0,1FAD0D0,1FB40B0
Z2_ALLEY,2FE0000,2FED860,1FB40B0,1FBE0E0
Z2_ALLEY_room_00,2FEE000,2FF6CF0,1FBE0E0,1FC1EA0
SPOT00,2FF7000,3003750,1FC1EA0,1FC55C0
SPOT00_room_00,3004000,3004910,1FC55C0,1FC5A10
KAKUSIANA,3005000,3014CD0,1FC5A10,1FD18C0
KAKUSIANA_room_00,3015000,3018A90,1FD18C0,1FD3940
KAKUSIANA_room_01,3019000,301F930,1FD3940,1FD89D0
KAKUSIANA_room_02,3020000,30221A0,1FD89D0,1FD9D90
KAKUSIANA_room_03,3023000,30252A0,1FD9D90,1FDB4D0
KAKUSIANA_room_04,3026000,30279A0,1FDB4D0,1FDC260
KAKUSIANA_room_05,3028000,30296F0,1FDC260,1FDD0D0
KAKUSIANA_room_06,302A000,302C330,1FDD0D0,1FDE3B0
KAKUSIANA_room_07,302D000,302FA80,1FDE3B0,1FE02E0
KAKUSIANA_room_08,3030000,3033160,1FE02E0,1FE21A0
KAKUSIANA_room_09,3034000,3036210,1FE21A0,1FE3520
KAKUSIANA_room_10,3037000,30383A0,1FE3520,1FE4060
KAKUSIANA_room_11,3039000,303B5F0,1FE4060,1FE5BD0
KAKUSIANA_room_12,303C000,30424E0,1FE5BD0,1FE98F0
KAKUSIANA_room_13,3043000,3046760,1FE98F0,1FEB670
KAKUSIANA_room_14,3047000,30492D0,1FEB670,1FEC980
TEST01,304A000,304A400,1FEC980,1FECC20
TEST01_room_00,304B000,304B010,FFFFFFFF,FFFFFFFF
bump_texture_static,304C000,304C010,FFFFFFFF,FFFFFFFF
anime_model_1_static,304D000,304D010,FFFFFFFF,FFFFFFFF
anime_model_2_static,304E000,304E010,FFFFFFFF,FFFFFFFF
anime_model_3_static,304F000,304F010,FFFFFFFF,FFFFFFFF
anime_model_4_static,3050000,3050010,FFFFFFFF,FFFFFFFF
anime_model_5_static,3051000,3051010,FFFFFFFF,FFFFFFFF
anime_model_6_static,3052000,3052010,FFFFFFFF,FFFFFFFF
anime_texture_1_static,3053000,3053010,FFFFFFFF,FFFFFFFF
anime_texture_2_static,3054000,3054010,FFFFFFFF,FFFFFFFF
anime_texture_3_static,3055000,3055010,FFFFFFFF,FFFFFFFF
anime_texture_4_static,3056000,3056010,FFFFFFFF,FFFFFFFF
anime_texture_5_static,3057000,3057040,FFFFFFFF,FFFFFFFF
anime_texture_6_static,0,0,0,0
softsprite_matrix_static,0,0,0,0
