80000400,entrypoint
80000450,cleararena
80000484,bootproc
80000590,Main_ThreadEntry
80000604,Idle_ThreadEntry
800007E0,ViConfig_UpdateVi
800008D8,ViConfig_UpdateBlack
80000920,DmaMgr_StrCmp
80000980,DmaMgr_DmaRomToRam
80000AD0,DmaMgr_AudioDmaHandler
80000AEC,DmaMgr_DmaFromDriveRom
80000BA4,DmaMgr_GetFileName
80000BB0,DmaMgr_ProcessRequest
80000D60,DmaMgr_ThreadEntry
80000DC4,DmaMgr_SendRequest
80000E14,DmaMgr_RequestSync
80000EAC,DmaMgr_Init
80002C80,Locale_Init
80002CB4,Locale_ResetRegion
80002CC8,osSyncPrintf
80002CE0,osDriveRomInit
80002EC0,Mio0_Decompress
80002F70,StackCheck_Init
80003048,StackCheck_Cleanup
800030B8,StackCheck_GetState
80003130,StackCheck_CheckAll
80003188,StackCheck_Check
800031C0,osInvalDCache
80003270,osInvalICache
800032F0,bcmp
80003400,bzero
800034A0,osCreateMesgQueue
800034D0,osRecvMesg
800035F0,osSendMesg
80003720,__osGetFpcCsr
80003730,__osGetSR
80003740,__osSetFpcCsr
80003750,__osSetSR
80003760,osCreateThread
80003830,osSetThreadPri
80003900,osStartThread
80003A10,osStopThread
80003AC0,__osDequeueThread
80003B00,osGetTime
80003B90,__osTimerServicesInit
80003BE8,__osTimerInterrupt
80003D20,__osSetTimerIntr
80003DA0,__osInsertTimer
80003EA0,osViGetNextFramebuffer
80003EE0,osCreateViManager
80004058,viMgrMain
800041E0,osViSetMode
80004260,osViSetSpecialFeatures
800043E0,osViSetXScale
800044A0,osViSetYScale
800044F0,osViSwapBuffer
80004540,__osViSwapContext
80004850,osViBlack
800048B0,osViExtendVStart
800048C0,__osExceptionPreamble
800048D0,__osException
80005094,__osEnqueueAndYield
800051A0,__osEnqueueThread
800051E8,__osPopThread
800051F8,__osNop
80005200,__osDispatchThread
80005380,__osCleanupThread
80005390,__osDisableInt
80005400,__osRestoreInt
80005420,osSetIntMask
800054D0,__osSetHWIntrRoutine
80005530,__osGetHWIntrRoutine
80005560,osCreatePiManager
800056E0,__osEPiRawStartDma
80005AA0,osEPiReadIo
80005B00,osEPiStartDma
80005BA0,osCartRomInit
80005D00,__osDevMgrMain
800061A0,__osPiCreateAccessQueue
800061F4,__osPiGetAccess
80006230,__osPiRelAccess
80006260,skGetId
8000627C,skLaunchSetup
80006298,skLaunch
800062B4,skRecryptListValid
800062D0,skRecryptBegin
800062EC,skRecryptData
80006308,skRecryptComputeState
80006324,skRecryptEnd
80006340,skSignHash
8000635C,skVerifyHash
80006378,skGetConsumption
80006394,skAdvanceTicketWindow
800063B0,skSetLimit
800063CC,skExit
800063E8,skKeepAlive
80006404,skGetRandomKeyData
80006420,skDumpVirage
8000643C,skTest2
80006458,skTest3
80006474,skResetWindow
80006490,skValidateRls
80006540,osGetMemSize
80006550,__createSpeedParam
800065F0,__osInitialize_common
800069D8,__osInitialize_autodetect
800069E0,osWritebackDCache
80006A60,osVirtualToPhysical
80006AD0,bcopy
80006DF0,osJamMesg
80006F20,osSetEventMesg
80006FD0,__osGetCause
80006FE0,__osSetWatchLo
80006FF0,osGetCount
800070D0,__osSetCompare
80007160,__osSiRawReadIo
800071B0,__osSiRawWriteIo
80007200,osDestroyThread
800072E0,osGetThreadPri
80007300,osYieldThread
80007350,__osProbeTLB
80007410,osMapTLBRdb
80007470,osUnmapTLBAll
800074C0,__osViInit
800075C0,__osViGetCurrentContext
800075D0,__osSetGlobalIntMask
80007610,__osResetGlobalIntMask
80007660,__osPiRawStartDma
80007740,osPiGetCmdQueue
80007770,__osEPiRawReadIo
800078F0,__osEPiRawWriteIo
80007A70,__osSiDeviceBusy
80007AA0,__divdi3
80008080,__moddi3
80008610,__udivdi3
80008B80,__umoddi3
80009090,__cmpdi2
800090E0,__floatdidf
80009130,__floatdisf
800091F0,__fixunsdfdi
800093F0,__fixdfdi
80009460,__fixunssfdi
80009660,__fixsfdi
80018A40,EnAObj_SetupAction
80018A4C,EnAObj_Init
80018D8C,EnAObj_Destroy
80018DE8,EnAObj_WaitFinishedTalking
80018E18,EnAObj_SetupWaitTalk
80018E40,EnAObj_WaitTalk
80018EF4,EnAObj_SetupBlockRot
80018F44,EnAObj_BlockRot
80019064,EnAObj_SetupBoulderFragment
8001908C,EnAObj_BoulderFragment
800191AC,EnAObj_SetupBlock
800191EC,EnAObj_Block
800192D4,EnAObj_Update
800193F0,EnAObj_Draw
800194E0,EnItem00_SetupAction
800194EC,EnItem00_Init
80019B54,EnItem00_Destroy
80019B80,func_8001DFC8
80019D80,func_8001E1C8
80019EBC,func_8001E304
8001A180,EnItem00_Collected
8001A2D8,EnItem00_Update
8001A958,EnItem00_Draw
8001AAF0,EnItem00_DrawRupee
8001AC08,EnItem00_DrawCollectible
8001AD48,EnItem00_DrawHeartContainer
8001AE40,EnItem00_DrawHeartPiece
8001AED8,func_8001F404
8001B020,Item_DropCollectible
8001B258,Item_DropCollectible2
8001B42C,Item_DropCollectibleRandom
8001B8E0,EffectBlure_AddVertex
8001BC04,EffectBlure_AddSpace
8001BC48,EffectBlure_InitElements
8001BD00,EffectBlure_Init1
8001BE10,EffectBlure_Init2
8001BF44,EffectBlure_Destroy
8001BF50,EffectBlure_Update
8001C3B4,EffectBlure_UpdateFlags
8001C524,EffectBlure_GetComputedValues
8001CA38,EffectBlure_SetupSmooth
8001CA6C,EffectBlure_DrawElemNoInterpolation
8001CF40,EffectBlure_DrawElemHermiteInterpolation
8001D8CC,EffectBlure_DrawSmooth
8001DB9C,EffectBlure_SetupSimple
8001DBD4,EffectBlure_SetupSimpleAlt
8001DE3C,EffectBlure_DrawSimpleVertices
8001E31C,EffectBlure_DrawSimple
8001E828,EffectBlure_Draw
8001ED10,EffectShieldParticle_Init
8001EF48,EffectShieldParticle_Destroy
8001EFD4,EffectShieldParticle_Update
8001F138,EffectShieldParticle_GetColors
8001FE58,EffectShieldParticle_Draw
80020370,EffectSpark_Init
8002074C,EffectSpark_Destroy
80020758,EffectSpark_Update
8002081C,EffectSpark_Draw
80021A20,func_80026230
80021BC8,func_80026400
80021DAC,func_80026608
80021DF0,func_80026690
80021F98,func_80026860
80022184,func_80026A6C
800221D0,Effect_GetPlayState
800221E0,Effect_GetByIndex
800222F0,Effect_InitStatus
80022304,Effect_InitContext
800223AC,Effect_Add
8002252C,Effect_DrawAll
80022628,Effect_UpdateAll
80022754,Effect_Delete
80022860,Effect_DeleteAll
80022950,EffectSs_InitInfo
80022A34,EffectSs_ClearAll
80022AF4,EffectSs_Delete
80022B54,EffectSs_Reset
80022BE8,EffectSs_FindSlot
80022D20,EffectSs_Insert
80022DB8,EffectSs_Spawn
80022F60,EffectSs_Update
80023000,EffectSs_UpdateAll
800230BC,EffectSs_Draw
80023100,EffectSs_DrawAll
8002324C,EffectSs_LerpInv
800232B0,EffectSs_LerpS16
80023304,EffectSs_LerpU8
800233F0,EffectSs_DrawGEffect
8002362C,EffectSsDust_Spawn
800236E0,func_8002829C
80023748,func_80028304
800237B0,func_8002836C
80023818,func_800283D4
80023880,func_8002843C
800238E8,func_800284A4
80023954,func_80028510
800239C0,func_8002857C
80023A30,func_800285EC
80023AA0,func_8002865C
80023B10,func_800286CC
80023B80,func_8002873C
80023BF0,func_800287AC
80023C60,func_8002881C
80023C9C,func_80028858
80023CD8,func_80028894
80023DD4,func_80028990
80023E98,func_80028A54
80023F5C,EffectSsKiraKira_SpawnSmallYellow
80023FB8,EffectSsKiraKira_SpawnSmall
80023FF4,EffectSsKiraKira_SpawnDispersed
80024130,EffectSsKiraKira_SpawnFocused
80024208,EffectSsBomb_Spawn
80024260,EffectSsBomb2_SpawnFade
800242C8,EffectSsBomb2_SpawnLayered
80024338,EffectSsBlast_Spawn
800243C8,EffectSsBlast_SpawnWhiteShockwaveSetScale
8002441C,EffectSsBlast_SpawnShockwaveSetColor
80024468,EffectSsBlast_SpawnWhiteShockwave
800244A4,EffectSsGSpk_SpawnAccel
80024534,EffectSsGSpk_SpawnNoAccel
800245C8,EffectSsGSpk_SpawnFuse
8002461C,EffectSsGSpk_SpawnRandColor
80024720,EffectSsGSpk_SpawnSmall
80024764,EffectSsDFire_Spawn
800247E4,EffectSsDFire_SpawnFixedScale
80024828,EffectSsBubble_Spawn
80024888,EffectSsGRipple_Spawn
800248E0,EffectSsGSplash_Spawn
80024974,EffectSsGMagma_Spawn
800249AC,EffectSsGFire_Spawn
800249E4,EffectSsLightning_Spawn
80024A5C,EffectSsDtBubble_SpawnColorProfile
80024AD8,EffectSsDtBubble_SpawnCustomColor
80024B68,EffectSsHahen_Spawn
80024BE8,EffectSsHahen_SpawnBurst
80024D30,EffectSsStick_Spawn
80024D84,EffectSsSibuki_Spawn
80024DF4,EffectSsSibuki_SpawnBurst
80024F78,EffectSsSibuki2_Spawn
80024FD8,EffectSsGMagma2_Spawn
80025048,EffectSsStone1_Spawn
8002509C,EffectSsHitMark_Spawn
800250F4,EffectSsHitMark_SpawnFixedScale
80025118,EffectSsHitMark_SpawnCustomScale
80025144,EffectSsFhgFlash_SpawnLightBall
800251B0,EffectSsFhgFlash_SpawnShock
80025214,EffectSsKFire_Spawn
8002527C,EffectSsSolderSrchBall_Spawn
800252E4,EffectSsKakera_Spawn
8002539C,EffectSsIcePiece_Spawn
80025404,EffectSsIcePiece_SpawnBurst
80025598,EffectSsEnIce_SpawnFlyingVec3f
80025638,EffectSsEnIce_SpawnFlyingVec3s
80025704,EffectSsEnIce_Spawn
8002578C,EffectSsFireTail_Spawn
80025824,EffectSsFireTail_SpawnFlame
800258E8,EffectSsFireTail_SpawnFlameOnPlayer
80025938,EffectSsEnFire_SpawnVec3f
800259B0,EffectSsEnFire_SpawnVec3s
80025A5C,EffectSsExtra_Spawn
80025AC4,EffectSsFCircle_Spawn
80025B20,EffectSsDeadDb_Spawn
80025BD8,EffectSsDeadDd_Spawn
80025C8C,EffectSsDeadDd_SpawnRandYellow
80025CFC,EffectSsDeadDs_Spawn
80025D74,EffectSsDeadDs_SpawnStationary
80025DC4,EffectSsDeadSound_Spawn
80025E5C,EffectSsDeadSound_SpawnStationary
80025EAC,EffectSsIceSmoke_Spawn
80025F10,FlagSet_Update
80026330,Overlay_LoadGameState
80026458,Overlay_FreeGameState
80031AC0,ActorOverlayTable_LogPrint
80031AC8,ActorOverlayTable_FaultPrint
80031BA0,ActorOverlayTable_Init
80031BE0,ActorOverlayTable_Cleanup
80031C10,SSNode_SetValue
80031C2C,SSList_SetNull
80031C3C,SSNodeList_SetSSListHead
80031C94,DynaSSNodeList_SetSSListHead
80031CEC,DynaSSNodeList_Initialize
80031D00,DynaSSNodeList_Alloc
80031D50,DynaSSNodeList_ResetCount
80031D5C,DynaSSNodeList_GetNextNodeIdx
80031D8C,BgCheck_Vec3sToVec3f
80031DD0,BgCheck_Vec3fToVec3s
80031E14,CollisionPoly_GetMinY
80031EC0,CollisionPoly_GetNormalF
80031F18,func_80038A28
8003206C,CollisionPoly_GetPointDistanceFromPlane
800320D4,CollisionPoly_GetVertices
80032174,CollisionPoly_GetVerticesByBgId
800321F4,CollisionPoly_CheckYIntersectApprox1
80032328,CollisionPoly_CheckYIntersect
800323D4,CollisionPoly_CheckYIntersectApprox2
80032414,CollisionPoly_CheckXIntersectApprox
800324B8,CollisionPoly_CheckZIntersectApprox
8003255C,CollisionPoly_LineVsPoly
8003283C,CollisionPoly_SphVsPoly
8003290C,StaticLookup_AddPolyToSSList
80032B2C,StaticLookup_AddPoly
80032BC0,BgCheck_RaycastDownStaticList
80032DFC,BgCheck_RaycastDownStatic
80032F14,BgCheck_ComputeWallDisplacement
80032FC4,BgCheck_SphVsStaticWall
80033858,BgCheck_CheckStaticCeiling
80033A30,BgCheck_CheckLineAgainstSSList
80033C54,BgCheck_CheckLineInSubdivision
80033DE0,BgCheck_SphVsFirstStaticPolyList
80033FB0,BgCheck_SphVsFirstStaticPoly
800340E8,BgCheck_GetNearestStaticLookup
8003419C,BgCheck_GetStaticLookup
80034268,BgCheck_GetStaticLookupIndicesFromPos
80034348,BgCheck_GetSubdivisionMinBounds
800344EC,BgCheck_GetSubdivisionMaxBounds
800346B8,BgCheck_GetPolySubdivisionBounds
80034868,BgCheck_PolyIntersectsSubdivision
80034FBC,BgCheck_InitializeStaticLookup
800353BC,BgCheck_IsSpotScene
80035400,BgCheck_TryGetCustomMemsize
80035498,BgCheck_SetSubdivisionDimension
80035520,BgCheck_Allocate
80035904,BgCheck_GetCollisionHeader
8003596C,BgCheck_PosInStaticBoundingBox
80035A28,BgCheck_RaycastDownImpl
80035BF8,BgCheck_CameraRaycastDown1
80035C54,BgCheck_EntityRaycastDown1
80035CB0,BgCheck_EntityRaycastDown2
80035D04,BgCheck_EntityRaycastDown3
80035D68,BgCheck_EntityRaycastDown4
80035DD0,BgCheck_EntityRaycastDown5
80035E28,BgCheck_EntityRaycastDown6
80035E8C,BgCheck_EntityRaycastDown7
80035EF4,BgCheck_AnyRaycastDown1
80035FA8,BgCheck_AnyRaycastDown2
80036060,BgCheck_CameraRaycastDown2
800360C4,BgCheck_EntityRaycastDownWalls
8003612C,BgCheck_EntityRaycastDown9
80036190,BgCheck_CheckWallImpl
800367CC,BgCheck_EntitySphVsWall1
80036830,BgCheck_EntitySphVsWall2
80036894,BgCheck_EntitySphVsWall3
800368FC,BgCheck_EntitySphVsWall4
80036968,BgCheck_CheckCeilingImpl
80036A88,BgCheck_AnyCheckCeiling
80036AD4,BgCheck_EntityCheckCeiling
80036B24,BgCheck_CheckLineImpl
80037004,BgCheck_GetBccFlags
8003704C,BgCheck_CameraLineTest1
800370D8,BgCheck_CameraLineTest2
80037164,BgCheck_EntityLineTest1
800371F0,BgCheck_EntityLineTest2
80037280,BgCheck_EntityLineTest3
8003730C,BgCheck_ProjectileLineTest
80037398,BgCheck_AnyLineTest1
800373DC,BgCheck_AnyLineTest2
80037468,BgCheck_AnyLineTest3
800374F4,BgCheck_SphVsFirstPolyImpl
800375B8,BgCheck_SphVsFirstPoly
800375FC,BgCheck_SphVsFirstWall
80037644,SSNodeList_Initialize
8003765C,SSNodeList_Alloc
800376CC,SSNodeList_GetNextNode
80037708,SSNodeList_GetNextNodeIdx
8003771C,ScaleRotPos_Initialize
8003775C,ScaleRotPos_SetValue
800377AC,ScaleRotPos_Equals
80037880,DynaLookup_ResetLists
800378C0,DynaLookup_Reset
800378E0,DynaLookup_ResetVtxStartIndex
800378EC,BgActor_Initialize
8003794C,BgActor_SetActor
80037A04,BgActor_IsTransformUnchanged
80037A2C,DynaPoly_NullPolyList
80037A38,DynaPoly_AllocPolyList
80037A74,DynaPoly_NullVtxList
80037A80,DynaPoly_AllocVtxList
80037AC8,DynaPoly_SetBgActorPrevTransform
80037B14,DynaPoly_IsBgIdBgActor
80037B34,DynaPoly_Init
80037B80,DynaPoly_Alloc
80037C54,DynaPoly_SetBgActor
80037D14,DynaPoly_GetActor
80037D88,DynaPoly_DisableCollision
80037DE0,DynaPoly_EnableCollision
80037E38,DynaPoly_DisableCeilingCollision
80037E90,DynaPoly_EnableCeilingCollision
80037EE8,DynaPoly_DeleteBgActor
80037F70,DynaPoly_InvalidateLookup
80037F88,DynaPoly_AddBgActorToLookup
800388D4,DynaPoly_UnsetAllInteractFlags
8003896C,DynaPoly_UpdateContext
80038AD8,DynaPoly_UpdateBgActorTransforms
80038B68,BgCheck_RaycastDownDynaList
80038D50,BgCheck_RaycastDownDyna
800391F8,BgCheck_SphVsDynaWallInBgActor
800398BC,BgCheck_SphVsDynaWall
80039AF8,BgCheck_CheckDynaCeilingList
80039D54,BgCheck_CheckDynaCeiling
80039EB8,BgCheck_CheckLineAgainstBgActorSSList
8003A03C,BgCheck_CheckLineAgainstBgActor
8003A158,BgCheck_CheckLineAgainstDyna
8003A310,BgCheck_SphVsFirstDynaPolyList
8003A428,BgCheck_SphVsFirstDynaPolyInBgActor
8003A568,BgCheck_SphVsFirstDynaPoly
8003A6C0,CollisionHeader_SegmentedToVirtual
8003A7A4,CollisionHeader_GetVirtual
8003A7F8,func_800418D0
8003A8A0,BgCheck_ResetPolyCheckTbl
8003A8D8,SurfaceType_GetData
8003A950,SurfaceType_GetBgCamIndex
8003A974,BgCheck_GetBgCamSettingImpl
8003A9BC,BgCheck_GetBgCamSetting
8003AA50,BgCheck_GetBgCamCountImpl
8003AAAC,BgCheck_GetBgCamCount
8003AB40,BgCheck_GetBgCamFuncDataImpl
8003ABC8,BgCheck_GetBgCamFuncData
8003AC5C,SurfaceType_GetExitIndex
8003AC84,SurfaceType_GetFloorType
8003ACAC,func_80041D70
8003ACD4,SurfaceType_GetWallType
8003ACFC,SurfaceType_GetWallFlags
8003AD2C,SurfaceType_CheckWallFlag0
8003AD60,SurfaceType_CheckWallFlag1
8003AD94,SurfaceType_CheckWallFlag2
8003ADC8,SurfaceType_GetFloorProperty2
8003ADF0,SurfaceType_GetFloorProperty
8003AE18,SurfaceType_IsSoft
8003AE40,SurfaceType_IsHorseBlocked
8003AE68,SurfaceType_GetMaterial
8003AE8C,SurfaceType_GetSfxOffset
8003AED4,SurfaceType_GetFloorEffect
8003AEFC,SurfaceType_GetLightSetting
8003AF24,SurfaceType_GetEcho
8003AF4C,SurfaceType_CanHookshot
8003AF74,SurfaceType_IsIgnoredByEntities
8003AFB0,SurfaceType_IsIgnoredByProjectiles
8003AFEC,SurfaceType_IsFloorConveyor
8003B028,SurfaceType_GetConveyorSpeed
8003B050,SurfaceType_GetConveyorDirection
8003B078,func_80042108
8003B0AC,WaterBox_GetSurface1
8003B1B8,WaterBox_GetSurfaceImpl
8003B310,WaterBox_GetSurface2
8003B4AC,WaterBox_GetBgCamIndex
8003B4C0,WaterBox_GetBgCamSetting
8003B518,WaterBox_GetLightIndex
8003B530,func_800425B0
8003B688,func_80042708
8003B738,func_800427B4
8003B7F0,DynaPolyActor_UpdateCarriedActorPos
8003B92C,DynaPolyActor_UpdateCarriedActorRotY
8003B9C0,func_80043334
8003BA30,DynaPolyActor_TransformCarriedActor
8003BB10,DynaPolyActor_Init
8003BB34,DynaPolyActor_UnsetAllInteractFlags
8003BB40,DynaPolyActor_SetActorOnTop
8003BB54,DynaPolyActor_SetPlayerOnTop
8003BB68,DynaPoly_SetPlayerOnTop
8003BB98,DynaPolyActor_SetPlayerAbove
8003BBAC,DynaPoly_SetPlayerAbove
8003BBDC,func_80043538
8003BBF0,DynaPolyActor_IsActorOnTop
8003BC14,DynaPolyActor_IsPlayerOnTop
8003BC38,DynaPolyActor_IsPlayerAbove
8003BC5C,func_800435B4
8003BC80,func_800435D8
800504D0,DamageTable_Get
800504FC,DamageTable_Clear
8007EC70,Path_GetByIndex
8007ECB4,Path_OrientAndGetDistSq
8007EDA0,Path_CopyLastPoint
8007EE40,FrameAdvance_Init
8007EE50,FrameAdvance_Update
8007EEF0,Player_SetBootData
8007F07C,Player_InBlockingCsMode
8007F12C,Player_InCsMode
8007F168,func_8008E9C4
8007F178,Player_IsChildWithHylianShield
8007F1A0,Player_ActionToModelGroup
8007F1EC,Player_SetModelsForHoldingShield
8007F2D8,Player_SetModels
8007F3B0,Player_SetModelGroup
8007F41C,func_8008EC70
8007F454,Player_SetEquipmentData
8007F544,Player_UpdateBottleHeld
8007F598,func_8008EDF0
8007F5B4,func_8008EE08
8007F658,func_8008EEAC
8007F6DC,func_8008EF30
8007F6F4,func_8008EF44
8007F710,Player_IsBurningStickInRange
8007F7E8,Player_GetStrength
8007F834,Player_GetMask
8007F844,Player_UnsetMask
8007F854,Player_HasMirrorShieldEquipped
8007F86C,Player_HasMirrorShieldSetToDraw
8007F898,Player_ActionToMagicSpell
8007F8C4,Player_HoldsHookshot
8007F8E8,func_8008F128
8007F91C,Player_ActionToMeleeWeapon
8007F944,Player_GetMeleeWeaponHeld
8007F968,Player_HoldsTwoHandedWeapon
8007F994,Player_HoldsBrokenKnife
8007F9EC,Player_ActionToBottle
8007FA18,Player_GetBottleHeld
8007FA38,Player_ActionToExplosive
8007FA64,Player_GetExplosiveHeld
8007FA84,func_8008F2BC
8007FAC0,Player_GetEnvironmentalHazard
8007FC38,Player_DrawImpl
8007FFFC,func_8008F87C
80080448,Player_OverrideLimbDrawGameplayCommon
8008079C,Player_OverrideLimbDrawGameplayDefault
80080A88,Player_OverrideLimbDrawGameplayFirstPerson
80080BD8,Player_OverrideLimbDrawGameplayCrawling
80080C1C,func_80090480
80080DA4,Player_UpdateShieldCollider
80080E78,func_800906D4
80080F88,Player_DrawGetItemImpl
8008111C,Player_DrawGetItem
80081194,func_80090A28
80081268,Player_DrawHookshotReticle
8008144C,Player_PostLimbDrawGameplay
80081DB4,Player_InitPauseDrawData
80081EE0,Player_OverrideLimbDrawPause
80082084,Player_DrawPauseImpl
80082788,Player_DrawPause
80082960,func_80092320
80082974,PreNMI_Update
800829BC,PreNMI_Draw
80082A78,PreNMI_Main
80082AAC,PreNMI_Destroy
80082AB8,PreNMI_Init
80082B00,Quake_AddVecGeoToVec3f
80082B80,Quake_UpdateShakeInfo
80082DA8,Quake_CallbackType1
80082E30,Quake_CallbackType5
80082EA4,Quake_CallbackType6
80082F28,Quake_CallbackType3
80082FC0,Quake_CallbackType2
80083030,Quake_CallbackType4
800830C8,Quake_GetFreeIndex
8008312C,Quake_RequestImpl
800831E4,Quake_Remove
8008320C,Quake_GetRequest
80083268,Quake_SetValue
80083398,Quake_SetSpeed
800833E0,Quake_SetDuration
80083430,Quake_GetTimeLeft
80083468,Quake_SetPerturbations
800834D0,Quake_SetOrientation
80083538,Quake_Init
8008358C,Quake_Request
800835B0,Quake_RemoveRequest
800835F8,Quake_Update
8008EC90,SkelAnime_DrawLimbLod
8008EEF8,SkelAnime_DrawLod
8008F0E8,SkelAnime_DrawFlexLimbLod
8008F378,SkelAnime_DrawFlexLod
8008F5F0,SkelAnime_DrawLimbOpa
8008F83C,SkelAnime_DrawOpa
8008FA1C,SkelAnime_DrawFlexLimbOpa
8008FC94,SkelAnime_DrawFlexOpa
8008FEF8,SkelAnime_GetFrameData
80090060,Animation_GetLength
8009009C,Animation_GetLastFrame
800900E4,SkelAnime_DrawLimb
80090324,SkelAnime_Draw
80090514,SkelAnime_DrawFlexLimb
800907A4,SkelAnime_DrawFlex
80090A0C,SkelAnime_GetFrameDataLegacy
80090E10,Animation_GetLimbCountLegacy
80090E4C,Animation_GetLengthLegacy
80090E88,Animation_GetLastFrameLegacy
80090ED0,SkelAnime_InterpFrameTable
80091350,AnimationContext_Reset
8009135C,AnimationContext_SetNextQueue
8009137C,AnimationContext_DisableQueue
800913A4,AnimationContext_AddEntry
800913DC,AnimationContext_SetLoadFrame
800914D8,AnimationContext_SetCopyAll
80091540,AnimationContext_SetInterp
800915B0,AnimationContext_SetCopyTrue
80091620,AnimationContext_SetCopyFalse
80091690,AnimationContext_SetMoveActor
800916EC,AnimationContext_LoadFrame
8009171C,AnimationContext_CopyAll
8009178C,AnimationContext_Interp
800917E8,AnimationContext_CopyTrue
80091868,AnimationContext_CopyFalse
800918EC,AnimationContext_MoveActor
80091980,AnimationContext_Update
80091A20,SkelAnime_InitLink
80091B84,LinkAnimation_SetUpdateFunction
80091BBC,LinkAnimation_Update
80091BE0,LinkAnimation_Morph
80091C9C,LinkAnimation_AnimateFrame
80091D78,LinkAnimation_Loop
80091E18,LinkAnimation_Once
80091EF4,Animation_SetMorph
80091F18,LinkAnimation_Change
80092090,LinkAnimation_PlayOnce
800920F0,LinkAnimation_PlayOnceSetSpeed
80092154,LinkAnimation_PlayLoop
800921B0,LinkAnimation_PlayLoopSetSpeed
80092210,LinkAnimation_CopyJointToMorph
80092240,LinkAnimation_CopyMorphToJoint
80092270,LinkAnimation_LoadToMorph
800922B4,LinkAnimation_LoadToJoint
800922F8,LinkAnimation_InterpJointMorph
80092330,LinkAnimation_BlendToJoint
800923D0,LinkAnimation_BlendToMorph
80092470,LinkAnimation_EndLoop
80092494,Animation_OnFrameImpl
8009254C,LinkAnimation_OnFrame
8009259C,SkelAnime_Init
800926A0,SkelAnime_InitFlex
800927AC,SkelAnime_InitSkin
8009288C,SkelAnime_SetUpdate
800928D8,SkelAnime_Update
800928FC,SkelAnime_Morph
800929BC,SkelAnime_MorphTaper
80092B44,SkelAnime_AnimateFrame
80092C8C,SkelAnime_LoopFull
80092D2C,SkelAnime_LoopPartial
80092DD4,SkelAnime_Once
80092ED8,Animation_ChangeImpl
80093094,Animation_Change
800930DC,Animation_PlayOnce
80093134,Animation_MorphToPlayOnce
80093190,Animation_PlayOnceSetSpeed
800931EC,Animation_PlayLoop
80093240,Animation_MorphToLoop
80093278,Animation_PlayLoopSetSpeed
800932D0,Animation_EndLoop
800932FC,Animation_Reverse
80093320,SkelAnime_CopyFrameTableTrue
80093388,SkelAnime_CopyFrameTableFalse
800933F4,SkelAnime_UpdateTranslation
800935C0,Animation_OnFrame
800935E8,SkelAnime_Free
80093634,SkelAnime_CopyFrameTable
80093680,Skin_UpdateVertices
8009384C,Skin_ApplyLimbModifications
80093CB8,Skin_DrawAnimatedLimb
80093D94,Skin_DrawLimb
80093EBC,Skin_DrawImpl
800940E8,func_800A6330
80094118,func_800A6360
8009414C,func_800A6394
80094184,func_800A63CC
800941C0,Skin_GetLimbPos
80094220,Skin_InitAnimatedLimb
800943FC,Skin_Init
800945CC,Skin_Free
800946A0,func_800A698C
800947DC,Skin_ApplyAnimTransformations
80094B30,SkinMatrix_Vec3fMtxFMultXYZW
80094C18,SkinMatrix_Vec3fMtxFMultXYZ
80094CC8,SkinMatrix_MtxFMtxFMult
80095024,SkinMatrix_GetClear
80095038,SkinMatrix_Clear
80095090,SkinMatrix_MtxFCopy
80095118,SkinMatrix_Invert
800953B8,SkinMatrix_SetScale
8009541C,SkinMatrix_SetRotateZYX
800955AC,SkinMatrix_SetRotateYXZ
8009573C,SkinMatrix_SetTranslate
800957A0,SkinMatrix_SetTranslateRotateZYXScale
80095824,SkinMatrix_SetTranslateRotateYXZScale
800958A8,SkinMatrix_SetTranslateRotateZYX
80095908,SkinMatrix_Vec3fToVec3s
8009594C,SkinMatrix_Vec3sToVec3f
80095990,SkinMatrix_MtxFToMtx
80095BA8,SkinMatrix_MtxFToNewMtx
80095BF0,SkinMatrix_SetRotateAxis
80095D60,func_800A8030
8009FB60,KaleidoManager_LoadOvl
8009FBBC,KaleidoManager_ClearOvl
8009FC0C,KaleidoManager_Init
8009FC7C,KaleidoManager_Destroy
8009FCBC,KaleidoManager_GetRamAddr
8009FD90,KaleidoScopeCall_LoadPlayer
8009FDDC,KaleidoScopeCall_Init
8009FE28,KaleidoScopeCall_Destroy
8009FE48,KaleidoScopeCall_Update
8009FFE8,KaleidoScopeCall_Draw
800A0070,Play_RequestViewpointBgCam
800A00B0,Play_SetViewpoint
800A015C,Play_CheckViewpoint
800A0184,Play_SetShopBrowsingViewpoint
800A01B0,Play_SetupTransition
800A045C,func_800BC88C
800A0474,Play_SetFog
800A04C0,Play_Destroy
800A062C,Play_Init
800A0DA8,Play_Update
800A1E9C,Play_DrawOverlayElements
800A1F34,Play_Draw
800A2978,Play_Main
800A29B8,Play_InCsMode
800A29EC,func_800BFCB8
800A2B98,Play_LoadFile
800A6CE0,Graph_InitTHGA
800A6DF8,Graph_GetNextGameState
800A6EA8,Graph_Init
800A6F18,Graph_Destroy
800A6F24,Graph_TaskSet00
800A7268,Graph_Update
800A751C,Graph_ThreadEntry
800A7614,Graph_Alloc
800A7648,Graph_Alloc2
800A7680,Graph_GfxPlusOne
800A768C,Graph_BranchDlist
800A76A4,Graph_DlistAlloc
800A76E0,ListAlloc_Init
800A76F4,ListAlloc_Alloc
800A7760,ListAlloc_Free
800A77E0,ListAlloc_FreeAll
800A7830,Main
800B28D0,func_800D31A0
800B570C,Fault_AddHungupAndCrash
800B6CE0,AudioSynth_InitNextRingBuf
800B705C,func_800DB03C
800B70E4,AudioSynth_Update
800B72E0,func_800DB2C0
800B7350,AudioSynth_LoadRingBuffer1AtTemp
800B73F8,AudioSynth_SaveRingBuffer1AtTemp
800B74A0,AudioSynth_LeakReverb
800B7504,func_800DB4E4
800B76A0,func_800DB680
800B7848,func_800DB828
800B7A60,AudioSynth_FilterReverb
800B7B08,AudioSynth_MaybeMixRingBuffer1
800B7BB4,func_800DBB94
800B7BBC,AudioSynth_ClearBuffer
800B7BDC,func_800DBBBC
800B7BE4,func_800DBBC4
800B7BEC,func_800DBBCC
800B7BF4,AudioSynth_Mix
800B7C28,func_800DBC08
800B7C30,func_800DBC10
800B7C38,func_800DBC18
800B7C40,AudioSynth_SetBuffer
800B7C74,func_800DBC54
800B7C7C,func_800DBC5C
800B7C84,AudioSynth_DMemMove
800B7CB0,func_800DBC90
800B7CB8,func_800DBC98
800B7CC0,func_800DBCA0
800B7CC8,func_800DBCA8
800B7CD0,AudioSynth_InterL
800B7CF4,AudioSynth_EnvSetup1
800B7D28,func_800DBD08
800B7D30,AudioSynth_LoadBuffer
800B7D58,AudioSynth_SaveBuffer
800B7D80,AudioSynth_EnvSetup2
800B7D9C,func_800DBD7C
800B7DA4,func_800DBD84
800B7DAC,func_800DBD8C
800B7DB4,AudioSynth_S8Dec
800B7DD0,AudioSynth_HiLoGain
800B7E04,AudioSynth_UnkCmd19
800B7E38,func_800DBE18
800B7E40,func_800DBE20
800B7E48,func_800DBE28
800B7E50,func_800DBE30
800B7E58,AudioSynth_UnkCmd3
800B7E7C,func_800DBE5C
800B7E84,func_800DBE64
800B7E8C,func_800DBE6C
800B7E94,AudioSynth_LoadFilterBuffer
800B7EB8,AudioSynth_LoadFilterSize
800B7ED0,AudioSynth_LoadRingBuffer1
800B7F7C,AudioSynth_LoadRingBuffer2
800B8028,AudioSynth_LoadRingBufferPart
800B8094,AudioSynth_SaveRingBufferPart
800B8100,AudioSynth_SaveBufferOffset
800B8144,AudioSynth_MaybeLoadRingBuffer2
800B8184,AudioSynth_LoadReverbSamples
800B81F8,AudioSynth_SaveReverbSamples
800B82FC,AudioSynth_SaveRingBuffer2
800B83A4,AudioSynth_DoOneAudioUpdate
800B8930,AudioSynth_ProcessNote
800B964C,AudioSynth_FinalResample
800B96EC,AudioSynth_ProcessEnvelope
800B9A14,AudioSynth_LoadWaveSamples
800B9B84,AudioSynth_ApplyHaasEffect
800B9E40,AudioHeap_CalculateAdsrDecay
800B9E5C,AudioHeap_InitAdsrDecayTable
800B9FA0,AudioHeap_ResetLoadStatus
800BA068,AudioHeap_DiscardFont
800BA14C,AudioHeap_ReleaseNotesForFont
800BA1D4,AudioHeap_DiscardSequence
800BA258,AudioHeap_WritebackDCache
800BA278,AudioHeap_AllocZeroedAttemptExternal
800BA2D0,AudioHeap_AllocAttemptExternal
800BA328,AudioHeap_AllocDmaMemory
800BA364,AudioHeap_AllocDmaMemoryZeroed
800BA3A0,AudioHeap_AllocZeroed
800BA3FC,AudioHeap_Alloc
800BA454,AudioHeap_InitPool
800BA47C,AudioHeap_InitPersistentCache
800BA490,AudioHeap_InitTemporaryCache
800BA4C0,AudioHeap_ResetPool
800BA4D0,AudioHeap_PopPersistentCache
800BA610,AudioHeap_InitMainPools
800BA670,AudioHeap_InitSessionPools
800BA6F4,AudioHeap_InitCachePools
800BA778,AudioHeap_InitPersistentPoolsAndCaches
800BA83C,AudioHeap_InitTemporaryPoolsAndCaches
800BA900,AudioHeap_AllocCached
800BB094,AudioHeap_SearchCaches
800BB0EC,AudioHeap_SearchRegularCaches
800BB1F8,func_800DF1D8
800BB5CC,AudioHeap_ClearFilter
800BB5FC,AudioHeap_LoadLowPassFilter
800BB650,AudioHeap_LoadHighPassFilter
800BB6A8,AudioHeap_LoadFilter
800BB7DC,AudioHeap_UpdateReverb
800BB7E4,AudioHeap_UpdateReverbs
800BB8A8,AudioHeap_ClearCurrentAiBuffer
800BB914,AudioHeap_ResetStep
800BBC18,AudioHeap_Init
800BC508,AudioHeap_SearchPermanentCache
800BC560,AudioHeap_AllocPermanent
800BC5E4,AudioHeap_AllocSampleCache
800BC654,AudioHeap_InitSampleCaches
800BC6EC,AudioHeap_AllocTemporarySampleCacheEntry
800BC984,AudioHeap_UnapplySampleCacheForFont
800BCAF8,AudioHeap_DiscardSampleCacheEntry
800BCBD4,AudioHeap_UnapplySampleCache
800BCC18,AudioHeap_AllocPersistentSampleCacheEntry
800BCCA0,AudioHeap_DiscardSampleCacheForFont
800BCCDC,AudioHeap_DiscardSampleCaches
800BCE2C,AudioHeap_ChangeStorage
800BCE8C,AudioHeap_DiscardSampleBank
800BCEB0,AudioHeap_ApplySampleBankCache
800BCED4,AudioHeap_ApplySampleBankCacheInternal
800BD168,AudioHeap_DiscardSampleBanks
800BD210,AudioLoad_DecreaseSampleDmaTtls
800BD2FC,AudioLoad_DmaSampleData
800BD638,AudioLoad_InitSampleDmaBuffers
800BD8D0,AudioLoad_IsFontLoadComplete
800BD948,AudioLoad_IsSeqLoadComplete
800BD9C0,AudioLoad_IsSampleLoadComplete
800BDA38,AudioLoad_SetFontLoadStatus
800BDA68,AudioLoad_SetSeqLoadStatus
800BDA98,AudioLoad_SetSampleFontLoadStatusAndApplyCaches
800BDAF8,AudioLoad_SetSampleFontLoadStatus
800BDB28,AudioLoad_InitTable
800BDB88,AudioLoad_SyncLoadSeqFonts
800BDC38,AudioLoad_SyncLoadSeqParts
800BDC98,AudioLoad_SyncLoadSample
800BDD84,AudioLoad_SyncLoadInstrument
800BDE54,AudioLoad_AsyncLoad
800BDE8C,AudioLoad_AsyncLoadSeq
800BDED0,AudioLoad_AsyncLoadSampleBank
800BDF14,AudioLoad_AsyncLoadFont
800BDF58,AudioLoad_GetFontsForSequence
800BDF9C,AudioLoad_DiscardSeqFonts
800BE04C,AudioLoad_DiscardFont
800BE0F4,AudioLoad_SyncInitSeqPlayer
800BE144,AudioLoad_SyncInitSeqPlayerSkipTicks
800BE19C,AudioLoad_SyncInitSeqPlayerInternal
800BE2E4,AudioLoad_SyncLoadSeq
800BE338,AudioLoad_GetSampleBank
800BE358,AudioLoad_TrySyncLoadSampleBank
800BE474,AudioLoad_SyncLoadFont
800BE578,AudioLoad_SyncLoad
800BE788,AudioLoad_GetRealTableIndex
800BE7C4,AudioLoad_SearchCaches
800BE818,AudioLoad_GetLoadTable
800BE85C,AudioLoad_RelocateFont
800BEAC8,AudioLoad_SyncDma
800BEBEC,AudioLoad_SyncDmaUnkMedium
800BEC00,AudioLoad_Dma
800BECD8,AudioLoad_Unused1
800BECE0,AudioLoad_SyncLoadSimple
800BED00,AudioLoad_AsyncLoadInner
800BF00C,AudioLoad_ProcessLoads
800BF03C,AudioLoad_SetDmaHandler
800BF048,AudioLoad_SetUnusedHandler
800BF054,AudioLoad_InitSoundFont
800BF0B4,AudioLoad_Init
800BF420,AudioLoad_InitSlowLoads
800BF434,AudioLoad_SlowLoadSample
800BF600,AudioLoad_GetFontSample
800BF690,AudioLoad_Unused2
800BF698,AudioLoad_FinishSlowLoad
800BF70C,AudioLoad_ProcessSlowLoads
800BF894,AudioLoad_DmaSlowCopy
800BF918,AudioLoad_DmaSlowCopyUnkMedium
800BF92C,AudioLoad_SlowLoadSeq
800BFA34,AudioLoad_InitAsyncLoads
800BFA64,AudioLoad_StartAsyncLoadUnkMedium
800BFAE8,AudioLoad_StartAsyncLoad
800BFC0C,AudioLoad_ProcessAsyncLoads
800BFD30,AudioLoad_ProcessAsyncLoadUnkMedium
800BFD3C,AudioLoad_FinishAsyncLoad
800BFE78,AudioLoad_ProcessAsyncLoad
800BFFD4,AudioLoad_AsyncDma
800C0064,AudioLoad_AsyncDmaUnkMedium
800C0078,AudioLoad_RelocateSample
800C01B8,AudioLoad_RelocateFontAndPreloadSamples
800C05B0,AudioLoad_ProcessSamplePreloads
800C0764,AudioLoad_AddToSampleSet
800C07AC,AudioLoad_GetSamplesForFont
800C08E0,AudioLoad_AddUsedSample
800C0938,AudioLoad_PreloadSamplesForFont
800C0DB4,AudioLoad_LoadPermanentSamples
800C0EF4,AudioLoad_Unused3
800C0EFC,AudioLoad_Unused4
800C0F04,AudioLoad_Unused5
800C0F0C,AudioLoad_ScriptLoad
800C0F78,AudioLoad_ProcessScriptLoads
800C0FD0,AudioLoad_InitScriptLoads
800C1000,func_800E4FE0
800C1020,func_800E5000
800C15A4,func_800E5584
800C1978,func_800E5958
800C19CC,func_800E59AC
800C1A14,Audio_InitMesgQueuesInternal
800C1AAC,Audio_QueueCmd
800C1AF8,Audio_QueueCmdF32
800C1B1C,Audio_QueueCmdS32
800C1B40,Audio_QueueCmdS8
800C1B70,Audio_QueueCmdU16
800C1BA0,Audio_ScheduleProcessCmds
800C1C30,Audio_ResetCmdQueue
800C1C48,Audio_ProcessCmd
800C1D8C,Audio_ProcessCmds
800C1E40,func_800E5E20
800C1EA4,func_800E5E84
800C1EC4,Audio_GetSampleBankIdsOfFont
800C1EFC,func_800E5EDC
800C1F54,func_800E5F34
800C1FA8,func_800E5F88
800C2044,Audio_PreNMIInternal
800C2090,func_800E6070
800C20E4,func_800E60C4
800C210C,Audio_InitExternalPool
800C213C,Audio_DestroyExternalPool
800C2148,func_800E6128
800C2320,func_800E6300
800C24D0,func_800E64B0
800C2518,func_800E64F8
800C253C,func_800E651C
800C2570,Audio_WaitForAudioTask
800C25B0,func_800E6590
800C26A0,func_800E6680
800C26C0,func_800E66A0
800C26E0,func_800E66C0
800C27E0,Audio_NextRandom
800C2838,Audio_InitMesgQueues
800C2860,Audio_InvalDCache
800C28A0,Audio_WritebackDCache
800C28E0,osAiSetNextBuffer
800C2960,Audio_InitNoteSub
800C2DD8,Audio_NoteSetResamplingRate
800C2E88,Audio_NoteInit
800C2F48,Audio_NoteDisable
800C2FAC,Audio_ProcessNotes
800C347C,Audio_GetInstrumentTunedSample
800C34B8,Audio_GetInstrumentInner
800C358C,Audio_GetDrum
800C3670,Audio_GetSoundEffect
800C3764,Audio_SetFontInstrument
800C38A8,Audio_SeqLayerDecayRelease
800C3B80,Audio_SeqLayerNoteDecay
800C3BA0,Audio_SeqLayerNoteRelease
800C3BC0,Audio_BuildSyntheticWave
800C3CC4,Audio_InitSyntheticWave
800C3D1C,Audio_InitNoteList
800C3D2C,Audio_InitNoteLists
800C3D7C,Audio_InitNoteFreeList
800C3E20,Audio_NotePoolClear
800C3F80,Audio_NotePoolFill
800C40BC,Audio_AudioListPushFront
800C40FC,Audio_AudioListRemove
800C4128,Audio_FindNodeWithPrioLessThan
800C41A8,Audio_NoteInitForLayer
800C42E0,func_800E82C0
800C4314,Audio_NoteReleaseAndTakeOwnership
800C4340,Audio_AllocNoteFromDisabled
800C438C,Audio_AllocNoteFromDecaying
800C43DC,Audio_AllocNoteFromActive
800C44D4,Audio_AllocNote
800C47A8,Audio_NoteInitAll
800C48E0,Audio_SequenceChannelProcessSound
800C4AA8,Audio_SequencePlayerProcessSound
800C4BF4,Audio_GetPortamentoFreqScale
800C4C50,Audio_GetVibratoPitchChange
800C4C88,Audio_GetVibratoFreqScale
800C4EC4,Audio_NoteVibratoUpdate
800C4F20,Audio_NoteVibratoInit
800C4FD8,Audio_NotePortamentoInit
800C5004,Audio_AdsrInit
800C5024,Audio_AdsrUpdate
800C5360,AudioSeq_GetScriptControlFlowArgument
800C53C8,AudioSeq_HandleScriptFlowControl
800C55A4,AudioSeq_InitSequenceChannel
800C56F8,AudioSeq_SeqChannelSetLayer
800C581C,AudioSeq_SeqLayerDisable
800C5898,AudioSeq_SeqLayerFree
800C58E8,AudioSeq_SequenceChannelDisable
800C5954,AudioSeq_SequencePlayerSetupChannels
800C5A4C,AudioSeq_SequencePlayerDisableChannels
800C5ACC,AudioSeq_SequenceChannelEnable
800C5B64,AudioSeq_SequencePlayerDisableAsFinished
800C5B8C,AudioSeq_SequencePlayerDisable
800C5C48,AudioSeq_AudioListPushBack
800C5C88,AudioSeq_AudioListPopBack
800C5CC8,AudioSeq_InitLayerFreelist
800C5D68,AudioSeq_ScriptReadU8
800C5D7C,AudioSeq_ScriptReadS16
800C5DB4,AudioSeq_ScriptReadCompressedU16
800C5DF4,AudioSeq_SeqLayerProcessScript
800C5EF8,AudioSeq_SeqLayerProcessScriptStep1
800C5F84,AudioSeq_SeqLayerProcessScriptStep5
800C60E0,AudioSeq_SeqLayerProcessScriptStep2
800C6460,AudioSeq_SeqLayerProcessScriptStep4
800C6B00,AudioSeq_SeqLayerProcessScriptStep3
800C6F14,AudioSeq_SetChannelPriorities
800C6F44,AudioSeq_GetInstrument
800C6FB8,AudioSeq_SetInstrument
800C7064,AudioSeq_SequenceChannelSetVolume
800C7088,AudioSeq_SequenceChannelProcessScript
800C7D78,AudioSeq_SequencePlayerProcessSequence
800C8584,AudioSeq_ProcessSequences
800C8638,AudioSeq_SkipForwardSequence
800C8688,AudioSeq_ResetSequencePlayer
800C8754,AudioSeq_InitSequencePlayerChannels
800C882C,AudioSeq_InitSequencePlayer
800C88FC,AudioSeq_InitSequencePlayers
800C8980,AudioOcarina_SetCustomButtonMapping
800C8A20,AudioOcarina_ReadControllerInput
800C8A80,AudioOcarina_BendPitchTwoSemitones
800C8B10,AudioOcarina_GetPlayingState
800C8B54,AudioOcarina_MapNoteToButton
800C8B9C,AudioOcarina_MapNotesToScarecrowButtons
800C8C24,AudioOcarina_Start
800C8DDC,AudioOcarina_CheckIfStartedSong
800C8E18,AudioOcarina_CheckSongsWithMusicStaff
800C9220,AudioOcarina_CheckSongsWithoutMusicStaff
800C9478,AudioOcarina_PlayControllerInput
800C9868,AudioOcarina_EnableInput
800C9878,AudioOcarina_SetInstrument
800C995C,AudioOcarina_SetPlaybackSong
800C9A5C,AudioOcarina_PlaybackSong
800C9D88,AudioOcarina_SetRecordingSong
800CA190,AudioOcarina_SetRecordingState
800CA2BC,AudioOcarina_UpdateRecordingStaff
800CA2F4,AudioOcarina_UpdatePlayingStaff
800CA338,AudioOcarina_UpdatePlaybackStaff
800CA3E8,AudioOcarina_GetRecordingStaff
800CA3F4,AudioOcarina_GetPlayingStaff
800CA418,AudioOcarina_GetPlaybackStaff
800CA424,AudioOcarina_RecordSong
800CA59C,AudioOcarina_MemoryGameInit
800CA60C,AudioOcarina_MemoryGameNextNote
800CA714,AudioOcarina_Update
800CA844,AudioOcarina_PlayLongScarecrowSong
800CA950,AudioOcarina_ResetStaffs
800CA99C,AudioDebug_SetInput
800CA9A4,AudioDebug_ToStringBinary
800CA9B0,AudioDebug_Draw
800CAA54,func_800F3138
800CAA5C,func_800F3140
800CAA68,func_800F314C
800CAAA4,Audio_ComputeSfxVolume
800CAC0C,Audio_ComputeSfxReverb
800CAD84,Audio_ComputeSfxPanSigned
800CAF08,Audio_ComputeSfxFreqScale
800CB0D4,func_800F37B8
800CB2AC,func_800F3990
800CB324,Audio_SetSfxProperties
800CB7FC,Audio_ResetSfxChannelState
800CB864,Audio_PlayCutsceneEffectsSequence
800CB8AC,func_800F3F84
800CB938,func_800F4010
800CBA58,func_800F4138
800CBAB0,func_800F4190
800CBB00,Audio_PlaySfxRandom
800CBB74,func_800F4254
800CBC8C,func_800F436C
800CBD34,func_800F4414
800CBE0C,func_800F44EC
800CBE44,func_800F4524
800CBE98,func_800F4578
800CBEF0,func_800F45D0
800CBF54,Audio_PlaySfxRiver
800CC000,Audio_PlaySfxWaterfall
800CC0A4,Audio_StepFreqLerp
800CC0DC,Audio_SetBgmVolumeOffDuringFanfare
800CC11C,Audio_SetBgmVolumeOnDuringFanfare
800CC15C,Audio_SetMainBgmVolume
800CC190,Audio_SetGanonsTowerBgmVolumeLevel
800CC23C,Audio_SetGanonsTowerBgmVolume
800CC374,Audio_LowerMainBgmVolume
800CC390,Audio_UpdateRiverSoundVolumes
800CC478,Audio_PlaySfxIncreasinglyTransposed
800CC508,Audio_ResetIncreasingTranspose
800CC514,Audio_PlaySfxTransposed
800CC578,func_800F4C58
800CC750,func_800F4E30
800CC9EC,Audio_ClearSariaBgm
800CCA0C,Audio_ClearSariaBgmAtPos
800CCA2C,Audio_SplitBgmChannels
800CCBC0,Audio_PlaySariaBgm
800CCE24,Audio_ClearSariaBgm2
800CCE30,Audio_PlayMorningSceneSequence
800CCE70,Audio_PlaySceneSequence
800CCFC8,Audio_UpdateSceneSequenceResumePoint
800CD038,Audio_PlayWindmillBgm
800CD06C,Audio_SetMainBgmTempoFreqAfterFanfare
800CD238,Audio_SetFastTempoForTimedMinigame
800CD27C,Audio_PlaySequenceInCutscene
800CD308,Audio_StopSequenceInCutscene
800CD378,Audio_IsSequencePlaying
800CD3EC,func_800F5ACC
800CD460,func_800F5B58
800CD4F8,func_800F5BF0
800CD534,func_800F5C2C
800CD56C,Audio_PlayFanfare
800CD600,Audio_UpdateFanfare
800CD720,Audio_PlaySequenceWithSeqPlayerIO
800CD798,Audio_SetSequenceMode
800CDA14,Audio_SetBgmEnemyVolume
800CDB68,Audio_UpdateMalonSinging
800CDDCC,func_800F64E0
800CDE70,Audio_ToggleMalonSinging
800CDFAC,Audio_SetEnvReverb
800CDFC8,Audio_SetCodeReverb
800CDFEC,func_800F6700
800CE08C,Audio_SetBaseFilter
800CE114,Audio_SetExtraFilter
800CE1A8,Audio_SetCutsceneFlag
800CE1C0,Audio_PlaySfxGeneralIfNotInCutscene
800CE208,Audio_PlaySfxIfNotInCutscene
800CE250,func_800F6964
800CE39C,Audio_StopBgmAndFanfare
800CE428,func_800F6B3C
800CE454,Audio_DisableAllSeq
800CE4A4,func_800F6BB8
800CE4C8,func_800F6BDC
800CE500,Audio_PreNMI
800CE520,func_800F6C34
800CE644,Audio_SetNatureAmbienceChannelIO
800CE758,Audio_StartNatureAmbienceSequence
800CE85C,Audio_PlayNatureAmbienceSequence
800CE9A0,Audio_Init
800CE9C4,Audio_InitSound
800CEA18,func_800F7170
800CEA64,func_800F71BC
800CEAB0,func_800F7208
800CEB10,Audio_SetSfxBanksMute
800CEB68,Audio_QueueSeqCmdMute
800CEBCC,Audio_ClearBGMMute
800CEC3C,Audio_PlaySfxGeneral
800CECBC,Audio_RemoveMatchingSfxRequests
800CEE5C,Audio_ProcessSfxRequest
800CF2F8,Audio_RemoveSfxBankEntry
800CF490,Audio_ChooseActiveSfx
800CFBD0,Audio_PlayActiveSfx
800CFEF0,Audio_StopSfxByBank
800CFFD4,func_800F8884
800D00F0,Audio_StopSfxByPosAndBank
800D0138,Audio_StopSfxByPos
800D0194,Audio_StopSfxByPosAndId
800D02F0,Audio_StopSfxByTokenAndId
800D0454,Audio_StopSfxById
800D058C,Audio_ProcessSfxRequests
800D05F0,Audio_SetUnusedBankLerp
800D0684,Audio_StepUnusedBankLerp
800D06D8,func_800F8F88
800D0744,Audio_IsSfxPlaying
800D07AC,Audio_ResetSfx
800D0970,Audio_StartSequence
800D0AF4,Audio_StopSequence
800D0B7C,Audio_ProcessSeqCmd
800D1640,Audio_QueueSeqCmd
800D1668,Audio_ProcessSeqCmds
800D16E8,Audio_GetActiveSeqId
800D1750,Audio_IsSeqCmdNotQueued
800D17A8,Audio_ResetSequenceRequests
800D17C0,Audio_ReplaceSeqCmdSetupOpVolRestore
800D1874,Audio_SetVolumeScale
800D1A10,Audio_UpdateActiveSequences
800D2368,func_800FAD34
800D242C,Audio_ResetActiveSequences
800D24E8,Audio_ResetActiveSequencesAndVolume
800D2930,GfxPrint_Setup
800D2D7C,GfxPrint_SetColor
800D2DC8,GfxPrint_SetPosPx
800D2DEC,GfxPrint_SetPos
800D2E14,GfxPrint_SetBasePosPx
800D2E28,GfxPrint_PrintCharImpl
800D32BC,GfxPrint_PrintChar
800D347C,GfxPrint_PrintStringWithSize
800D34D8,GfxPrint_PrintString
800D3530,GfxPrint_Callback
800D355C,GfxPrint_Init
800D35E4,GfxPrint_Destroy
800D35EC,GfxPrint_Open
800D3620,GfxPrint_Close
800D3650,GfxPrint_VPrintf
800D3670,GfxPrint_Printf
800D3D40,RcpUtils_PrintRegisterStatus
800D3D68,RcpUtils_Reset
800D4B50,PrintUtils_VPrintf
800D4B84,PrintUtils_Printf
800D4D80,Math_FTanF
800D4DB4,Math_FFloorF
800D4DD4,Math_FCeilF
800D4DF4,Math_FRoundF
800D4E14,Math_FTruncF
800D4E34,Math_FNearbyIntF
800D4E54,Math_FAtanTaylorQF
800D4EA0,Math_FAtanTaylorF
800D4FC4,Math_FAtanContFracF
800D5110,Math_FAtanF
800D5150,Math_FAtan2F
800D5238,Math_FAsinF
800D5268,Math_FAcosF
800D5290,floorf
800D529C,floor
800D52A8,lfloorf
800D52B8,lfloor
800D52C8,ceilf
800D52D4,ceil
800D52E0,lceilf
800D52F0,lceil
800D5300,truncf
800D530C,trunc
800D5318,ltruncf
800D5328,ltrunc
800D5338,nearbyintf
800D5344,nearbyint
800D5350,lnearbyintf
800D5360,lnearbyint
800D5370,roundf
800D538C,round
800D53AC,lroundf
800D53CC,lround
800D55B0,Sleep_Cycles
800D561C,Sleep_Nsec
800D566C,Sleep_Usec
800D56BC,Sleep_Msec
800D5710,Sleep_Sec
800D5750,proutSprintf
800D5774,vsprintf
800D57C4,sprintf
800D5820,JpegUtils_ProcessQuantizationTable
800D5888,JpegUtils_ParseHuffmanCodesLengths
800D590C,JpegUtils_GetHuffmanCodes
800D5978,JpegUtils_SetHuffmanTable
800D5A20,JpegUtils_ProcessHuffmanTableImpl
800D5ADC,JpegUtils_ProcessHuffmanTable
800D5BB4,JpegUtils_SetHuffmanTableOld
800D5C5C,JpegUtils_ProcessHuffmanTableImplOld
800D5D30,JpegDecoder_Decode
800D5F58,JpegDecoder_ProcessMcu
800D60F4,JpegDecoder_ParseNextSymbol
800D6230,JpegDecoder_ReadBits
800D7390,sqrtf
800D8810,guS2DInitBg
800D8930,__ull_rshift
800D8968,__ull_rem
800D8984,__ull_div
800D89A0,__ll_lshift
800D89D8,__ll_rem
800D89F4,__ll_div
800D8A10,__ll_mul
800D8A48,__ull_divremi
800D8ADC,__ll_mod
800D8B68,__ll_rshift
800D8BA0,__d_to_ll
800D8BBC,__f_to_ll
800D8BD8,__d_to_ull
800D8BF4,__f_to_ull
800D8C10,__ll_to_d
800D8C2C,__ll_to_f
800D8C48,__ull_to_d
800D8CC8,__ull_to_f
800D9FA0,guMtxF2L
800DA330,memset
800DE2A0,fmodf
800DE2E0,__osMemmove
800DE370,absf
800DE380,sqrt
