00001000,entrypoint
80000460,cleararena
80000498,bootproc
80000A10,ViConfig_UpdateVi
80000B48,ViConfig_UpdateBlack
80000B90,DmaMgr_StrCmp
80000BFC,DmaMgr_DmaRomToRam
80000F68,DmaMgr_AudioDmaHandler
800010A0,DmaMgr_DmaFromDriveRom
80001140,DmaMgr_Error
80001330,DmaMgr_FindFileName
80001390,DmaMgr_GetFileName
800013FC,DmaMgr_ProcessRequest
800015CC,DmaMgr_ThreadEntry
80001664,DmaMgr_SendRequest
800017C0,DmaMgr_RequestSync
8000183C,DmaMgr_Init
80001A5C,DmaMgr_RequestAsync
80001AA0,DmaMgr_SendRequest1
80001B30,Yaz0_FirstDMA
80001BC8,Yaz0_NextDMA
80001CB0,Yaz0_DecompressImpl
80001E14,Yaz0_Decompress
80001E60,Locale_Init
80001F3C,Locale_ResetRegion
80001F48,func_80001F48
80001F8C,func_80001F8C
80001FD0,Locale_IsRegionNative
80001FF0,__assert
80002080,isPrintfInit
800020F0,osSyncPrintfUnused
80002130,osSyncPrintf
80002170,rmonPrintf
800021B0,is_proutSyncPrintf
80002384,func_80002384
800023D0,osDriveRomInit
800025B0,Mio0_Decompress
80002660,StackCheck_Init
8000276C,StackCheck_Cleanup
80002808,StackCheck_GetState
8000295C,StackCheck_CheckAll
800029B4,StackCheck_Check
800029F0,LogUtils_CheckFloatRange
80002A88,LogUtils_CheckIntRange
80002B10,LogUtils_LogHexDump
80002CB4,LogUtils_LogPointer
80002D04,LogUtils_CheckBoundary
80002D60,LogUtils_CheckNullPointer
80002DA0,LogUtils_CheckValidPointer
80002E10,LogUtils_LogThreadId
80002E50,LogUtils_HungupThread
80002E9C,LogUtils_ResetHungup
80002ED0,proutSprintf
80002EF4,vsprintf
80002F44,sprintf
80002FA0,__osPiCreateAccessQueue
80002FF0,__osPiGetAccess
80003034,__osPiRelAccess
80003060,osSendMesg
800031B0,osStopThread
80003270,osViExtendVStart
80003280,osRecvMesg
800033C0,__createSpeedParam
8000345C,__osInitialize_common
80003708,__osInitialize_autodetect
80003710,__ull_rshift
8000373C,__ull_rem
80003778,__ull_div
800037B4,__ll_lshift
800037E0,__ll_rem
8000381C,__ll_div
80003878,__ll_mul
800038A8,__ull_divremi
80003908,__ll_mod
800039A4,__ll_rshift
800039D0,__osExceptionPreamble
800039E0,__osException
80004014,__osEnqueueAndYield
80004114,__osEnqueueThread
8000415C,__osPopThread
8000416C,__osNop
80004174,__osDispatchThread
800042F0,__osCleanupThread
80004300,__osDequeueThread
80004340,osDestroyThread
80004450,bzero
80004550,osCreateThread
800046C0,osWritebackDCache
80004740,osViGetNextFramebuffer
80004780,osCreatePiManager
80004900,__osDevMgrMain
80004D10,__osPiRawStartDma
80004DE0,osVirtualToPhysical
80004E60,osViBlack
80004ED0,__osSiRawReadIo
80004F20,osGetThreadId
80004F40,osSetIntMask
80004FE0,osViSetMode
80005040,__osProbeTLB
80005100,osGetMemSize
80005220,osSetEventMesg
80005928,_Putfld
80005FC0,osUnmapTLBAll
80006010,osEPiStartDma
800060B0,strchr
800060F0,strlen
80006118,memcpy
80006150,osInvalICache
800061D0,osCreateMesgQueue
80006200,osInvalDCache
800062B0,__osSiDeviceBusy
800062E0,osJamMesg
80006430,osSetThreadPri
80006510,osGetThreadPri
80006530,__osEPiRawReadIo
80006690,osViSwapBuffer
800066E0,__osEPiRawStartDma
800069E0,osGetTime
80006A70,__osTimerServicesInit
80006AFC,__osTimerInterrupt
80006C74,__osSetTimerIntr
80006D14,__osInsertTimer
80006EA0,osGetCount
80006EB0,__osSetGlobalIntMask
80006F00,__osSetCompare
80006F10,bcopy
80007220,__osResetGlobalIntMask
80007280,__osDisableInt
800072F0,__osRestoreInt
80007310,__osViInit
80007430,__osViSwapContext
80007730,osPiGetCmdQueue
80007760,osEPiReadIo
800077B0,osViSetSpecialFeatures
80007910,osCartRomInit
80007A90,osEPiWriteIo
80007AE0,osMapTLBRdb
80007B40,osYieldThread
80007BA0,__osEPiRawWriteIo
80007D00,_Litob
80007FA0,ldiv
80008024,lldiv
80008130,_Ldtob
800085C0,_Ldunscale
80008678,_Genld
80008C40,__osSiRawWriteIo
80008CA0,osCreateViManager
80008E20,viMgrMain
80008FB0,__osViGetCurrentContext
80008FC0,osStartThread
80009110,osViSetYScale
80009160,osViSetXScale
80009270,__osSetHWIntrRoutine
80009310,__osSetWatchLo
80009320,rspbootTextStart
800093F0,rspbootTextEnd
80012D60,gMainThread
8001CE60,EnAObj_SetupAction
8001CE68,EnAObj_Init
8001D1A8,EnAObj_Destroy
8001D204,EnAObj_WaitFinishedTalking
8001D234,func_8001D234
8001D25C,EnAObj_WaitTalk
8001D310,func_8001D310
8001D360,EnAObj_BlockRot
8001D480,func_8001D480
8001D4A8,EnAObj_BoulderFragment
8001D5C8,func_8001D5C8
8001D608,EnAObj_Block
8001D6F0,EnAObj_Update
8001D804,EnAObj_Draw
8001D938,EnItem00_Init
8001DFA0,EnItem00_Destroy
8001DFC8,func_8001DFC8
8001E1C8,func_8001E1C8
8001E304,func_8001E304
8001E5C8,EnItem00_Collected
8001E71C,EnItem00_Update
8001ED9C,EnItem00_Draw
8001EF30,EnItem00_DrawRupee
8001F080,EnItem00_DrawCollectible
8001F1F4,EnItem00_DrawHeartContainer
8001F334,EnItem00_DrawHeartPiece
8001F404,func_8001F404
8001F548,Item_DropCollectible
8001F77C,Item_DropCollectible2
8001F940,Item_DropCollectibleRandom
8001FDF0,EffectBlure_AddVertex
80020120,EffectBlure_AddSpace
80020184,EffectBlure_InitElements
8002023C,EffectBlure_Init1
80020348,EffectBlure_Init2
80020478,EffectBlure_Destroy
80020480,EffectBlure_Update
800208E0,EffectBlure_UpdateFlags
80020A50,EffectBlure_GetComputedValues
80020F60,EffectBlure_SetupSmooth
80020FC0,EffectBlure_DrawElemNoInterpolation
800214D0,EffectBlure_DrawElemHermiteInterpolation
80021F00,EffectBlure_DrawSmooth
800221FC,EffectBlure_SetupSimple
80022264,EffectBlure_SetupSimpleAlt
800224F4,EffectBlure_DrawSimpleVertices
80022A10,EffectBlure_DrawSimple
80022F20,EffectBlure_Draw
80023450,EffectShieldParticle_Init
800236B4,EffectShieldParticle_Destroy
80023738,EffectShieldParticle_Update
8002389C,EffectShieldParticle_GetColors
800245BC,EffectShieldParticle_Draw
80024B00,EffectSpark_Init
80024F0C,EffectSpark_Destroy
80024F14,EffectSpark_Update
80025000,EffectSpark_Draw
80026230,func_80026230
80026400,func_80026400
80026608,func_80026608
80026690,func_80026690
80026860,func_80026860
80026890,Overlay_LoadGameState
800269B8,Overlay_FreeGameState
80026A6C,func_80026A6C
80026B00,Effect_GetPlayState
80026B0C,Effect_GetByIndex
80026C1C,Effect_InitStatus
80026C2C,Effect_InitContext
80026CD4,Effect_Add
80026E74,Effect_DrawAll
80026F70,Effect_UpdateAll
8002709C,Effect_Delete
800271A8,Effect_DeleteAll
800272B0,EffectSs_InitInfo
80027410,EffectSs_ClearAll
800274E0,EffectSs_Delete
8002753C,EffectSs_Reset
800275D0,EffectSs_FindSlot
80027704,EffectSs_Insert
80027798,EffectSs_Spawn
80027A40,EffectSs_Update
80027AE0,EffectSs_UpdateAll
80027B98,EffectSs_Draw
80027BDC,EffectSs_DrawAll
80027DD4,func_80027DD4
80027E34,func_80027E34
80027E84,func_80027E84
80027F80,EffectSs_DrawGEffect
800281E8,EffectSsDust_Spawn
8002829C,func_8002829C
80028304,func_80028304
8002836C,func_8002836C
800283D4,func_800283D4
8002843C,func_8002843C
800284A4,func_800284A4
80028510,func_80028510
8002857C,func_8002857C
800285EC,func_800285EC
8002865C,func_8002865C
800286CC,func_800286CC
8002873C,func_8002873C
800287AC,func_800287AC
8002881C,func_8002881C
80028858,func_80028858
80028894,func_80028894
80028990,func_80028990
80028A54,func_80028A54
80028B18,EffectSsKiraKira_SpawnSmallYellow
80028B74,EffectSsKiraKira_SpawnSmall
80028BB0,EffectSsKiraKira_SpawnDispersed
80028CEC,EffectSsKiraKira_SpawnFocused
80028DC4,EffectSsBomb_Spawn
80028E1C,EffectSsBomb2_SpawnFade
80028E84,EffectSsBomb2_SpawnLayered
80028EF4,EffectSsBlast_Spawn
80028F84,EffectSsBlast_SpawnWhiteCustomScale
80028FD8,EffectSsBlast_SpawnShockwave
80029024,EffectSsBlast_SpawnWhiteShockwave
80029060,EffectSsGSpk_SpawnAccel
800290F0,EffectSsGSpk_SpawnNoAccel
80029184,EffectSsGSpk_SpawnFuse
800291D8,EffectSsGSpk_SpawnRandColor
800292DC,EffectSsGSpk_SpawnSmall
80029320,EffectSsDFire_Spawn
800293A0,EffectSsDFire_SpawnFixedScale
800293E4,EffectSsBubble_Spawn
80029444,EffectSsGRipple_Spawn
8002949C,EffectSsGSplash_Spawn
80029530,EffectSsGMagma_Spawn
80029568,EffectSsGFire_Spawn
800295A0,EffectSsLightning_Spawn
80029618,EffectSsDtBubble_SpawnColorProfile
80029694,EffectSsDtBubble_SpawnCustomColor
80029724,EffectSsHahen_Spawn
800297A4,EffectSsHahen_SpawnBurst
800298EC,EffectSsStick_Spawn
8002993C,EffectSsSibuki_Spawn
800299AC,EffectSsSibuki_SpawnBurst
80029B30,EffectSsSibuki2_Spawn
80029B90,EffectSsGMagma2_Spawn
80029C00,EffectSsStone1_Spawn
80029C50,EffectSsHitMark_Spawn
80029CA4,EffectSsHitMark_SpawnFixedScale
80029CC8,EffectSsHitMark_SpawnCustomScale
80029CF0,EffectSsFhgFlash_SpawnLightBall
80029D5C,EffectSsFhgFlash_SpawnShock
80029DBC,EffectSsKFire_Spawn
80029E24,EffectSsSolderSrchBall_Spawn
80029E8C,EffectSsKakera_Spawn
80029F44,EffectSsIcePiece_Spawn
80029FAC,EffectSsIcePiece_SpawnBurst
8002A140,EffectSsEnIce_SpawnFlyingVec3f
8002A1DC,EffectSsEnIce_SpawnFlyingVec3s
8002A2A4,EffectSsEnIce_Spawn
8002A32C,EffectSsFireTail_Spawn
8002A3C4,EffectSsFireTail_SpawnFlame
8002A484,EffectSsFireTail_SpawnFlameOnPlayer
8002A4D4,EffectSsEnFire_SpawnVec3f
8002A54C,EffectSsEnFire_SpawnVec3s
8002A5F4,EffectSsExtra_Spawn
8002A65C,EffectSsFCircle_Spawn
8002A6B8,EffectSsDeadDb_Spawn
8002A770,EffectSsDeadDd_Spawn
8002A824,EffectSsDeadDd_SpawnRandYellow
8002A894,EffectSsDeadDs_Spawn
8002A90C,EffectSsDeadDs_SpawnStationary
8002A95C,EffectSsDeadSound_Spawn
8002A9F4,EffectSsDeadSound_SpawnStationary
8002AA44,EffectSsIceSmoke_Spawn
8002AAB0,FlagSet_Update
8002B1E0,Actor_ShapeInit
8002B200,ActorShadow_Draw
8002B5EC,ActorShadow_DrawCircle
8002B614,ActorShadow_DrawWhiteCircle
8002B644,ActorShadow_DrawHorse
8002B66C,ActorShadow_DrawFoot
8002B8C4,ActorShadow_DrawFeet
8002BDB0,Actor_SetFeetPos
8002BE04,Actor_ProjectPos
8002BE64,func_8002BE64
8002BE98,func_8002BE98
8002BF60,Actor_SetNaviToActor
8002C0C0,func_8002C0C0
8002C124,func_8002C124
8002C7BC,func_8002C7BC
8002CB40,Flags_GetSwitch
8002CB74,Flags_SetSwitch
8002CBB4,Flags_UnsetSwitch
8002CBF8,Flags_GetUnknown
8002CC2C,Flags_SetUnknown
8002CC6C,Flags_UnsetUnknown
8002CCB0,Flags_GetTreasure
8002CCC4,Flags_SetTreasure
8002CCDC,Flags_GetClear
8002CCF0,Flags_SetClear
8002CD08,Flags_UnsetClear
8002CD24,Flags_GetTempClear
8002CD38,Flags_SetTempClear
8002CD50,Flags_UnsetTempClear
8002CD6C,Flags_GetCollectible
8002CDA0,Flags_SetCollectible
8002CDE4,TitleCard_Init
8002CE00,TitleCard_InitBossName
8002CE40,TitleCard_InitPlaceName
8002CEF0,TitleCard_Update
8002CFAC,TitleCard_Draw
8002D53C,TitleCard_Clear
8002D570,Actor_Kill
8002D58C,Actor_SetWorldToHome
8002D5B8,Actor_SetFocus
8002D5F4,Actor_SetWorldRotToShape
8002D610,Actor_SetShapeRotToWorld
8002D62C,Actor_SetScale
8002D644,Actor_SetObjectDependency
8002D678,Actor_Init
8002D788,Actor_Destroy
8002D7EC,Actor_UpdatePos
8002D868,Actor_UpdateVelocityXZGravity
8002D8E0,Actor_MoveForward
8002D908,Actor_UpdateVelocityXYZ
8002D97C,Actor_MoveXYZ
8002D9A4,Actor_SetProjectileSpeed
8002D9F8,Actor_UpdatePosByAnimation
8002DA78,Actor_WorldYawTowardActor
8002DA9C,Actor_FocusYawTowardActor
8002DAC0,Actor_WorldYawTowardPoint
8002DAE0,Actor_WorldPitchTowardActor
8002DB04,Actor_FocusPitchTowardActor
8002DB28,Actor_WorldPitchTowardPoint
8002DB48,Actor_WorldDistXYZToActor
8002DB6C,Actor_WorldDistXYZToPoint
8002DB8C,Actor_WorldDistXZToActor
8002DBB0,Actor_WorldDistXZToPoint
8002DBD0,func_8002DBD0
8002DC74,Actor_HeightDiff
8002DC84,Player_GetHeight
8002DCE4,func_8002DCE4
8002DD6C,func_8002DD6C
8002DD78,func_8002DD78
8002DDA8,func_8002DDA8
8002DDE4,func_8002DDE4
8002DDF4,func_8002DDF4
8002DE04,func_8002DE04
8002DE74,func_8002DE74
8002DECC,Actor_MountHorse
8002DEEC,func_8002DEEC
8002DF18,func_8002DF18
8002DF38,func_8002DF38
8002DF54,func_8002DF54
8002DF90,func_8002DF90
8002DFA4,func_8002DFA4
8002DFC8,Player_IsFacingActor
8002E020,Actor_ActorBIsFacingActorA
8002E084,Actor_IsFacingPlayer
8002E0D0,Actor_ActorAIsFacingActorB
8002E12C,Actor_IsFacingAndNearPlayer
8002E1A8,Actor_ActorAIsFacingAndNearActorB
8002E234,func_8002E234
8002E2AC,func_8002E2AC
8002E4B4,Actor_UpdateBgCheckInfo
8002E830,func_8002E830
8002EABC,func_8002EABC
8002EB44,func_8002EB44
8002EBCC,func_8002EBCC
8002ED80,func_8002ED80
8002EEE4,Actor_GetFocus
8002EF14,Actor_GetWorld
8002EF44,Actor_GetWorldPosShapeRot
8002EFC0,func_8002EFC0
8002F090,func_8002F090
8002F0C8,func_8002F0C8
8002F194,func_8002F194
8002F1C4,func_8002F1C4
8002F298,func_8002F298
8002F2CC,func_8002F2CC
8002F2F4,func_8002F2F4
8002F334,func_8002F334
8002F368,func_8002F368
8002F374,Actor_GetScreenPos
8002F410,Actor_HasParent
8002F434,Actor_OfferGetItem
8002F554,Actor_OfferGetItemNearby
8002F580,Actor_OfferCarry
8002F5A0,Actor_HasNoParent
8002F5C4,func_8002F5C4
8002F5F0,Actor_SetClosestSecretDistance
8002F618,Actor_IsMounted
8002F63C,Actor_SetRideActor
8002F674,Actor_NotMounted
8002F698,func_8002F698
8002F6D4,func_8002F6D4
8002F71C,func_8002F71C
8002F758,func_8002F758
8002F7A0,func_8002F7A0
8002F7DC,Player_PlaySfx
8002F828,Audio_PlayActorSound2
8002F850,func_8002F850
8002F8F0,func_8002F8F0
8002F91C,func_8002F91C
8002F948,func_8002F948
8002F974,func_8002F974
8002F994,func_8002F994
8002F9EC,func_8002F9EC
8002FA60,func_8002FA60
8002FBAC,Actor_DrawFaroresWindPointer
80030488,func_80030488
800304B0,Actor_DisableLens
800304DC,Actor_InitContext
80030630,Actor_UpdateAll
80030B2C,Actor_FaultPrint
80030BE8,Actor_Draw
80030ED8,func_80030ED8
80030FA8,Actor_DrawLensOverlay
8003115C,Actor_DrawLensActors
800314B0,func_800314B0
800314D4,func_800314D4
800315AC,func_800315AC
80031A28,Actor_KillAllWithMissingObject
80031AC4,Actor_FreezeAllEnemies
80031B14,func_80031B14
80031C3C,func_80031C3C
80031D1C,Actor_AddToCategory
80031D60,Actor_RemoveFromCategory
80031E2C,Actor_FreeOverlay
80031F50,Actor_Spawn
80032458,Actor_SpawnAsChilld
800324F0,Actor_SpawnTransitionActors
80032628,Actor_SpawnEntry
800326AC,Actor_Delete
80032880,func_80032880
800328D4,func_800328D4
80032AF0,func_80032AF0
80032C3C,Actor_Find
80032C7C,Enemy_StartFinishingBlow
80032CB4,func_80032CB4
80032D60,func_80032D60
80032E24,BodyBreak_Alloc
80032F54,BodyBreak_SetInfo
8003305C,BodyBreak_SpawnParts
80033260,Actor_SpawnFloorDustRing
80033480,func_80033480
80033640,Actor_GetCollidedExplosive
80033684,func_80033684
80033748,Actor_ChangeCategory
80033780,Actor_GetProjectileActor
80033940,Actor_SetTextWithPrefix
800339B8,Actor_TestFloorInDirection
80033A84,Actor_IsTargeted
80033AB8,Actor_OtherIsTargeted
80033AEC,func_80033AEC
80033C30,func_80033C30
80033DB8,Actor_RequestQuake
80033E1C,Actor_RequestQuakeWithSpeed
80033E88,Actor_RequestQuakeAndRumble
80033EF8,Rand_ZeroFloat
80033F20,Rand_CenteredFloat
80033F54,Actor_DrawDoorLock
8003424C,func_8003424C
8003426C,Actor_SetColorFilter
800342EC,func_800342EC
8003435C,func_8003435C
800343CC,Npc_UpdateTalking
800344BC,Npc_TrackPointWithLimits
800347E8,Npc_GetTrackingPresetMaxPlayerYaw
80034810,Npc_UpdateAutoTurn
80034A14,Npc_TrackPoint
80034B28,func_80034B28
80034B54,func_80034B54
80034BA0,func_80034BA0
80034CC4,func_80034CC4
80034DD4,func_80034DD4
80034EC0,Animation_ChangeByInfo
80034F54,func_80034F54
80035118,Actor_Noop
80035124,func_80035124
80035260,Gfx_DrawDListOpa
80035324,Gfx_DrawDListXlu
800353E8,func_800353E8
800353F4,Actor_FindNearby
800354B4,func_800354B4
8003555C,func_8003555C
800355B8,func_800355B8
800355E4,func_800355E4
80035628,Actor_ApplyDamage
80035650,Actor_SetDropFlag
8003573C,Actor_SetDropFlagJntSph
80035844,func_80035844
800358DC,func_800358DC
800359B8,func_800359B8
80035B18,func_80035B18
80035B4C,Flags_GetEventChkInf
80035B74,Flags_SetEventChkInf
80035BA4,Flags_GetInfTable
80035BCC,Flags_SetInfTable
80035BFC,func_80035BFC
80036E50,func_80036E50
800374E0,func_800374E0
80037C30,func_80037C30
80037C5C,func_80037C5C
80037C94,func_80037C94
80037CB8,func_80037CB8
80037D98,func_80037D98
80037F30,Actor_TrackNone
80037FC8,Actor_TrackPoint
80038154,Actor_TrackPlayerSetFocusHeight
80038290,func_80038290
800383C0,ActorOverlayTable_LogPrint
800384A4,ActorOverlayTable_FaultPrint
80038590,ActorOverlayTable_Init
800385D0,ActorOverlayTable_Cleanup
80038600,BgCheck_PosErrorCheck
80038708,SSNode_SetValue
8003871C,SSList_SetNull
80038728,SSNodeList_SetSSListHead
80038780,DynaSSNodeList_SetSSListHead
800387FC,DynaSSNodeList_Initialize
8003880C,DynaSSNodeList_Alloc
80038870,DynaSSNodeList_ResetCount
80038878,DynaSSNodeList_GetNextNodeIdx
800388A8,BgCheck_Vec3sToVec3f
800388E8,BgCheck_Vec3fToVec3s
80038924,CollisionPoly_GetMinY
800389D4,CollisionPoly_GetNormalF
80038A28,func_80038A28
80038B7C,CollisionPoly_GetPointDistanceFromPlane
80038BE0,CollisionPoly_GetVertices
80038C78,CollisionPoly_GetVerticesByBgId
80038D48,CollisionPoly_CheckYIntersectApprox1
80038E78,CollisionPoly_CheckYIntersect
80038F20,CollisionPoly_CheckYIntersectApprox2
80038F60,CollisionPoly_CheckXIntersectApprox
80039000,CollisionPoly_CheckZIntersectApprox
800390A0,CollisionPoly_LineVsPoly
8003937C,CollisionPoly_SphVsPoly
80039448,StaticLookup_AddPolyToSSList
8003965C,StaticLookup_AddPoly
800396F0,BgCheck_RaycastDownStaticList
8003992C,BgCheck_RaycastDownStatic
80039A3C,BgCheck_ComputeWallDisplacement
80039AEC,BgCheck_SphVsStaticWall
8003A3E0,BgCheck_CheckStaticCeiling
8003A5B8,BgCheck_CheckLineAgainstSSList
8003A7D8,BgCheck_CheckLineInSubdivision
8003A95C,BgCheck_SphVsFirstStaticPolyList
8003AB28,BgCheck_SphVsFirstStaticPoly
8003AC54,BgCheck_GetNearestStaticLookup
8003AD00,BgCheck_GetStaticLookup
8003ADC8,BgCheck_GetStaticLookupIndicesFromPos
8003AEA8,BgCheck_GetSubdivisionMinBounds
8003B04C,BgCheck_GetSubdivisionMaxBounds
8003B218,BgCheck_GetPolySubdivisionBounds
8003B3C8,BgCheck_PolyIntersectsSubdivision
8003BB18,BgCheck_InitializeStaticLookup
8003BF18,BgCheck_IsSpotScene
8003BF5C,BgCheck_TryGetCustomMemsize
8003BFF4,BgCheck_SetSubdivisionDimension
8003C078,BgCheck_Allocate
8003C4C4,BgCheck_GetCollisionHeader
8003C55C,BgCheck_PosInStaticBoundingBox
8003C614,BgCheck_RaycastDownImpl
8003C834,BgCheck_CameraRaycastDown1
8003C890,BgCheck_EntityRaycastDown1
8003C8EC,BgCheck_EntityRaycastDown2
8003C940,BgCheck_EntityRaycastDown3
8003C9A4,BgCheck_EntityRaycastDown4
8003CA0C,BgCheck_EntityRaycastDown5
8003CA64,BgCheck_EntityRaycastDown6
8003CAC8,BgCheck_EntityRaycastDown7
8003CB30,BgCheck_AnyRaycastDown1
8003CBE8,BgCheck_AnyRaycastDown2
8003CCA4,BgCheck_CameraRaycastDown2
8003CD08,BgCheck_EntityRaycastDownWalls
8003CD70,BgCheck_EntityRaycastDown9
8003CDD4,BgCheck_CheckWallImpl
8003D464,BgCheck_EntitySphVsWall1
8003D4C8,BgCheck_EntitySphVsWall2
8003D52C,BgCheck_EntitySphVsWall3
8003D594,BgCheck_EntitySphVsWall4
8003D600,BgCheck_CheckCeilingImpl
8003D754,BgCheck_AnyCheckCeiling
8003D7A0,BgCheck_EntityCheckCeiling
8003D7F0,BgCheck_CheckLineImpl
8003DD28,BgCheck_GetBccFlags
8003DD6C,BgCheck_CameraLineTest1
8003DDF8,BgCheck_CameraLineTest2
8003DE84,BgCheck_EntityLineTest1
8003DF10,BgCheck_EntityLineTest2
8003DFA0,BgCheck_EntityLineTest3
8003E02C,BgCheck_ProjectileLineTest
8003E0B8,BgCheck_AnyLineTest1
8003E0FC,BgCheck_AnyLineTest2
8003E188,BgCheck_AnyLineTest3
8003E214,BgCheck_SphVsFirstPolyImpl
8003E30C,BgCheck_SphVsFirstPoly
8003E350,BgCheck_SphVsFirstWall
8003E398,SSNodeList_Initialize
8003E3AC,SSNodeList_Alloc
8003E458,SSNodeList_GetNextNode
8003E4DC,SSNodeList_GetNextNodeIdx
8003E530,ScaleRotPos_Initialize
8003E568,ScaleRotPos_SetValue
8003E5B4,ScaleRotPos_Equals
8003E688,DynaLookup_ResetLists
8003E6C4,DynaLookup_Reset
8003E6E4,DynaLookup_ResetVtxStartIndex
8003E6EC,BgActor_Initialize
8003E750,BgActor_SetActor
8003E804,BgActor_IsTransformUnchanged
8003E82C,DynaPoly_NullPolyList
8003E834,DynaPoly_AllocPolyList
8003E888,DynaPoly_NullVtxList
8003E890,DynaPoly_AllocVtxList
8003E8EC,DynaPoly_SetBgActorPrevTransform
8003E934,DynaPoly_IsBgIdBgActor
8003E954,DynaPoly_Init
8003E9A0,DynaPoly_Alloc
8003EA74,DynaPoly_SetBgActor
8003EB84,DynaPoly_GetActor
8003EBF8,DynaPoly_DisableCollision
8003EC50,DynaPoly_EnableCollision
8003ECA8,DynaPoly_DisableCeilingCollision
8003ED00,DynaPoly_EnableCeilingCollision
8003ED58,DynaPoly_DeleteBgActor
8003EE6C,DynaPoly_InvalidateLookup
8003EE80,DynaPoly_AddBgActorToLookup
8003F8EC,DynaPoly_UnsetAllInteractFlags
8003F984,DynaPoly_UpdateContext
8003FB64,DynaPoly_UpdateBgActorTransforms
8003FBF4,BgCheck_RaycastDownDynaList
8003FDDC,BgCheck_RaycastDownDyna
80040284,BgCheck_SphVsDynaWallInBgActor
800409A8,BgCheck_SphVsDynaWall
80040BE4,BgCheck_CheckDynaCeilingList
80040E40,BgCheck_CheckDynaCeiling
80040FA4,BgCheck_CheckLineAgainstBgActorSSList
80041128,BgCheck_CheckLineAgainstBgActor
80041240,BgCheck_CheckLineAgainstDyna
800413F8,BgCheck_SphVsFirstDynaPolyList
80041510,BgCheck_SphVsFirstDynaPolyInBgActor
80041648,BgCheck_SphVsFirstDynaPoly
800417A0,CollisionHeader_SegmentedToVirtual
80041880,CollisionHeader_GetVirtual
800418D0,func_800418D0
80041978,BgCheck_ResetPolyCheckTbl
800419B0,SurfaceType_GetData
80041A28,SurfaceType_GetBgCamIndex
80041A4C,BgCheck_GetBgCamSettingImpl
80041A94,BgCheck_GetBgCamSetting
80041B24,BgCheck_GetBgCamCountImpl
80041B80,BgCheck_GetBgCamCount
80041C10,BgCheck_GetBgCamFuncDataImpl
80041C98,BgCheck_GetBgCamFuncData
80041D28,SurfaceType_GetExitIndex
80041D4C,SurfaceType_GetFloorType
80041D70,func_80041D70
80041D94,SurfaceType_GetWallType
80041DB8,SurfaceType_GetWallFlags
80041DE4,SurfaceType_CheckWallFlag0
80041E18,SurfaceType_CheckWallFlag1
80041E4C,SurfaceType_CheckWallFlag2
80041E80,SurfaceType_GetFloorProperty2
80041EA4,SurfaceType_GetFloorProperty
80041EC8,SurfaceType_IsSoft
80041EEC,SurfaceType_IsHorseBlocked
80041F10,SurfaceType_GetMaterial
80041F34,SurfaceType_GetSfxOffset
80041F7C,SurfaceType_GetFloorEffect
80041FA0,SurfaceType_GetLightSetting
80041FC4,SurfaceType_GetEcho
80041FE8,SurfaceType_CanHookshot
8004200C,SurfaceType_IsIgnoredByEntities
80042048,SurfaceType_IsIgnoredByProjectiles
80042084,SurfaceType_IsFloorConveyor
800420C0,SurfaceType_GetConveyorSpeed
800420E4,SurfaceType_GetConveyorDirection
80042108,func_80042108
8004213C,WaterBox_GetSurface1
80042244,WaterBox_GetSurfaceImpl
8004239C,WaterBox_GetSurface2
80042538,WaterBox_GetBgCamIndex
80042548,WaterBox_GetBgCamSetting
8004259C,WaterBox_GetLightIndex
800425B0,func_800425B0
80042708,func_80042708
800427B4,func_800427B4
80042868,BgCheck_DrawDynaPolyList
80042B2C,BgCheck_DrawBgActor
80042C3C,BgCheck_DrawDynaCollision
80042CB8,BgCheck_DrawStaticPoly
80042EF8,BgCheck_DrawStaticPolyList
80042FC4,BgCheck_DrawStaticCollision
800430A0,DynaPolyActor_UpdateCarriedActorPos
800432A0,DynaPolyActor_UpdateCarriedActorRotY
80043334,func_80043334
800433A4,DynaPolyActor_TransformCarriedActor
80043480,DynaPolyActor_Init
800434A0,DynaPolyActor_UnsetAllInteractFlags
800434A8,DynaPolyActor_SetActorOnTop
800434B8,DynaPolyActor_SetPlayerOnTop
800434C8,DynaPoly_SetPlayerOnTop
800434F8,DynaPolyActor_SetPlayerAbove
80043508,DynaPoly_SetPlayerAbove
80043538,func_80043538
80043548,DynaPolyActor_IsActorOnTop
8004356C,DynaPolyActor_IsPlayerOnTop
80043590,DynaPolyActor_IsPlayerAbove
800435B4,func_800435B4
800435D8,func_800435D8
800437F0,Camera_InterpolateCurve
8004389C,Camera_LERPCeilF
800438DC,Camera_LERPFloorF
8004391C,Camera_LERPCeilS
800439AC,Camera_LERPFloorS
80043A3C,Camera_LERPCeilVec3f
80043ABC,func_80043ABC
80043B60,func_80043B60
80043BC4,Camera_Vec3sToVec3f
80043C28,Camera_AddVecGeoToVec3f
80043CAC,Camera_Vec3fTranslateByUnitVector
80043D18,Camera_BGCheckInfo
80043F34,Camera_BGCheck
80043F94,func_80043F94
80044340,func_80044340
800443A0,Camera_CheckOOB
80044434,Camera_GetFloorYNorm
80044510,Camera_GetFloorY
80044568,Camera_GetFloorYLayer
80044740,Camera_GetBgCamSetting
8004476C,Camera_GetBgCamFuncData
8004479C,Camera_GetBgCamIndex
8004481C,Camera_GetBgCamFuncDataUnderPlayer
800448CC,Camera_GetWaterBoxBgCamIndex
800449AC,Camera_GetWaterSurface
80044A74,Camera_XZAngle
80044ADC,Camera_GetPitchAdjFromFloorHeightDiffs
80044E68,Camera_CalcUpFromPitchYawRoll
800450A4,Camera_ClampLERPScale
80045128,Camera_CopyDataToRegs
80045254,Camera_CopyPREGToModeValues
80045350,Camera_UpdateInterface
8004545C,Camera_BGCheckCorner
80045508,func_80045508
80045714,Camera_CalcSlopeYAdj
800457A8,Camera_CalcAtDefault
800458D4,func_800458D4
80045B08,func_80045B08
80045C74,Camera_CalcAtForParallel
800460A8,Camera_CalcAtForLockOn
800466F8,Camera_CalcAtForHorse
800468CC,Camera_LERPClampDist
800469C0,Camera_ClampDist
80046B44,Camera_CalcDefaultPitch
80046CB4,Camera_CalcDefaultYaw
80046E20,func_80046E20
80047394,Camera_Noop
800473A0,Camera_Normal1
80047F64,Camera_Normal2
80048804,Camera_Normal3
80048FCC,Camera_Normal4
80048FEC,Camera_Normal0
8004900C,Camera_Parallel1
80049984,Camera_Parallel2
800499A4,Camera_Parallel3
80049A08,Camera_Parallel4
80049A28,Camera_Parallel0
80049A48,Camera_Jump1
8004A250,Camera_Jump2
8004ACE0,Camera_Jump3
8004B560,Camera_Jump4
8004B580,Camera_Jump0
8004B5A0,Camera_Battle1
8004C5F4,Camera_Battle2
8004C614,Camera_Battle3
8004C634,Camera_Battle4
8004CA4C,Camera_Battle0
8004CA6C,Camera_KeepOn1
8004D9C4,Camera_KeepOn2
8004D9E4,Camera_KeepOn3
8004E460,Camera_KeepOn4
8004F3A4,Camera_KeepOn0
8004F6A4,Camera_Fixed1
8004F9D8,Camera_Fixed2
8004FDE4,Camera_Fixed3
80050068,Camera_Fixed4
8005043C,Camera_Fixed0
8005045C,Camera_Subj1
8005047C,Camera_Subj2
8005049C,Camera_Subj3
80050B24,Camera_Subj4
800511A0,Camera_Subj0
800511C0,Camera_Data0
800511E0,Camera_Data1
80051210,Camera_Data2
80051230,Camera_Data3
80051250,Camera_Data4
800515A4,Camera_Unique1
80051B3C,Camera_Unique2
80051F58,Camera_Unique3
80052460,Camera_Unique0
800529D8,Camera_Unique4
800529F8,Camera_Unique5
80052A18,Camera_Unique6
80052B90,Camera_Unique7
80052DEC,Camera_Unique8
80052E0C,Camera_Unique9
80054314,Camera_DebugPrintSplineArray
8005445C,Camera_Vec3fCopy
80054478,Camera_RotateAroundPoint
800544D0,Camera_Demo1
80054774,Camera_Demo2
80054794,Camera_Demo3
8005527C,Camera_Demo4
8005529C,Camera_Demo5
80055C78,Camera_Demo6
80055F64,Camera_Demo7
80055F98,Camera_Demo8
80055FB8,Camera_Demo9
80056430,Camera_Demo0
80056450,Camera_Special0
800565F4,Camera_Special1
80056614,Camera_Special2
80056634,Camera_Special3
80056654,Camera_Special4
800567F8,Camera_Special5
80056C20,Camera_Special7
80056F6C,Camera_Special6
80057428,Camera_Special8
80057448,Camera_Special9
80057B98,Camera_Create
80057C14,Camera_Destroy
80057C6C,Camera_Init
80057FC4,func_80057FC4
80058140,Camera_Stub80058140
80058148,Camera_InitDataUsingPlayer
80058354,Camera_ChangeStatus
800584E8,Camera_PrintSettings
800588B4,Camera_UpdateWater
80058CF8,Camera_UpdateHotRoom
80058D34,Camera_DbgChangeMode
80058E8C,Camera_UpdateDistortion
800591EC,Camera_Update
80059EC8,Camera_Finish
8005A02C,func_8005A02C
8005A04C,Camera_ChangeModeFlags
8005A444,Camera_ChangeMode
8005A470,Camera_CheckValidMode
8005A548,Camera_ChangeSettingFlags
8005A77C,Camera_ChangeSetting
8005A7A8,Camera_ChangeBgCamIndex
8005A8C4,Camera_GetInputDir
8005A920,Camera_GetInputDirPitch
8005A948,Camera_GetInputDirYaw
8005A970,Camera_GetCamDir
8005A9CC,Camera_GetCamDirPitch
8005A9F4,Camera_GetCamDirYaw
8005AA1C,Camera_RequestQuake
8005AA90,Camera_SetViewParam
8005AC24,Camera_UnsetViewFlag
8005AC48,Camera_OverwriteStateFlags
8005AC60,Camera_ResetAnim
8005AC6C,Camera_SetCSParams
8005ACFC,Camera_SetStateFlag
8005AD1C,Camera_UnsetStateFlag
8005AD40,Camera_ChangeDoorCam
8005AE64,Camera_Copy
8005AFA8,Camera_IsDebugCamEnabled
8005AFB4,Camera_GetQuakeOffset
8005AFD4,Camera_SetCameraData
8005B044,Camera_QRegInit
8005B198,func_8005B198
8005B1A4,func_8005B1A4
8005B200,DamageTable_Get
8005B248,DamageTable_Clear
8005B280,Collider_DrawRedPoly
8005B2AC,Collider_DrawPoly
8005B65C,Collider_InitBase
8005B6A0,Collider_DestroyBase
8005B6B0,Collider_SetBaseToActor
8005B6EC,Collider_SetBaseType1
8005B72C,Collider_SetBase
8005B76C,Collider_ResetATBase
8005B784,Collider_ResetACBase
8005B79C,Collider_ResetOCBase
8005B7C0,Collider_InitTouch
8005B7E4,Collider_DestroyTouch
8005B7F4,Collider_SetTouch
8005B818,Collider_ResetATInfo_Unk
8005B824,Collider_InitBump
8005B850,Collider_DestroyBump
8005B860,Collider_SetBump
8005B884,Collider_InitInfo
8005B904,Collider_DestroyInfo
8005B93C,Collider_SetInfo
8005B9B0,Collider_ResetATInfo
8005B9E8,Collider_ResetACInfo
8005BA1C,Collider_ResetOCInfo
8005BA30,Collider_InitJntSphElementDim
8005BA74,Collider_DestroyJntSphElementDim
8005BA84,Collider_SetJntSphElementDim
8005BAD8,Collider_InitJntSphElement
8005BB10,Collider_DestroyJntSphElement
8005BB48,Collider_SetJntSphElement
8005BB8C,Collider_ResetJntSphElementAT
8005BBB0,Collider_ResetJntSphElementAC
8005BBD4,Collider_ResetJntSphElementOC
8005BBF8,Collider_InitJntSph
8005BC28,Collider_FreeJntSph
8005BCC8,Collider_DestroyJntSph
8005BD50,Collider_SetJntSphToActor
8005BE50,Collider_SetJntSphAllocType1
8005BF50,Collider_SetJntSphAlloc
8005C050,Collider_SetJntSph
8005C124,Collider_ResetJntSphAT
8005C1AC,Collider_ResetJntSphAC
8005C234,Collider_ResetJntSphOC
8005C2BC,Collider_InitCylinderDim
8005C318,Collider_DestroyCylinderDim
8005C328,Collider_SetCylinderDim
8005C364,Collider_InitCylinder
8005C3AC,Collider_DestroyCylinder
8005C3F4,Collider_SetCylinderToActor
8005C450,Collider_SetCylinderType1
8005C4AC,Collider_SetCylinder
8005C508,Collider_ResetCylinderAT
8005C540,Collider_ResetCylinderAC
8005C578,Collider_ResetCylinderOC
8005C5B0,Collider_InitTrisElementDim
8005C5F8,Collider_DestroyTrisElementDim
8005C608,Collider_SetTrisElementDim
8005C6C0,Collider_InitTrisElement
8005C6F8,Collider_DestroyTrisElement
8005C730,Collider_SetTrisElement
8005C774,Collider_ResetTrisElementAT
8005C798,Collider_ResetTrisElementAC
8005C7BC,Collider_ResetTrisElementOC
8005C7E0,Collider_InitTris
8005C810,Collider_FreeTris
8005C8C8,Collider_DestroyTris
8005C964,Collider_SetTrisAllocType1
8005CA88,Collider_SetTrisAlloc
8005CBAC,Collider_SetTris
8005CC98,Collider_ResetTrisAT
8005CD34,Collider_ResetTrisAC
8005CDD0,Collider_ResetTrisOC
8005CE6C,Collider_InitQuadDim
8005CEB4,Collider_DestroyQuadDim
8005CEC4,Collider_ResetQuadACDist
8005CEDC,Collider_SetQuadMidpoints
8005CF90,Collider_SetQuadDim
8005D018,Collider_InitQuad
8005D060,Collider_DestroyQuad
8005D0A8,Collider_SetQuadType1
8005D104,Collider_SetQuad
8005D160,Collider_ResetQuadAT
8005D1A8,Collider_ResetQuadAC
8005D1E0,Collider_ResetQuadOC
8005D218,Collider_QuadSetNearestAC
8005D2C4,Collider_InitLine
8005D324,Collider_DestroyLine
8005D334,Collider_SetLinePoints
8005D378,Collider_SetLine
8005D3A4,Collider_ResetLineOC
8005D3BC,CollisionCheck_InitContext
8005D400,CollisionCheck_DestroyContext
8005D40C,CollisionCheck_ClearContext
8005D4B4,CollisionCheck_EnableSAC
8005D4C8,CollisionCheck_DisableSAC
8005D4DC,Collider_Draw
8005D62C,CollisionCheck_DrawCollision
8005D79C,CollisionCheck_SetAT
8005D8AC,CollisionCheck_SetAT_SAC
8005D9F4,CollisionCheck_SetAC
8005DB04,CollisionCheck_SetAC_SAC
8005DC4C,CollisionCheck_SetOC
8005DD5C,CollisionCheck_SetOC_SAC
8005DE9C,CollisionCheck_SetOCLine
8005DF2C,CollisionCheck_SkipTouch
8005DF50,CollisionCheck_SkipBump
8005DF74,CollisionCheck_NoSharedFlags
8005DF9C,CollisionCheck_NoBlood
8005DFAC,CollisionCheck_BlueBlood
8005E10C,CollisionCheck_GreenBlood
8005E26C,CollisionCheck_WaterBurst
8005E2A4,CollisionCheck_RedBlood
8005E2C8,CollisionCheck_RedBloodUnused
8005E2EC,CollisionCheck_HitSolid
8005E4F8,CollisionCheck_SwordHitAudio
8005E604,CollisionCheck_HitEffects
8005E800,CollisionCheck_SetBounce
8005E81C,CollisionCheck_SetATvsAC
8005E9C0,CollisionCheck_AC_JntSphVsJntSph
8005EC6C,CollisionCheck_AC_JntSphVsCyl
8005EEE0,CollisionCheck_AC_CylVsJntSph
8005F17C,CollisionCheck_AC_JntSphVsTris
8005F39C,CollisionCheck_AC_TrisVsJntSph
8005F5B0,CollisionCheck_AC_JntSphVsQuad
8005F7D0,CollisionCheck_AC_QuadVsJntSph
8005FA30,CollisionCheck_AC_CylVsCyl
8005FC04,CollisionCheck_AC_CylVsTris
8005FDCC,CollisionCheck_AC_TrisVsCyl
8005FF90,CollisionCheck_AC_CylVsQuad
80060204,CollisionCheck_AC_QuadVsCyl
800604B0,CollisionCheck_AC_TrisVsTris
80060704,CollisionCheck_AC_TrisVsQuad
80060994,CollisionCheck_AC_QuadVsTris
80060C2C,CollisionCheck_AC_QuadVsQuad
80060EBC,CollisionCheck_SetJntSphHitFX
80060F94,CollisionCheck_SetCylHitFX
80061028,CollisionCheck_SetTrisHitFX
8006110C,CollisionCheck_SetQuadHitFX
800611A0,CollisionCheck_SetHitEffects
80061274,CollisionCheck_AC
8006139C,CollisionCheck_AT
8006146C,CollisionCheck_GetMassType
800614A4,CollisionCheck_SetOCvsOC
800617D4,CollisionCheck_OC_JntSphVsJntSph
8006199C,CollisionCheck_OC_JntSphVsCyl
80061AF8,CollisionCheck_OC_CylVsJntSph
80061B24,CollisionCheck_OC_CylVsCyl
80061BF4,CollisionCheck_SkipOC
80061C18,CollisionCheck_Incompatible
80061C98,CollisionCheck_OC
80061E48,CollisionCheck_InitInfo
80061E8C,CollisionCheck_ResetDamage
80061EB0,CollisionCheck_SetInfoNoDamageTable
80061ED4,CollisionCheck_SetInfo
80061EFC,CollisionCheck_SetInfo2
80061F2C,CollisionCheck_SetInfoGetDamageTable
80061F64,CollisionCheck_ApplyDamage
8006216C,CollisionCheck_ApplyDamageJntSph
80062210,CollisionCheck_ApplyDamageCyl
80062230,CollisionCheck_ApplyDamageTris
800622C4,CollisionCheck_ApplyDamageQuad
800622E4,CollisionCheck_Damage
800623A4,CollisionCheck_LineOC_JntSph
800624BC,CollisionCheck_LineOC_Cyl
80062530,CollisionCheck_LineOC
8006268C,CollisionCheck_LineOCCheckAll
800626B0,CollisionCheck_LineOCCheck
800626DC,Collider_UpdateCylinder
80062718,Collider_SetCylinderPosition
80062734,Collider_SetQuadVertices
800627A0,Collider_SetTrisVertices
8006285C,Collider_SetTrisDim
800628A4,Collider_UpdateSpheres
80062A28,CollisionCheck_SpawnRedBlood
80062B80,CollisionCheck_SpawnWaterDroplets
80062CD4,CollisionCheck_SpawnShieldParticles
80062D60,CollisionCheck_SpawnShieldParticlesMetal
80062DAC,CollisionCheck_SpawnShieldParticlesMetalSfx
80062DF4,CollisionCheck_SpawnShieldParticlesMetal2
80062E14,CollisionCheck_SpawnShieldParticlesWood
80062ECC,CollisionCheck_CylSideVsLineSeg
800635D0,CollisionCheck_GetSwordDamage
80063640,SaveContext_Init
800636C0,GameInfo_Init
8006375C,DebugCamera_ScreenText
8006376C,DebugCamera_ScreenTextColored
80063828,DebugCamera_DrawScreenText
8006390C,Regs_UpdateEditor
80063C04,Regs_DrawEditor
80063D7C,Debug_DrawText
80063E90,DebugDisplay_Init
80063E9C,DebugDisplay_AddObject
80063FA0,DebugDisplay_DrawObjects
80064030,DebugDisplay_DrawSpriteI8
80064254,DebugDisplay_DrawPolygon
800643F0,Cutscene_DrawDebugInfo
8006450C,Cutscene_InitContext
80064520,Cutscene_StartManual
80064534,Cutscene_StopManual
80064558,Cutscene_UpdateManual
800645A0,Cutscene_UpdateScripted
80064720,CutsceneHandler_DoNothing
8006472C,Cutscene_StepTimer
80064760,CutsceneHandler_StartManual
800647C0,CutsceneHandler_StartScript
80064824,CutsceneCmd_Misc
80064FB8,CutsceneCmd_SetLightSetting
80064FF8,CutsceneCmd_StartSequence
80065034,CutsceneCmd_StopSequence
80065070,CutsceneCmd_FadeOutSequence
800650F0,CutsceneCmd_RumbleController
80065134,CutsceneCmd_SetTime
800651D8,CutsceneCmd_Destination
80066F80,CutsceneCmd_Transition
80067958,CutsceneCmd_UpdateCamEyeSpline
80067AA8,CutsceneCmd_UpdateCamAtSpline
80067C00,CutsceneCmd_SetCamEye
80067DD8,CutsceneCmd_SetCamAt
80067F7C,CutsceneCmd_Text
8006824C,Cutscene_ProcessScript
80068C3C,CutsceneHandler_RunScript
80068D84,CutsceneHandler_StopManual
80068DC0,CutsceneHandler_StopScript
80068ECC,Cutscene_SetupScripted
80069048,func_80069048
8006907C,func_8006907C
800690A0,Cutscene_HandleEntranceTriggers
800691C0,Cutscene_HandleConditionalTriggers
800693D8,Cutscene_SetScript
80069420,MemCopy
8006944C,MemSet
800694A0,GetItem_Draw
800694E4,GetItem_DrawMaskOrBombchu
800695C0,GetItem_DrawSoldOut
8006969C,GetItem_DrawBlueFire
80069880,GetItem_DrawPoes
80069AC8,GetItem_DrawFairy
80069CF0,GetItem_DrawMirrorShield
80069EB0,GetItem_DrawSkullToken
8006A060,GetItem_DrawEggOrMedallion
8006A158,GetItem_DrawCompass
8006A2A0,GetItem_DrawPotion
8006A4B0,GetItem_DrawGoronSword
8006A5F0,GetItem_DrawDekuNuts
8006A73C,GetItem_DrawRecoveryHeart
8006A88C,GetItem_DrawFish
8006A9CC,GetItem_DrawOpa0
8006AAA8,GetItem_DrawOpa0Xlu1
8006ABEC,GetItem_DrawXlu01
8006ACE4,GetItem_DrawOpa10Xlu2
8006AE40,GetItem_DrawMagicArrow
8006AF9C,GetItem_DrawMagicSpell
8006B124,GetItem_DrawOpa1023
8006B24C,GetItem_DrawOpa10Xlu32
8006B3C0,GetItem_DrawSmallRupee
8006B54C,GetItem_DrawScale
8006B6E4,GetItem_DrawBulletBag
8006B870,GetItem_DrawWallet
8006BA00,SfxSource_InitAll
8006BA30,SfxSource_UpdateAll
8006BAD8,Audio_PlaySoundAtPosition
8006BBC0,QuestHint_CheckCondition
8006BE88,QuestHint_CheckConditionChain
8006BF1C,QuestHint_CheckRandomCondition
8006C0FC,QuestHint_GetTextIdFromScript
8006C2B0,QuestHint_GetSariaTextId
8006C318,QuestHint_GetNaviTextId
8006C360,Text_GetFaceReaction
8006C3A0,CutsceneFlags_UnsetAll
8006C3D0,CutsceneFlags_Set
8006C438,CutsceneFlags_Unset
8006C4A4,CutsceneFlags_Get
8006C510,Curve_CubicHermiteSpline
8006C5A8,Curve_Interpolate
8006C750,SkelCurve_Clear
8006C778,SkelCurve_Init
8006C85C,SkelCurve_Destroy
8006C894,SkelCurve_SetAnim
8006C8C4,SkelCurve_Update
8006CBAC,SkelCurve_DrawLimb
8006CF6C,SkelCurve_Draw
8006CFC0,func_8006CFC0
8006D074,func_8006D074
8006D0AC,func_8006D0AC
8006D0EC,func_8006D0EC
8006D684,func_8006D684
8006DC68,func_8006DC68
8006DD9C,func_8006DD9C
8006DE30,Jpeg_ScheduleDecoderTask
8006DF68,Jpeg_CopyToZbuffer
8006E0A0,Jpeg_GetUnalignedU16
8006E0EC,Jpeg_ParseMarkers
8006E418,Jpeg_Decode
8006EA30,KaleidoSetup_Update
8006ECF4,KaleidoSetup_Init
8006EE48,KaleidoSetup_Destroy
8006EE50,func_8006EE50
8006EE60,Font_LoadChar
8006EEBC,Font_LoadMessageBoxIcon
8006EF10,Font_LoadOrderedFont
8006F0A0,Environment_ZBufValToFixedPoint
8006F0D4,Environment_GetPixelDepth
8006F0FC,Environment_GraphCallback
8006F140,Environment_Init
8006F6BC,Environment_SmoothStepToU8
8006F7F8,Environment_SmoothStepToS8
8006F93C,Environment_LerpWeight
8006F9BC,Environment_LerpWeightAccelDecel
8006FB94,Environment_UpdateStorm
8006FC88,Environment_UpdateSkybox
80070600,Environment_EnableUnderwaterLights
800706A0,Environment_DisableUnderwaterLights
80070718,Environment_PrintDebugInfo
80070C24,Environment_Update
800730DC,Environment_DrawSunAndMoon
80073988,Environment_DrawSunLensFlare
80073A5C,Environment_DrawLensFlare
800746DC,Environment_RandCentered
80074704,Environment_DrawRain
80074CE8,Environment_ChangeLightSetting
80074D6C,Environment_DrawSkyboxFilters
80074FF4,Environment_DrawLightningFlash
800750C0,Environment_UpdateLightningStrike
800753C4,Environment_AddLightningBolts
8007542C,Environment_DrawLightning
800758AC,Environment_PlaySceneSequence
80075B44,Environment_PlayTimeBasedSequence
80075E68,Environment_DrawCustomLensFlare
80075F14,Environment_InitGameOverLights
800760F4,Environment_FadeInGameOverLights
800763A8,Environment_FadeOutGameOverLights
800766C4,Environment_UpdateRain
8007672C,func_8007672C
80076934,Environment_DrawSandstorm
800773A8,Environment_AdjustLights
800775CC,Environment_GetBgsDayCount
800775D8,Environment_ClearBgsDayCount
800775E4,Environment_GetTotalDays
800775F0,Environment_ForcePlaySequence
80077600,Environment_IsForcedSequenceDisabled
80077624,Environment_PlayStormNatureAmbience
80077684,Environment_StopStormNatureAmbience
800776E4,Environment_WarpSongLeave
800777E0,Lib_MemSet
80077834,Math_CosS
80077870,Math_SinS
800778AC,Math_ScaledStepToS
8007797C,Math_StepToS
80077A00,Math_StepToF
80077A90,Math_StepUntilAngleS
80077AF8,Math_StepUntilS
80077B58,Math_StepToAngleS
80077C1C,Math_StepUntilF
80077C6C,Math_AsymStepToF
80077D10,func_80077D10
80077D90,Rand_S16Offset
80077DDC,Rand_S16OffsetStride
80077E40,Math_Vec3f_Copy
80077E5C,Math_Vec3s_ToVec3f
80077E9C,Math_Vec3f_Sum
80077ED0,Math_Vec3f_Diff
80077F04,Math_Vec3s_DiffToVec3f
80077F5C,Math_Vec3f_Scale
80077F90,Math_Vec3f_DistXYZ
80077FD0,Math_Vec3f_DistXYZAndStoreDiff
80078028,Math_Vec3f_DistXZ
80078058,Math_Vec3f_DiffY
80078068,Math_Vec3f_Yaw
8007809C,Math_Vec3f_Pitch
800780DC,Actor_ProcessInitChain
80078154,IChain_Apply_u8
8007816C,IChain_Apply_s8
80078184,IChain_Apply_u16
8007819C,IChain_Apply_s16
800781B4,IChain_Apply_u32
800781CC,IChain_Apply_s32
800781E4,IChain_Apply_f32
80078204,IChain_Apply_f32div1000
80078230,IChain_Apply_Vec3f
80078258,IChain_Apply_Vec3fdiv1000
800782F0,IChain_Apply_Vec3s
80078310,Math_SmoothStepToF
8007841C,Math_ApproachF
8007848C,Math_ApproachZeroF
800784D8,Math_SmoothStepToDegF
8007869C,Math_SmoothStepToS
800787BC,Math_ApproachS
80078860,Color_RGBA8_Copy
80078884,func_80078884
800788CC,func_800788CC
80078914,func_80078914
80078960,Health_InitMeter
80078A38,Health_UpdateMeter
80078E18,func_80078E18
80078E34,func_80078E34
80078E84,func_80078E84
80078F1C,Health_DrawMeter
80079BC8,Health_UpdateBeatingHeart
80079CB4,Health_IsCritical
80079D30,Lights_PointSetInfo
80079D8C,Lights_PointNoGlowSetInfo
80079DF0,Lights_PointGlowSetInfo
80079E58,Lights_PointSetColorAndRadius
80079E7C,Lights_DirectionalSetInfo
80079ED0,Lights_Reset
80079EFC,Lights_Draw
8007A084,Lights_FindSlot
8007A0B4,Lights_BindPoint
8007A40C,Lights_BindDirectional
8007A474,Lights_BindAll
8007A510,Lights_FindBufSlot
8007A59C,Lights_FreeNode
8007A614,LightContext_Init
8007A67C,LightContext_SetAmbientColor
8007A698,LightContext_SetFog
8007A6C4,LightContext_NewLights
8007A6FC,LightContext_InitList
8007A708,LightContext_DestroyList
8007A764,LightContext_InsertLight
8007A7C4,LightContext_RemoveLight
8007A824,Lights_NewAndDraw
8007A960,Lights_New
8007A9B4,Lights_GlowCheck
8007ABBC,Lights_DrawGlow
8007AE10,ZeldaArena_CheckPointer
8007AE90,ZeldaArena_Malloc
8007AEE0,ZeldaArena_MallocDebug
8007AF3C,ZeldaArena_MallocR
8007AF8C,ZeldaArena_MallocRDebug
8007AFE8,ZeldaArena_Realloc
8007B040,ZeldaArena_ReallocDebug
8007B0AC,ZeldaArena_Free
8007B0D4,ZeldaArena_FreeDebug
8007B10C,ZeldaArena_Calloc
8007B178,ZeldaArena_Display
8007B1A8,ZeldaArena_GetSizes
8007B1E0,ZeldaArena_Check
8007B204,ZeldaArena_Init
8007B23C,ZeldaArena_Cleanup
8007B268,ZeldaArena_IsInitalized
8007B290,MapMark_Init
8007B364,MapMark_ClearPointers
8007B37C,MapMark_DrawForDungeon
8007B8CC,MapMark_Draw
8007B910,Moji_SetColor
8007B934,Moji_SetPosition
8007B9A4,Moji_DrawChar
8007BBA8,Moji_DrawString
8007BE60,PreNmiBuff_Init
8007BED4,PreNmiBuff_SetReset
8007BF08,PreNmiBuff_IsResetting
8007BF10,Sched_FlushTaskQueue
8007BF90,OLib_Vec3fDist
8007BFD0,OLib_Vec3fDistOutDiff
8007C028,OLib_Vec3fDistXZ
8007C058,OLib_ClampMinDist
8007C0A8,OLib_ClampMaxDist
8007C0F8,OLib_Vec3fDistNormalize
8007C1AC,OLib_VecSphToVec3f
8007C25C,OLib_VecGeoToVec3f
8007C29C,OLib_Vec3fToVecSph
8007C3F4,OLib_Vec3fToVecGeo
8007C440,OLib_Vec3fDiffToVecSph
8007C490,OLib_Vec3fDiffToVecGeo
8007C4E0,OLib_Vec3fDiffRad
8007C574,OLib_Vec3fDiffDegF
8007C5E0,OLib_Vec3fDiffBinAng
8007C680,OnePointCutscene_AddVecGeoToVec3f
8007C704,OnePointCutscene_Vec3fYaw
8007C76C,OnePointCutscene_Vec3sToVec3f
8007C7A8,OnePointCutscene_BgCheckLineTest
8007C7F8,OnePointCutscene_RaycastDown
8007C820,OnePointCutscene_SetCsCamPoints
8007C850,OnePointCutscene_SetInfo
8007FFE0,OnePointCutscene_SetAsChild
80080024,OnePointCutscene_RemoveCamera
800800F8,OnePointCutscene_Init
800803F0,OnePointCutscene_EndCutscene
80080480,OnePointCutscene_Attention
800806BC,OnePointCutscene_AttentionSetSfx
8008070C,OnePointCutscene_EnableAttention
80080718,OnePointCutscene_DisableAttention
80080728,OnePointCutscene_CheckForCategory
80080788,OnePointCutscene_Noop
800807A0,Map_SavePlayerInitialInfo
800807FC,Map_SetPaletteData
800808FC,Map_SetFloorPalettesData
80080AB4,Map_InitData
80080E04,Map_InitRoomData
80080F44,Map_Destroy
80080F68,Map_Init
80081240,Minimap_DrawCompassIcons
800816E0,Minimap_Draw
80082248,Map_GetFloorTextIndexOffset
8008226C,Map_Update
800825E0,Interface_ChangeAlpha
80082644,Interface_RaiseButtonAlphas
8008277C,Interface_DimButtonAlphas
80082850,Interface_UpdateHudAlphas
80083108,func_80083108
8008407C,Interface_SetSceneRestrictions
80084298,Gfx_TextureIA8
800844BC,Gfx_TextureI8
800846E0,Inventory_SwapAgeEquipment
800849A8,Interface_InitHorsebackArchery
800849EC,func_800849EC
80084A6C,Interface_LoadItemIcon1
80084B30,Interface_LoadItemIcon2
80084BF4,func_80084BF4
80084D10,Item_Give
80086388,Item_CheckObtainability
80086930,Inventory_DeleteItem
800869E4,Inventory_ReplaceItem
80086ABC,Inventory_HasEmptyBottle
80086B2C,Inventory_HasSpecificBottle
80086B9C,Inventory_UpdateBottleItem
80086C70,Inventory_ConsumeFairy
80086D5C,func_80086D5C
80086D90,Interface_LoadActionLabel
80086F00,Interface_SetDoAction
80086F88,Interface_SetNaviCall
8008708C,Interface_LoadActionLabelB
80087174,Health_ChangeBy
800872E4,Health_GiveHearts
8008730C,Rupees_ChangeBy
80087330,Inventory_ChangeAmmo
80087680,Magic_Fill
800876C8,Magic_Reset
80087708,Magic_RequestChange
800879BC,Magic_Update
80088284,Magic_DrawMeter
80088AA0,Interface_SetSubTimer
80088AF0,Interface_SetSubTimerToFinalSecond
80088B34,Interface_SetTimer
80088B84,Interface_DrawActionLabel
80088CBC,Interface_DrawItemButtons
80089B00,Interface_DrawItemIconTexture
80089CF8,Interface_DrawAmmoCount
8008A1BC,Interface_DrawActionButton
8008A3E0,Interface_InitVertices
8008A8B8,func_8008A8B8
8008A994,func_8008A994
8008A9D8,Interface_Draw
8008D61C,Interface_Update
8008E4E0,Path_GetByIndex
8008E520,Path_OrientAndGetDistSq
8008E60C,Path_CopyLastPoint
8008E6A0,FrameAdvance_Init
8008E6AC,FrameAdvance_Update
8008E750,Player_SetBootData
8008E8DC,Player_InBlockingCsMode
8008E988,Player_InCsMode
8008E9C4,func_8008E9C4
8008E9D0,Player_IsChildWithHylianShield
8008E9F8,Player_ActionToModelGroup
8008EA40,Player_SetModelsForHoldingShield
8008EB2C,Player_SetModels
8008EC04,Player_SetModelGroup
8008EC70,func_8008EC70
8008ECAC,Player_SetEquipmentData
8008ED9C,Player_UpdateBottleHeld
8008EDF0,func_8008EDF0
8008EE08,func_8008EE08
8008EEAC,func_8008EEAC
8008EF30,func_8008EF30
8008EF44,func_8008EF44
8008EF5C,Player_IsBurningStickInRange
8008F034,Player_GetStrength
8008F080,Player_GetMask
8008F08C,Player_UnsetMask
8008F098,Player_HasMirrorShieldEquipped
8008F0AC,Player_HasMirrorShieldSetToDraw
8008F0D8,Player_ActionToMagicSpell
8008F104,Player_HoldsHookshot
8008F128,func_8008F128
8008F158,Player_ActionToMeleeWeapon
8008F180,Player_GetMeleeWeaponHeld
8008F1A0,Player_HoldsTwoHandedWeapon
8008F1CC,Player_HoldsBrokenKnife
8008F224,Player_ActionToBottle
8008F250,Player_GetBottleHeld
8008F270,Player_ActionToExplosive
8008F29C,Player_GetExplosiveHeld
8008F2BC,func_8008F2BC
8008F2F8,Player_GetEnvironmentalHazard
8008F470,Player_DrawImpl
8008F87C,func_8008F87C
8008FCC8,Player_OverrideLimbDrawGameplayCommon
80090014,Player_OverrideLimbDrawGameplayDefault
800902F0,Player_OverrideLimbDrawGameplayFirstPerson
80090440,Player_OverrideLimbDrawGameplayCrawling
80090480,func_80090480
80090604,Player_UpdateShieldCollider
800906D4,func_800906D4
800907E4,Player_DrawGetItemImpl
800909B4,Player_DrawGetItem
80090A28,func_80090A28
80090AFC,Player_DrawHookshotReticle
80090D20,Player_PostLimbDrawGameplay
80091738,func_80091738
80091880,Player_OverrideLimbDrawPause
80091A24,Player_DrawPauseImpl
8009214C,Player_DrawPause
80092320,func_80092320
80092330,PreNMI_Update
80092384,PreNMI_Draw
8009247C,PreNMI_Main
800924B0,PreNMI_Destroy
800924B8,PreNMI_Init
80092500,Quake_AddVecGeoToVec3f
80092584,Quake_UpdateShakeInfo
800927AC,Quake_CallbackType1
80092830,Quake_CallbackType5
800928A0,Quake_CallbackType6
80092920,Quake_CallbackType3
800929B4,Quake_CallbackType2
80092A24,Quake_CallbackType4
80092AB8,Quake_GetFreeIndex
80092B48,Quake_RequestImpl
80092BFC,Quake_Remove
80092C20,Quake_GetRequest
80092C7C,Quake_SetValue
80092DAC,Quake_SetSpeed
80092DF0,Quake_SetDuration
80092E3C,Quake_GetTimeLeft
80092E70,Quake_SetPerturbations
80092ED4,Quake_SetOrientation
80092F38,Quake_Init
80092F88,Quake_Request
80092FAC,Quake_RemoveRequest
80092FF0,Quake_Update
80093370,Gfx_SetFog
8009352C,Gfx_SetFogWithSync
80093708,Gfx_SetFog2
8009373C,Gfx_SetupDLImpl
80093774,Gfx_CallSetupDL
80093794,Gfx_SetupDLAtPtr
800937C0,Gfx_SetupDL_57
800937E4,Gfx_SetupDL_57b
80093808,Gfx_SetupDL_52NoCD
80093848,Gfx_SetupDL_58Opa
800938B4,Gfx_SetupDL_57Opa
80093920,Gfx_SetupDL_50Opa
8009398C,Gfx_SetupDL_51Opa
800939F8,Gfx_SetupDL_52Xlu
80093A64,Gfx_SetupDL_53Opa
80093AD0,Gfx_SetupDL_54Opa
80093B3C,Gfx_SetupDL_55Xlu
80093BA8,Gfx_SetupDL_26Opa
80093C14,Gfx_SetupDL_25Xlu2
80093C80,func_80093C80
80093D18,func_80093D18
80093D84,Gfx_SetupDL_25Xlu
80093DF0,Gfx_SetupDL_31Opa
80093E5C,Gfx_SetupDL_32Opa
80093EC8,Gfx_SetupDL_33Opa
80093F34,Gfx_SetupDL_64
80093F58,Gfx_SetupDL_34
80093F7C,Gfx_SetupDL_34Opa
80093FD8,Gfx_SetupDL_35Opa
80094044,Gfx_SetupDL_44Xlu
800940B0,Gfx_SetupDL_36Opa
8009411C,Gfx_SetupDL_28
80094140,Gfx_SetupDL_28Opa
800941AC,Gfx_SetupDL_43Opa
80094218,Gfx_SetupDL_45Opa
80094284,Gfx_SetupDL_46Overlay
800942F0,Gfx_SetupDL_38Xlu
8009435C,Gfx_SetupDL_4Xlu
800943C8,Gfx_SetupDL_37Opa
80094434,Gfx_SetupDL_2Opa
800944A0,Gfx_SetupDL_39
800944C4,Gfx_SetupDL_39Opa
80094520,Gfx_SetupDL_39Overlay
8009457C,Gfx_SetupDL_39Ptr
800945A0,Gfx_SetupDL_40Opa
8009460C,Gfx_SetupDL_41Opa
80094678,Gfx_SetupDL_47Xlu
800946E4,Gfx_SetupDL_66
80094708,Gfx_SetupDL_67
8009472C,Gfx_SetupDL_68NoCD
8009476C,Gfx_SetupDL_69NoCD
800947AC,func_800947AC
80094944,Gfx_SetupDL_70
80094968,Gfx_SetupDL_20NoCD
800949A8,Gfx_SetupDL_42Opa
80094A14,Gfx_SetupDL_42Overlay
80094A80,Gfx_SetupDL_48Opa
80094AEC,Gfx_SetupDL_49Xlu
80094B58,Gfx_SetupDL_27Xlu
80094BC4,Gfx_SetupDL_60NoCDXlu
80094C50,Gfx_SetupDL_61Xlu
80094CBC,Gfx_SetupDL_56Opa
80094D28,Gfx_SetupDL_56Ptr
80094D4C,Gfx_SetupDL_59Opa
80094DB8,Gfx_BranchTexScroll
80094E54,func_80094E54
80094E78,func_80094E78
80094E9C,Gfx_TexScroll
80094F40,Gfx_TwoTexScroll
80095068,Gfx_TwoTexScrollEnvColor
800951D0,Gfx_EnvColor
80095248,func_80095248
80095974,func_80095974
80095AA0,func_80095AA0
80095AB4,Room_DrawNormal
80095D04,Room_DrawCullable
80096238,Room_DecodeJpeg
8009638C,Room_DrawBackground2D
80096680,Room_DrawImageSingle
80096A74,Room_GetImageMultiBgEntry
80096B6C,Room_DrawImageMulti
80096F6C,Room_DrawImage
80096FD4,func_80096FD4
80096FE8,func_80096FE8
8009728C,func_8009728C
800973FC,func_800973FC
800974A0,Room_Draw
80097534,func_80097534
800975D0,Sample_HandleStateChange
80097604,Sample_Draw
80097820,Sample_Main
80097848,Sample_Destroy
80097850,Sample_SetupView
80097904,Sample_LoadTitleStatic
80097974,Sample_Init
80097A00,Inventory_ChangeEquipment
80097A54,Inventory_DeleteEquipment
80097B9C,Inventory_ChangeUpgrade
80097C00,Object_Spawn
80097DD8,Object_InitBank
80097F9C,Object_UpdateBank
8009812C,Object_GetIndex
80098188,Object_IsLoaded
800981B8,func_800981B8
800982FC,func_800982FC
8009840C,Scene_ExecuteCommands
80098508,Scene_CommandPlayerEntryList
800985DC,Scene_CommandActorEntryList
80098630,Scene_CommandUnused2
80098674,Scene_CommandCollisionHeader
800987A4,Scene_CommandRoomList
800987F8,Scene_CommandSpawnList
8009883C,Scene_CommandSpecialFiles
80098904,Scene_CommandRoomBehavior
80098958,Scene_CommandRoomShape
8009899C,Scene_CommandObjectList
80098B74,Scene_CommandLightList
80098C24,Scene_CommandPathList
80098C68,Scene_CommandTransitionActorEntryList
80098CBC,TransitionActor_InitContext
80098CC8,Scene_CommandLightSettingsList
80098D1C,Scene_CommandSkyboxSettings
80098D5C,Scene_CommandSkyboxDisables
80098D80,Scene_CommandTimeSettings
80099090,Scene_CommandWindSettings
800990F0,Scene_CommandExitList
80099134,Scene_CommandUndefined9
80099140,Scene_CommandSoundSettings
8009918C,Scene_CommandEchoSettings
800991A0,Scene_CommandAlternateHeaderList
8009934C,Scene_CommandCutsceneData
800993C0,Scene_CommandMiscSettings
800994A0,Scene_SetTransitionForNextEntrance
80099550,Scene_DrawConfigDefault
800995DC,Scene_DrawConfigDekuTree
80099760,Scene_DrawConfigDekuTreeBoss
80099878,Scene_DrawConfigDodongosCavern
80099BD8,Scene_DrawConfigTempleOfTime
8009A45C,Scene_DrawConfigGrottos
8009A798,Scene_DrawConfigChamberOfTheSages
8009A9DC,Scene_DrawConfigGreatFairyFountain
8009AB98,Scene_DrawConfigGraveExitLightShining
8009ACA8,Scene_DrawConfigFairysFountain
8009AE30,Scene_DrawConfigShadowTempleAndWell
8009AFE0,Scene_DrawConfigThievesHideout
8009B0FC,Scene_DrawConfigWaterTemple
8009B86C,Scene_DrawConfigWaterTempleBoss
8009B9BC,Scene_DrawConfigShootingGallery
8009BAA4,Scene_DrawConfigCastleCourtyardGuards
8009BC44,Scene_DrawConfigOutsideGanonsCastle
8009BEEC,func_8009BEEC
8009C0AC,Scene_DrawConfigGanonsTowerCollapseExterior
8009C3EC,Scene_DrawConfigIceCavern
8009C608,Scene_DrawConfigRoyalFamilysTomb
8009C8B8,Scene_DrawConfigLakesideLaboratory
8009CAC0,Scene_DrawConfigCalmWater
8009CC00,Scene_DrawConfigGerudoTrainingGround
8009CE1C,Gfx_TwoTexScrollPrimColor
8009CF84,Scene_DrawConfigFishingPond
8009D0E8,Scene_DrawConfigBombchuBowlingAlley
8009D31C,Scene_DrawConfigLonLonBuildings
8009D438,Scene_DrawConfigMarketGuardHouse
8009D5B4,Scene_DrawConfigPotionShopGranny
8009D758,Scene_DrawConfigForestTemple
8009D974,Scene_DrawConfigSpiritTemple
8009DA30,Scene_DrawConfigHyruleField
8009DD5C,Scene_DrawConfigKakarikoVillage
8009DE78,Scene_DrawConfigZorasRiver
8009E0B8,Scene_DrawConfigKokiriForest
8009E54C,Scene_DrawConfigLakeHylia
8009E730,Scene_DrawConfigZorasDomain
8009E8C0,Scene_DrawConfigZorasFountain
8009EAD8,Scene_DrawConfigGerudoValley
8009EE44,Scene_DrawConfigLostWoods
8009F074,Scene_DrawConfigDesertColossus
8009F1B4,Scene_DrawConfigGerudosFortress
8009F270,Scene_DrawConfigHauntedWasteland
8009F40C,Scene_DrawConfigHyruleCastle
8009F5D4,Scene_DrawConfigDeathMountainTrail
8009F7D4,Scene_DrawConfigDeathMountainCrater
8009F9D0,Scene_DrawConfigGoronCity
8009FB74,Scene_DrawConfigLonLonRanch
8009FC90,Scene_DrawConfigFireTemple
8009FE58,Scene_DrawConfigJabuJabu
800A0334,Scene_DrawConfigInsideGanonsCastle
800A055C,Scene_DrawConfigInsideGanonsCastleCollapse
800A057C,Scene_DrawConfigGanonsTowerCollapseInterior
800A059C,Scene_DrawConfigBesitu
800A06F8,Scene_Draw
800A08A0,SkelAnime_DrawLimbLod
800A0B40,SkelAnime_DrawLod
800A0D94,SkelAnime_DrawFlexLimbLod
800A106C,SkelAnime_DrawFlexLod
800A1344,SkelAnime_DrawLimbOpa
800A15C8,SkelAnime_DrawOpa
800A180C,SkelAnime_DrawFlexLimbOpa
800A1AC8,SkelAnime_DrawFlexOpa
800A1D8C,SkelAnime_GetFrameData
800A1FC8,Animation_GetLength
800A2000,Animation_GetLastFrame
800A2044,SkelAnime_DrawLimb
800A2288,SkelAnime_Draw
800A24A0,SkelAnime_DrawFlexLimb
800A273C,SkelAnime_DrawFlex
800A29BC,SkelAnime_GetFrameDataLegacy
800A2DBC,Animation_GetLimbCountLegacy
800A2DF4,Animation_GetLengthLegacy
800A2E2C,Animation_GetLastFrameLegacy
800A2E70,SkelAnime_InterpFrameTable
800A32EC,AnimationContext_Reset
800A32F4,AnimationContext_SetNextQueue
800A3310,AnimationContext_DisableQueue
800A3334,AnimationContext_AddEntry
800A336C,AnimationContext_SetLoadFrame
800A3478,AnimationContext_SetCopyAll
800A34DC,AnimationContext_SetInterp
800A3548,AnimationContext_SetCopyTrue
800A35B4,AnimationContext_SetCopyFalse
800A3620,AnimationContext_SetMoveActor
800A3678,AnimationContext_LoadFrame
800A36A4,AnimationContext_CopyAll
800A3714,AnimationContext_Interp
800A3770,AnimationContext_CopyTrue
800A37F0,AnimationContext_CopyFalse
800A3874,AnimationContext_MoveActor
800A390C,AnimationContext_Update
800A39AC,SkelAnime_InitLink
800A3B8C,LinkAnimation_SetUpdateFunction
800A3BC0,LinkAnimation_Update
800A3BE4,LinkAnimation_Morph
800A3C9C,LinkAnimation_AnimateFrame
800A3D70,LinkAnimation_Loop
800A3E0C,LinkAnimation_Once
800A3EE8,Animation_SetMorph
800A3F08,LinkAnimation_Change
800A407C,LinkAnimation_PlayOnce
800A40DC,LinkAnimation_PlayOnceSetSpeed
800A4140,LinkAnimation_PlayLoop
800A419C,LinkAnimation_PlayLoopSetSpeed
800A41FC,LinkAnimation_CopyJointToMorph
800A422C,LinkAnimation_CopyMorphToJoint
800A425C,LinkAnimation_LoadToMorph
800A42A0,LinkAnimation_LoadToJoint
800A42E4,LinkAnimation_InterpJointMorph
800A431C,LinkAnimation_BlendToJoint
800A43B8,LinkAnimation_BlendToMorph
800A4454,LinkAnimation_EndLoop
800A4478,Animation_OnFrameImpl
800A4530,LinkAnimation_OnFrame
800A457C,SkelAnime_Init
800A46F8,SkelAnime_InitFlex
800A487C,SkelAnime_InitSkin
800A49B0,SkelAnime_SetUpdate
800A49FC,SkelAnime_Update
800A4A20,SkelAnime_Morph
800A4AD8,SkelAnime_MorphTaper
800A4C58,SkelAnime_AnimateFrame
800A4D9C,SkelAnime_LoopFull
800A4E38,SkelAnime_LoopPartial
800A4EE0,SkelAnime_Once
800A4FE4,Animation_ChangeImpl
800A51A0,Animation_Change
800A51E8,Animation_PlayOnce
800A5240,Animation_MorphToPlayOnce
800A529C,Animation_PlayOnceSetSpeed
800A52F8,Animation_PlayLoop
800A534C,Animation_MorphToLoop
800A5384,Animation_PlayLoopSetSpeed
800A53DC,Animation_EndLoop
800A5408,Animation_Reverse
800A5428,SkelAnime_CopyFrameTableTrue
800A5490,SkelAnime_CopyFrameTableFalse
800A54FC,SkelAnime_UpdateTranslation
800A56C8,Animation_OnFrame
800A56F0,SkelAnime_Free
800A5774,SkelAnime_CopyFrameTable
800A57C0,Skin_UpdateVertices
800A598C,Skin_ApplyLimbModifications
800A5E28,Skin_DrawAnimatedLimb
800A5F60,Skin_DrawLimb
800A60D8,Skin_DrawImpl
800A6330,func_800A6330
800A6360,func_800A6360
800A6394,func_800A6394
800A63CC,func_800A63CC
800A6408,Skin_GetLimbPos
800A6460,Skin_InitAnimatedLimb
800A663C,Skin_Init
800A6888,Skin_Free
800A698C,func_800A698C
800A6AC4,Skin_ApplyAnimTransformations
800A6E10,SkinMatrix_Vec3fMtxFMultXYZW
800A6EF4,SkinMatrix_Vec3fMtxFMultXYZ
800A6FA0,SkinMatrix_MtxFMtxFMult
800A72FC,SkinMatrix_GetClear
800A730C,SkinMatrix_Clear
800A735C,SkinMatrix_MtxFCopy
800A73E0,SkinMatrix_Invert
800A76A4,SkinMatrix_SetScale
800A7704,SkinMatrix_SetRotateZYX
800A7894,SkinMatrix_SetRotateYXZ
800A7A24,SkinMatrix_SetTranslate
800A7A84,SkinMatrix_SetTranslateRotateZYXScale
800A7B04,SkinMatrix_SetTranslateRotateYXZScale
800A7B84,SkinMatrix_SetTranslateRotateZYX
800A7BE4,SkinMatrix_Vec3fToVec3s
800A7C20,SkinMatrix_Vec3sToVec3f
800A7C60,SkinMatrix_MtxFToMtx
800A7E70,SkinMatrix_MtxFToNewMtx
800A7EC0,SkinMatrix_SetRotateAxis
800A8030,func_800A8030
800A81A0,Sram_InitNewSave
800A82C8,Sram_InitDebugSave
800A8484,Sram_OpenSave
800A88D4,Sram_WriteSave
800A8A20,Sram_VerifyAndLoadAllSaves
800A9258,Sram_InitSave
800A96D0,Sram_EraseSave
800A97F0,Sram_CopySave
800A9A9C,Sram_WriteSramHeader
800A9AD0,Sram_InitSram
800A9CD4,Sram_Alloc
800A9D28,Sram_Init
800A9F30,Rumble_Update
800A9F6C,Rumble_Override
800AA000,Rumble_Request
800AA0B4,Rumble_Init
800AA0F0,Rumble_Destroy
800AA148,Rumble_Controller1HasRumblePak
800AA15C,Rumble_Reset
800AA16C,Rumble_ClearRequests
800AA178,Rumble_SetUpdateEnabled
800AA190,View_ViewportToVp
800AA1F8,View_New
800AA250,View_Free
800AA278,View_Init
800AA358,View_LookAt
800AA3F0,View_LookAtUnsafe
800AA43C,View_SetScale
800AA454,View_GetScale
800AA460,View_SetPerspective
800AA48C,View_GetPerspective
800AA4A8,View_SetOrtho
800AA4E0,View_GetOrtho
800AA4FC,View_SetViewport
800AA52C,View_GetViewport
800AA550,View_ApplyLetterbox
800AA76C,View_SetDistortionOrientation
800AA78C,View_SetDistortionScale
800AA7AC,View_SetDistortionSpeed
800AA7B8,View_InitDistortion
800AA814,View_ClearDistortion
800AA840,View_SetDistortion
800AA890,View_StepDistortion
800AAA50,View_Apply
800AAA9C,View_ApplyPerspective
800AB0A8,View_ApplyOrtho
800AB2C4,View_ApplyOrthoToOverlay
800AB560,View_ApplyPerspectiveToOverlay
800AB944,View_UpdateViewingMatrix
800AB9EC,View_ApplyTo
800ABE74,View_ErrorCheckEyePosition
800AC030,ViMode_LogPrint
800AC2F4,ViMode_Configure
800AC89C,ViMode_Save
800AC9A4,ViMode_Load
800ACA28,ViMode_Init
800ACA90,ViMode_Destroy
800ACA98,ViMode_ConfigureFeatures
800ACAF8,ViMode_Update
800ACE70,func_800ACE70
800ACE90,func_800ACE90
800ACE98,func_800ACE98
800AD000,VisMono_Init
800AD054,VisMono_Destroy
800AD080,VisMono_DesaturateTLUT
800AD394,VisMono_DesaturateDList
800AD5C0,VisMono_Draw
800AD870,VisMono_DrawOld
800AD920,func_800AD920
800AD950,func_800AD950
800AD958,func_800AD958
800ADBB0,func_800ADBB0
800AE2C0,func_800AE2C0
800AEFC8,func_800AEFC8
800AF178,func_800AF178
800AF218,Skybox_Setup
800B0E50,Skybox_Init
800B1030,Skybox_UpdateMatrix
800B10C4,Skybox_Draw
800B1744,Skybox_Update
800B1750,PlayerCall_InitFuncPtrs
800B17B4,PlayerCall_Init
800B17F8,PlayerCall_Destroy
800B1834,PlayerCall_Update
800B1870,PlayerCall_Draw
800B18B0,TransitionTile_InitGraphics
800B1CFC,TransitionTile_InitVtxData
800B1DBC,TransitionTile_Destroy
800B1E84,TransitionTile_Init
800B2074,TransitionTile_SetVtx
800B2188,TransitionTile_Draw
800B22B4,TransitionTile_Suck
800B23E8,TransitionTile_Update
800B23F0,func_800B23F0
800B2400,TransitionTriforce_Start
800B2438,TransitionTriforce_Init
800B24D0,TransitionTriforce_Destroy
800B24D8,TransitionTriforce_Update
800B25EC,TransitionTriforce_SetColor
800B25F4,TransitionTriforce_SetType
800B25FC,TransitionTriforce_SetState
800B2604,TransitionTriforce_Draw
800B2944,TransitionTriforce_IsDone
800B29D0,TransitionWipe_Start
800B2A88,TransitionWipe_Init
800B2AB0,TransitionWipe_Destroy
800B2AB8,TransitionWipe_Update
800B2B98,TransitionWipe_Draw
800B2DD4,TransitionWipe_IsDone
800B2DDC,TransitionWipe_SetType
800B2E1C,TransitionWipe_SetColor
800B2E24,TransitionWipe_SetUnkColor
800B2E30,TransitionCircle_Start
800B301C,TransitionCircle_Init
800B3044,TransitionCircle_Destroy
800B304C,TransitionCircle_Update
800B31D0,TransitionCircle_Draw
800B346C,TransitionCircle_IsDone
800B3474,TransitionCircle_SetType
800B34CC,TransitionCircle_SetColor
800B34D4,TransitionCircle_SetUnkColor
800B34E0,TransitionFade_Start
800B3538,TransitionFade_Init
800B3560,TransitionFade_Destroy
800B3568,TransitionFade_Update
800B3718,TransitionFade_Draw
800B37DC,TransitionFade_IsDone
800B37E4,TransitionFade_SetColor
800B37EC,TransitionFade_SetType
800B3840,Letterbox_SetSizeTarget
800B3898,Letterbox_GetSizeTarget
800B38A4,Letterbox_SetSize
800B38FC,Letterbox_GetSize
800B3908,Letterbox_Init
800B3968,Letterbox_Destroy
800B39B8,Letterbox_Update
800B3B50,DebugCamera_AddVecGeoToVec3f
800B3BD4,DebugCamera_CalcUpFromPitchYawRoll
800B3DF8,DebugCamera_SetTextValue
800B3EBC,DebugCamera_Vec3SToF
800B3EFC,DebugCamera_Vec3FToS
800B3F38,DebugCamera_CopyVec3f
800B3F54,DebugCamera_Vec3SToF2
800B3F94,func_800B3F94
800B3FF4,func_800B3FF4
800B404C,func_800B404C
800B4088,func_800B4088
800B41DC,func_800B41DC
800B42C0,func_800B42C0
800B4370,func_800B4370
800B44E0,func_800B44E0
800B4920,DebugCamera_PrintPoints
800B4A68,DebugCamera_PrintF32Bytes
800B4AA8,DebugCamera_PrintU16Bytes
800B4AE4,DebugCamera_PrintS16Bytes
800B4B20,DebugCamera_PrintCutBytes
800B4D58,DebugCamera_Init
800B4DE4,DebugCamera_Enable
800B4E7C,DebugCamera_Update
800B8730,DebugCamera_GetFirstAvailableLetter
800B87D8,DebugCamera_InitCut
800B8978,DebugCamera_ResetCut
800B8A0C,DebugCamera_CalcMempakAllocSize
800B8BA4,DebugCamera_GetMempakAllocSize
800B8BB0,DebugCamera_LoadCallback
800B8DB0,DebugCamera_SaveCallback
800B8F30,DebugCamera_ClearCallback
800B8F58,DebugCamera_DrawSlotLetters
800B9060,DebugCamera_PrintAllCuts
800B91B0,func_800B91B0
800B958C,DebugCamera_Reset
800B9638,DebugCamera_UpdateDemoControl
800BB03C,func_800BB03C
800BB060,func_800BB060
800BB06C,func_800BB06C
800BB0A0,func_800BB0A0
800BB2B4,func_800BB2B4
800BB570,Mempak_Init
800BB5E8,Mempak_GetFreeBytes
800BB5F8,Mempak_FindFiles
800BB764,Mempak_Write
800BB838,Mempak_Read
800BB90C,Mempak_CreateFile
800BBB6C,Mempak_DeleteFile
800BBC14,Mempak_GetFileSize
800BBC90,KaleidoManager_LoadOvl
800BBD60,KaleidoManager_ClearOvl
800BBDB4,KaleidoManager_Init
800BBEB0,KaleidoManager_Destroy
800BBEEC,KaleidoManager_GetRamAddr
800BBFC0,KaleidoScopeCall_LoadPlayer
800BC050,KaleidoScopeCall_Init
800BC138,KaleidoScopeCall_Destroy
800BC168,KaleidoScopeCall_Update
800BC3D0,KaleidoScopeCall_Draw
800BC450,Play_ChangeViewpointBgCamIndex
800BC490,Play_SetViewpoint
800BC56C,Play_CheckViewpoint
800BC590,Play_SetShopBrowsingViewpoint
800BC5E0,Play_SetupTransition
800BC88C,func_800BC88C
800BC8A0,Play_SetFog
800BC8EC,Play_Destroy
800BD314,Play_Update
800BED40,Play_DrawOverlayElements
800BEDD8,Play_Draw
800BFAE4,Play_Main
800BFC84,Gameplay_InCsMode
800BFCB8,func_800BFCB8
800BFE5C,Play_LoadFile
800BFEC4,Play_InitEnvironment
800BFF0C,Play_InitScene
800C0008,Play_SpawnScene
800C016C,Play_GetScreenPos
800C0230,Play_CreateSubCamera
800C030C,Play_GetActiveCamId
800C0314,Play_ChangeCameraStatus
800C0384,Play_ClearCamera
800C0438,Play_ClearAllSubCameras
800C04A4,Play_GetCamera
800C04D8,Play_SetCameraAtEye
800C05E4,Play_SetCameraAtEyeUp
800C0704,Play_SetCameraFov
800C0744,Play_SetCameraRoll
800C078C,Play_CopyCamera
800C0808,Play_InitCameraDataUsingPlayer
800C0874,Play_ChangeCameraSetting
800C08AC,Play_ReturnToMainCam
800C09A4,Play_GetCameraUID
800C09D8,func_800C09D8
800C0A44,Play_SaveSceneFlags
800C0A88,Play_SetRespawnData
800C0AF4,Play_SetupRespawnPoint
800C0B60,Play_TriggerVoidOut
800C0BB4,Play_LoadToLastEntrance
800C0C88,Play_TriggerRespawn
800C0CB8,Play_CamIsNotFixed
800C0D28,FrameAdvance_IsEnabled
800C0D34,func_800C0D34
800C0DB4,func_800C0DB4
800C0E70,PreRender_SetValuesSave
800C0EA8,PreRender_Init
800C0ED8,PreRender_SetValues
800C0F08,PreRender_Destroy
800C0F28,PreRender_CopyImage
800C1258,PreRender_CopyImageRegionImpl
800C170C,func_800C170C
800C1AE8,func_800C1AE8
800C1B24,PreRender_CoverageRgba16ToI8
800C1E9C,PreRender_SaveZBuffer
800C1F20,PreRender_SaveFramebuffer
800C1FA4,PreRender_FetchFbufCoverage
800C20B4,PreRender_DrawCoverage
800C2118,PreRender_RestoreZBuffer
800C213C,func_800C213C
800C24BC,PreRender_RestoreFramebuffer
800C24E0,PreRender_CopyImageRegion
800C2500,PreRender_AntiAliasFilter
800C2FE4,PreRender_DivotFilter
800C3770,PreRender_ApplyFilters
800C3880,THGA_Init
800C38A0,THGA_Destroy
800C38C0,THGA_IsCrash
800C38E0,THGA_Reset
800C3900,THGA_GetRemaining
800C3920,THGA_GetHead
800C3940,THGA_SetHead
800C3960,THGA_GetTail
800C3980,THGA_AllocDisplayList
800C39A0,THGA_AllocGfx
800C39C0,THGA_AllocGfx2
800C39E0,THGA_AllocTail
800C3A00,THGA_AllocMtxArray
800C3A20,THGA_AllocMtx
800C3A40,THGA_AllocVtxArray
800C3A60,THGA_AllocVtx
800C3A80,THA_GetHead
800C3A88,THA_SetHead
800C3A90,THA_GetTail
800C3A98,THA_AllocHead
800C3AA8,THA_AllocHeadByte
800C3AC8,THA_AllocTail
800C3B54,THA_AllocTailAlign16
800C3B70,THA_AllocTailAlign
800C3B88,THA_GetRemaining
800C3B98,THA_IsCrash
800C3BBC,THA_Reset
800C3BD4,THA_Init
800C3BF8,THA_Destroy
800C3C20,AudioMgr_StopAllSfx
800C3C80,func_800C3C80
800C3CB8,AudioMgr_HandleRetrace
800C3E40,AudioMgr_HandlePreNMI
800C3E70,AudioMgr_ThreadEntry
800C3FC4,AudioMgr_Unlock
800C3FEC,AudioMgr_Init
800C40B0,Setup_InitImpl
800C40FC,Setup_Destroy
800C4104,Setup_Init
800C4130,GameState_FaultPrint
800C41F0,GameState_SetFBFilter
800C4344,func_800C4344
800C4558,GameState_DrawInputDisplay
800C46EC,GameState_Draw
800C48CC,GameState_SetFrameBuffer
800C49F4,func_800C49F4
800C4A98,GameState_ReqPadData
800C4E80,GameState_InitArena
800C4F20,GameState_Realloc
800C5360,GameState_Destroy
800C546C,GameState_GetInit
800C5474,GameState_GetSize
800C547C,GameState_IsRunning
800C5484,GameState_Alloc
800C5584,GameState_AllocEndAlign16
800C55A4,GameState_GetArenaSize
800C55D0,GameAlloc_Log
800C563C,GameAlloc_MallocDebug
800C56B0,GameAlloc_Malloc
800C5724,GameAlloc_Free
800C57CC,GameAlloc_Cleanup
800C5850,Graph_FaultClient
800C58BC,Graph_DisassembleUCode
800C5AB0,Graph_UCodeFaultClient
800C5B14,Graph_InitTHGA
800C5C2C,Graph_GetNextGameState
800C5D94,Graph_Destroy
800C61D8,Graph_Update
800C6844,Graph_ThreadEntry
800C69CC,Graph_Alloc
800C6A48,Graph_Alloc2
800C6AC4,Graph_OpenDisps
800C6B54,Graph_CloseDisps
800C6C20,Graph_GfxPlusOne
800C6C28,Graph_BranchDlist
800C6C3C,Graph_DlistAlloc
800C6C70,ListAlloc_Init
800C6C80,ListAlloc_Alloc
800C6CFC,ListAlloc_Free
800C6D84,ListAlloc_FreeAll
800C6DD0,Main_LogSystemHeap
800C6E20,Main
800C7250,PadMgr_AcquireSerialEventQueue
800C72FC,PadMgr_ReleaseSerialEventQueue
800C73BC,PadMgr_LockPadData
800C73E4,PadMgr_UnlockPadData
800C740C,PadMgr_UpdateRumble
800C7818,PadMgr_RumbleStop
800C7928,PadMgr_RumbleReset
800C7934,PadMgr_RumbleSetSingle
800C7948,PadMgr_RumbleSet
800C7974,PadMgr_UpdateInputs
800C7C14,PadMgr_HandleRetrace
800C7DD0,PadMgr_HandlePreNMI
800C7E08,PadMgr_RequestPadData
800C7F80,PadMgr_ThreadEntry
800C819C,PadMgr_Init
800C82A0,Sched_SwapFrameBufferImpl
800C84E4,Sched_SwapFrameBuffer
800C8534,Sched_HandlePreNMI
800C87CC,Sched_HandleNMI
800C87F0,Sched_QueueTask
800C8910,Sched_Yield
800C89D4,Sched_GfxTaskFramebufferValid
800C8A94,Sched_Schedule
800C8BC4,Sched_SetNextFramebufferFromTask
800C8C40,Sched_TaskComplete
800C8CB8,Sched_RunTask
800C8EDC,Sched_HandleNotification
800C9018,Sched_HandleRetrace
800C91BC,Sched_HandleRSPDone
800C94B4,Sched_HandleRDPDone
800C95F8,Sched_Notify
800C9644,Sched_ThreadEntry
800C9874,Sched_Init
800C9940,SpeedMeter_InitImpl
800C9998,SpeedMeter_Init
800C99BC,SpeedMeter_Destroy
800C99C4,SpeedMeter_DrawTimeEntries
800C9E08,SpeedMeter_InitAllocEntry
800C9E44,SpeedMeter_DrawAllocEntry
800CA104,SpeedMeter_DrawAllocEntries
800CA3A0,SysCfb_Init
800CA4EC,SysCfb_Reset
800CA508,SysCfb_GetFbPtr
800CA530,SysCfb_GetFbEnd
800CA540,Math_FactorialF
800CA63C,Math_Factorial
800CA6FC,Math_PowF
800CA720,Math_SinF
800CA774,Math_CosF
800CA7D0,Math3D_PlaneVsLineSegClosestPoint
800CA8E8,Math3D_LineVsLineClosestTwoPoints
800CAB94,Math3D_LineClosestToPoint
800CACAC,Math3D_FindPointOnPlaneIntersect
800CAD08,Math3D_PlaneVsPlaneNewLine
800CAEE8,Math3D_PlaneVsPlaneVsLineClosestPoint
800CAF5C,Math3D_PointOnInfiniteLine
800CAFA0,Math3D_LineSplitRatio
800CAFEC,Math3D_Cos
800CB010,Math3D_CosOut
800CB0C0,Math3D_Vec3fReflect
800CB198,Math3D_PointInSquare2D
800CB1F8,Math3D_CirSquareVsTriSquare
800CB338,Math3D_SphCubeVsTriCube
800CB55C,Math3D_Dist1DSq
800CB570,Math3D_Dist1D
800CB594,Math3D_Dist2DSq
800CB5D8,Math3D_Dist2D
800CB600,Math3D_Vec3fMagnitudeSq
800CB628,Math3D_Vec3fMagnitude
800CB650,Math3D_Vec3fDistSq
800CB678,Math3D_Vec3f_DistXYZ
800CB698,Math3D_DistXYZ16toF
800CB70C,Math3D_Vec3fDiff_CrossZ
800CB744,Math3D_Vec3fDiff_CrossX
800CB77C,Math3D_Vec3fDiff_CrossY
800CB7B4,Math3D_Vec3f_Cross
800CB824,Math3D_SurfaceNorm
800CB88C,Math3D_PointRelativeToCubeFaces
800CB934,Math3D_PointRelativeToCubeEdges
800CBAE4,Math3D_PointRelativeToCubeVertices
800CBC60,Math3D_LineVsCube
800CC6D8,Math3D_LineVsCubeShort
800CC824,Math3D_RotateXZPlane
800CC8B4,Math3D_DefPlane
800CC9C8,Math3D_Planef
800CCA04,Math3D_Plane
800CCA3C,Math3D_UDistPlaneToPos
800CCB0C,Math3D_DistPlaneToPos
800CCBE4,Math3D_TriChkPointParaYImpl
800CCF00,Math3D_TriChkPointParaYDeterminate
800CCF48,Math3D_TriChkPointParaYSlopedY
800CCF98,Math3D_TriChkPointParaYIntersectDist
800CD044,Math3D_TriChkPointParaYIntersectInsideTri
800CD0F0,Math3D_TriChkPointParaY
800CD168,Math3D_TriChkLineSegParaYIntersect
800CD2D8,Math3D_TriChkPointParaYDist
800CD34C,Math3D_TriChkPointParaXImpl
800CD668,Math3D_TriChkPointParaXDeterminate
800CD6B0,Math3D_TriChkPointParaXIntersect
800CD760,Math3D_TriChkPointParaX
800CD7D8,Math3D_TriChkLineSegParaXIntersect
800CD95C,Math3D_TriChkPointParaXDist
800CD9D0,Math3D_TriChkPointParaZImpl
800CDD18,Math3D_TriChkPointParaZDeterminate
800CDD60,Math3D_TriChkPointParaZIntersect
800CDE10,Math3D_TriChkPointParaZ
800CDE88,Math3D_TriChkLineSegParaZIntersect
800CE010,Math3D_TriChkLineSegParaZDist
800CE084,Math3D_LineSegFindPlaneIntersect
800CE15C,Math3D_LineSegVsPlane
800CE25C,Math3D_TriLineIntersect
800CE3C0,Math3D_TriNorm
800CE46C,Math3D_PointInSph
800CE4B8,Math3D_PointDistSqToLine2D
800CE600,Math3D_LineVsSph
800CE800,Math3D_GetSphVsTriIntersectPoint
800CE934,Math3D_TriVsSphIntersect
800CED50,Math3D_PointInCyl
800CEE0C,Math3D_CylVsLineSeg
800CF7D0,Math3D_CylTriVsIntersect
800CFC4C,Math3D_CylVsTri
800CFC6C,Math3D_SphVsSph
800CFC8C,Math3D_SphVsSphOverlap
800CFCAC,Math3D_SphVsSphOverlapCenter
800CFD84,Math3D_SphVsCylOverlapDist
800CFDA4,Math3D_SphVsCylOverlapCenterDist
800CFF14,Math3D_CylOutsideCyl
800CFF34,Math3D_CylOutsideCylDist
800D0104,Math3D_TriVsTriIntersect
800D0480,Math3D_XZInSphere
800D04F0,Math3D_XYInSphere
800D0560,Math3D_YZInSphere
800D05D0,Math3D_DrawSphere
800D05DC,Math3D_DrawCylinder
800D05F0,Math_GetAtan2Tbl
800D07D4,Math_Atan2F
800D0810,Matrix_Init
800D084C,Matrix_Push
800D0884,Matrix_Pop
800D08D8,Matrix_Get
800D08FC,Matrix_Put
800D0924,Matrix_GetCurrent
800D0930,Matrix_Mult
800D0984,Matrix_Translate
800D0A8C,Matrix_Scale
800D0B70,Matrix_RotateX
800D0D20,Matrix_RotateY
800D0ED4,Matrix_RotateZ
800D1084,Matrix_RotateZYX
800D1340,Matrix_TranslateRotateZYX
800D1694,Matrix_SetTranslateRotateYXZ
800D1840,Matrix_MtxFToMtx
800D1A54,Matrix_ToMtx
800D1A88,Matrix_NewMtx
800D1AC0,Matrix_MtxFToNewMtx
800D1AF4,Matrix_MultVec3f
800D1BA8,Matrix_MtxFCopy
800D1CAC,Matrix_MtxToMtxF
800D1EF4,Matrix_MultVec3fExt
800D1FA0,Matrix_Transpose
800D1FD4,Matrix_ReplaceRotation
800D20CC,Matrix_MtxFToYXZRotS
800D2264,Matrix_MtxFToZYXRotS
800D23FC,Matrix_RotateAxis
800D285C,Matrix_CheckFloats
800D2A34,Matrix_SetTranslateUniformScaleMtxF
800D2A98,Matrix_SetTranslateUniformScaleMtx
800D2AE4,Matrix_SetTranslateUniformScaleMtx2
800D2BD0,Matrix_SetTranslateScaleMtx1
800D2CEC,Matrix_SetTranslateScaleMtx2
800D2DF0,SysUcode_GetUCodeBoot
800D2DFC,SysUcode_GetUCodeBootSize
800D2E14,SysUcode_GetUCode
800D2E20,SysUcode_GetUCodeData
800D2E30,RumbleMgr_Update
800D3140,RumbleMgr_Init
800D3178,RumbleMgr_Destroy
800D31A0,func_800D31A0_Freeze
800D31F0,func_800D31F0
800D3210,func_800D3210
800D3220,IrqMgr_AddClient
800D33CC,IrqMgr_SendMesgToClients
800D3454,IrqMgr_JamMesgToClients
800D34DC,IrqMgr_HandlePreNMI
800D3574,IrqMgr_CheckStacks
800D35F8,IrqMgr_HandlePreNMI450
800D3674,IrqMgr_HandlePreNMI480
800D3718,IrqMgr_HandlePreNMI500
800D3738,IrqMgr_HandleRetrace
800D37F0,IrqMgr_ThreadEntry
800D3990,IrqMgr_Init
800D3A90,DebugArena_CheckPointer
800D3B10,DebugArena_Malloc
800D3B60,DebugArena_MallocDebug
800D3BBC,DebugArena_MallocR
800D3C0C,DebugArena_MallocRDebug
800D3C68,DebugArena_Realloc
800D3CC0,DebugArena_ReallocDebug
800D3D2C,DebugArena_Free
800D3D54,DebugArena_FreeDebug
800D3D8C,DebugArena_Calloc
800D3DF8,DebugArena_Display
800D3E28,DebugArena_GetSizes
800D3E60,DebugArena_Check
800D3E84,DebugArena_Init
800D3EBC,DebugArena_Cleanup
800D3EE8,DebugArena_IsInitialized
800D3F20,Fault_SleepImpl
800D3F90,Fault_ClientProcessThread
800D4004,Fault_ClientRunTask
800D4188,Fault_ProcessClient
800D41DC,Fault_AddClient
800D42C0,Fault_RemoveClient
800D43B8,Fault_AddAddrConvClient
800D4490,Fault_RemoveAddrConvClient
800D4588,Fault_ConvertAddress
800D463C,Fault_Sleep
800D4678,Fault_PadCallback
800D46B4,Fault_UpdatePadImpl
800D4700,Fault_WaitForInputImpl
800D484C,Fault_WaitForInput
800D4898,Fault_DrawRec
800D48F8,Fault_FillScreenBlack
800D494C,Fault_FillScreenRed
800D49A0,Fault_DrawCornerRec
800D49F4,Fault_PrintFReg
800D4AA0,Fault_LogFReg
800D4B50,Fault_PrintFPCSR
800D4BF4,Fault_LogFPCSR
800D4C8C,Fault_PrintThreadContext
800D4FA8,Fault_LogThreadContext
800D52A4,Fault_FindFaultedThread
800D532C,Fault_Wait5Seconds
800D53BC,Fault_WaitForButtonCombo
800D5688,Fault_DrawMemDumpContents
800D57F4,Fault_DrawMemDump
800D59F8,Fault_WalkStack
800D5B88,Fault_DrawStackTrace
800D5D08,Fault_LogStackTrace
800D5E78,Fault_ResumeThread
800D5EF4,Fault_DisplayFrameBuffer
800D5FB4,Fault_ProcessClients
800D6094,Fault_UpdatePad
800D60D0,Fault_ThreadEntry
800D6430,Fault_SetFrameBuffer
800D6484,Fault_Init
800D65B8,Fault_HungupFaultClient
800D66B4,Fault_AddHungupAndCrashImpl
800D6770,FaultDrawer_SetOsSyncPrintfEnabled
800D6780,FaultDrawer_DrawRecImpl
800D689C,FaultDrawer_DrawChar
800D6A0C,FaultDrawer_ColorToPrintColor
800D6ABC,FaultDrawer_UpdatePrintColor
800D6B5C,FaultDrawer_SetForeColor
800D6BA4,FaultDrawer_SetBackColor
800D6BEC,FaultDrawer_SetFontColor
800D6C34,FaultDrawer_SetCharPad
800D6C64,FaultDrawer_SetCursor
800D6D5C,FaultDrawer_FillScreen
800D6DEC,FaultDrawer_PrintCallback
800D6FF8,FaultDrawer_VPrintf
800D7048,FaultDrawer_Printf
800D7098,FaultDrawer_DrawText
800D70E8,FaultDrawer_SetDrawerFB
800D7114,FaultDrawer_SetInputCallback
800D7124,FaultDrawer_WritebackFBDCache
800D7180,FaultDrawer_Init
800D71F0,Kanji_OffsetFromShiftJIS
800D7288,sNonKanjiIndices
800D7CD0,UCodeDisas_TranslateAddr
800D7D04,UCodeDisas_GetCombineColorName
800D7EA4,UCodeDisas_GetCombineAlphaName
800D7F5C,UCodeDisas_Init
800D7FC4,UCodeDisas_Destroy
800D7FD0,UCodeDisas_SetCurUCodeImpl
800D805C,UCodeDisas_PrintGeometryMode
800D8124,UCodeDisas_PrintRenderMode
800D82A0,UCodeDisas_PrintVertices
800D8400,UCodeDisas_Disassemble
800DAC80,UCodeDisas_RegisterUCode
800DAC90,UCodeDisas_SetCurUCode
800DACC0,AudioSynth_InitNextRingBuf
800DB03C,func_800DB03C
800DB0C4,AudioSynth_Update
800DB2C0,func_800DB2C0
800DB330,AudioSynth_LoadRingBuffer1AtTemp
800DB3D8,AudioSynth_SaveRingBuffer1AtTemp
800DB480,AudioSynth_LeakReverb
800DB4E4,func_800DB4E4
800DB680,func_800DB680
800DB828,func_800DB828
800DBA40,AudioSynth_FilterReverb
800DBAE8,AudioSynth_MaybeMixRingBuffer1
800DBB94,func_800DBB94
800DBB9C,AudioSynth_ClearBuffer
800DBBBC,func_800DBBBC
800DBBC4,func_800DBBC4
800DBBCC,func_800DBBCC
800DBBD4,AudioSynth_Mix
800DBC08,func_800DBC08
800DBC10,func_800DBC10
800DBC18,func_800DBC18
800DBC20,AudioSynth_SetBuffer
800DBC54,func_800DBC54
800DBC5C,func_800DBC5C
800DBC64,AudioSynth_DMemMove
800DBC90,func_800DBC90
800DBC98,func_800DBC98
800DBCA0,func_800DBCA0
800DBCA8,func_800DBCA8
800DBCB0,AudioSynth_InterL
800DBCD4,AudioSynth_EnvSetup1
800DBD08,func_800DBD08
800DBD10,AudioSynth_LoadBuffer
800DBD38,AudioSynth_SaveBuffer
800DBD60,AudioSynth_EnvSetup2
800DBD7C,func_800DBD7C
800DBD84,func_800DBD84
800DBD8C,func_800DBD8C
800DBD94,AudioSynth_S8Dec
800DBDB0,AudioSynth_HiLoGain
800DBDE4,AudioSynth_UnkCmd19
800DBE18,func_800DBE18
800DBE20,func_800DBE20
800DBE28,func_800DBE28
800DBE30,func_800DBE30
800DBE38,AudioSynth_UnkCmd3
800DBE5C,func_800DBE5C
800DBE64,func_800DBE64
800DBE6C,func_800DBE6C
800DBE74,AudioSynth_LoadFilterBuffer
800DBE98,AudioSynth_LoadFilterSize
800DBEB0,AudioSynth_LoadRingBuffer1
800DBF5C,AudioSynth_LoadRingBuffer2
800DC008,AudioSynth_LoadRingBufferPart
800DC074,AudioSynth_SaveRingBufferPart
800DC0E0,AudioSynth_SaveBufferOffset
800DC124,AudioSynth_MaybeLoadRingBuffer2
800DC164,AudioSynth_LoadReverbSamples
800DC1D8,AudioSynth_SaveReverbSamples
800DC2DC,AudioSynth_SaveRingBuffer2
800DC384,AudioSynth_DoOneAudioUpdate
800DC910,AudioSynth_ProcessNote
800DD62C,AudioSynth_FinalResample
800DD6CC,AudioSynth_ProcessEnvelope
800DD9F4,AudioSynth_LoadWaveSamples
800DDB64,AudioSynth_ApplyHaasEffect
800DDE20,AudioHeap_CalculateAdsrDecay
800DDE3C,AudioHeap_InitAdsrDecayTable
800DDF80,AudioHeap_ResetLoadStatus
800DE048,AudioHeap_DiscardFont
800DE12C,AudioHeap_ReleaseNotesForFont
800DE1B4,AudioHeap_DiscardSequence
800DE238,AudioHeap_WritebackDCache
800DE258,AudioHeap_AllocZeroedAttemptExternal
800DE2B0,AudioHeap_AllocAttemptExternal
800DE308,AudioHeap_AllocDmaMemory
800DE344,AudioHeap_AllocDmaMemoryZeroed
800DE380,AudioHeap_AllocZeroed
800DE3DC,AudioHeap_Alloc
800DE434,AudioHeap_InitPool
800DE45C,AudioHeap_InitPersistentCache
800DE470,AudioHeap_InitTemporaryCache
800DE4A0,AudioHeap_ResetPool
800DE4B0,AudioHeap_PopPersistentCache
800DE5F0,AudioHeap_InitMainPools
800DE650,AudioHeap_InitSessionPools
800DE6D4,AudioHeap_InitCachePools
800DE758,AudioHeap_InitPersistentPoolsAndCaches
800DE81C,AudioHeap_InitTemporaryPoolsAndCaches
800DE8E0,AudioHeap_AllocCached
800DF074,AudioHeap_SearchCaches
800DF0CC,AudioHeap_SearchRegularCaches
800DF1D8,func_800DF1D8
800DF5AC,AudioHeap_ClearFilter
800DF5DC,AudioHeap_LoadLowPassFilter
800DF630,AudioHeap_LoadHighPassFilter
800DF688,AudioHeap_LoadFilter
800DF7BC,AudioHeap_UpdateReverb
800DF7C4,AudioHeap_UpdateReverbs
800DF888,AudioHeap_ClearCurrentAiBuffer
800DF8F4,AudioHeap_ResetStep
800DFBF8,AudioHeap_Init
800E04E8,AudioHeap_SearchPermanentCache
800E0540,AudioHeap_AllocPermanent
800E05C4,AudioHeap_AllocSampleCache
800E0634,AudioHeap_InitSampleCaches
800E06CC,AudioHeap_AllocTemporarySampleCacheEntry
800E0964,AudioHeap_UnapplySampleCacheForFont
800E0AD8,AudioHeap_DiscardSampleCacheEntry
800E0BB4,AudioHeap_UnapplySampleCache
800E0BF8,AudioHeap_AllocPersistentSampleCacheEntry
800E0C80,AudioHeap_DiscardSampleCacheForFont
800E0CBC,AudioHeap_DiscardSampleCaches
800E0E0C,AudioHeap_ChangeStorage
800E0E6C,AudioHeap_DiscardSampleBank
800E0E90,AudioHeap_ApplySampleBankCache
800E0EB4,AudioHeap_ApplySampleBankCacheInternal
800E1148,AudioHeap_DiscardSampleBanks
800E11F0,AudioLoad_DecreaseSampleDmaTtls
800E12DC,AudioLoad_DmaSampleData
800E1618,AudioLoad_InitSampleDmaBuffers
800E18B0,AudioLoad_IsFontLoadComplete
800E1928,AudioLoad_IsSeqLoadComplete
800E19A0,AudioLoad_IsSampleLoadComplete
800E1A18,AudioLoad_SetFontLoadStatus
800E1A48,AudioLoad_SetSeqLoadStatus
800E1A78,AudioLoad_SetSampleFontLoadStatusAndApplyCaches
800E1AD8,AudioLoad_SetSampleFontLoadStatus
800E1B08,AudioLoad_InitTable
800E1B68,AudioLoad_SyncLoadSeqFonts
800E1C18,AudioLoad_SyncLoadSeqParts
800E1C78,AudioLoad_SyncLoadSample
800E1D64,AudioLoad_SyncLoadInstrument
800E1E34,AudioLoad_AsyncLoad
800E1E6C,AudioLoad_AsyncLoadSeq
800E1EB0,AudioLoad_AsyncLoadSampleBank
800E1EF4,AudioLoad_AsyncLoadFont
800E1F38,AudioLoad_GetFontsForSequence
800E1F7C,AudioLoad_DiscardSeqFonts
800E202C,AudioLoad_DiscardFont
800E20D4,AudioLoad_SyncInitSeqPlayer
800E2124,AudioLoad_SyncInitSeqPlayerSkipTicks
800E217C,AudioLoad_SyncInitSeqPlayerInternal
800E22C4,AudioLoad_SyncLoadSeq
800E2318,AudioLoad_GetSampleBank
800E2338,AudioLoad_TrySyncLoadSampleBank
800E2454,AudioLoad_SyncLoadFont
800E2558,AudioLoad_SyncLoad
800E2768,AudioLoad_GetRealTableIndex
800E27A4,AudioLoad_SearchCaches
800E27F8,AudioLoad_GetLoadTable
800E283C,AudioLoad_RelocateFont
800E2AA8,AudioLoad_SyncDma
800E2BCC,AudioLoad_SyncDmaUnkMedium
800E2BE0,AudioLoad_Dma
800E2CB8,AudioLoad_Unused1
800E2CC0,AudioLoad_SyncLoadSimple
800E2CE0,AudioLoad_AsyncLoadInner
800E2FEC,AudioLoad_ProcessLoads
800E301C,AudioLoad_SetDmaHandler
800E3028,AudioLoad_SetUnusedHandler
800E3034,AudioLoad_InitSoundFont
800E3094,AudioLoad_Init
800E3400,AudioLoad_InitSlowLoads
800E3414,AudioLoad_SlowLoadSample
800E35E0,AudioLoad_GetFontSample
800E3670,AudioLoad_Unused2
800E3678,AudioLoad_FinishSlowLoad
800E36EC,AudioLoad_ProcessSlowLoads
800E3874,AudioLoad_DmaSlowCopy
800E38F8,AudioLoad_DmaSlowCopyUnkMedium
800E390C,AudioLoad_SlowLoadSeq
800E3A14,AudioLoad_InitAsyncLoads
800E3A44,AudioLoad_StartAsyncLoadUnkMedium
800E3AC8,AudioLoad_StartAsyncLoad
800E3BEC,AudioLoad_ProcessAsyncLoads
800E3D10,AudioLoad_ProcessAsyncLoadUnkMedium
800E3D1C,AudioLoad_FinishAsyncLoad
800E3E58,AudioLoad_ProcessAsyncLoad
800E3FB4,AudioLoad_AsyncDma
800E4044,AudioLoad_AsyncDmaUnkMedium
800E4058,AudioLoad_RelocateSample
800E4198,AudioLoad_RelocateFontAndPreloadSamples
800E4590,AudioLoad_ProcessSamplePreloads
800E4744,AudioLoad_AddToSampleSet
800E478C,AudioLoad_GetSamplesForFont
800E48C0,AudioLoad_AddUsedSample
800E4918,AudioLoad_PreloadSamplesForFont
800E4D94,AudioLoad_LoadPermanentSamples
800E4ED4,AudioLoad_Unused3
800E4EDC,AudioLoad_Unused4
800E4EE4,AudioLoad_Unused5
800E4EEC,AudioLoad_ScriptLoad
800E4F58,AudioLoad_ProcessScriptLoads
800E4FB0,AudioLoad_InitScriptLoads
800E4FE0,func_800E4FE0
800E5000,func_800E5000
800E5584,func_800E5584
800E5958,func_800E5958
800E59AC,func_800E59AC
800E59F4,Audio_InitMesgQueuesInternal
800E5A8C,Audio_QueueCmd
800E5AD8,Audio_QueueCmdF32
800E5AFC,Audio_QueueCmdS32
800E5B20,Audio_QueueCmdS8
800E5B50,Audio_QueueCmdU16
800E5B80,Audio_ScheduleProcessCmds
800E5C10,Audio_ResetCmdQueue
800E5C28,Audio_ProcessCmd
800E5D6C,Audio_ProcessCmds
800E5E20,func_800E5E20
800E5E84,func_800E5E84
800E5EA4,Audio_GetSampleBankIdsOfFont
800E5EDC,func_800E5EDC
800E5F34,func_800E5F34
800E5F88,func_800E5F88
800E6024,Audio_PreNMIInternal
800E6070,func_800E6070
800E60C4,func_800E60C4
800E60EC,Audio_InitExternalPool
800E611C,Audio_DestroyExternalPool
800E6128,func_800E6128
800E6300,func_800E6300
800E64B0,func_800E64B0
800E64F8,func_800E64F8
800E651C,func_800E651C
800E6550,Audio_WaitForAudioTask
800E6590,func_800E6590
800E6680,func_800E6680
800E66A0,func_800E66A0
800E66C0,func_800E66C0
800E67C0,Audio_NextRandom
800E6818,Audio_InitMesgQueues
800E6840,Audio_InvalDCache
800E6880,Audio_WritebackDCache
800E68C0,osAiSetNextBuffer
800E6940,Audio_InitNoteSub
800E6DB8,Audio_NoteSetResamplingRate
800E6E68,Audio_NoteInit
800E6F28,Audio_NoteDisable
800E6F8C,Audio_ProcessNotes
800E745C,Audio_GetInstrumentTunedSample
800E7498,Audio_GetInstrumentInner
800E756C,Audio_GetDrum
800E7650,Audio_GetSoundEffect
800E7744,Audio_SetFontInstrument
800E7888,Audio_SeqLayerDecayRelease
800E7B60,Audio_SeqLayerNoteDecay
800E7B80,Audio_SeqLayerNoteRelease
800E7BA0,Audio_BuildSyntheticWave
800E7CA4,Audio_InitSyntheticWave
800E7CFC,Audio_InitNoteList
800E7D0C,Audio_InitNoteLists
800E7D5C,Audio_InitNoteFreeList
800E7E00,Audio_NotePoolClear
800E7F60,Audio_NotePoolFill
800E809C,Audio_AudioListPushFront
800E80DC,Audio_AudioListRemove
800E8108,Audio_FindNodeWithPrioLessThan
800E8188,Audio_NoteInitForLayer
800E82C0,func_800E82C0
800E82F4,Audio_NoteReleaseAndTakeOwnership
800E8320,Audio_AllocNoteFromDisabled
800E836C,Audio_AllocNoteFromDecaying
800E83BC,Audio_AllocNoteFromActive
800E84B4,Audio_AllocNote
800E8788,Audio_NoteInitAll
800E88C0,Audio_SequenceChannelProcessSound
800E8A88,Audio_SequencePlayerProcessSound
800E8BD4,Audio_GetPortamentoFreqScale
800E8C30,Audio_GetVibratoPitchChange
800E8C68,Audio_GetVibratoFreqScale
800E8EA4,Audio_NoteVibratoUpdate
800E8F00,Audio_NoteVibratoInit
800E8FB8,Audio_NotePortamentoInit
800E8FE4,Audio_AdsrInit
800E9004,Audio_AdsrUpdate
800E9340,AudioSeq_GetScriptControlFlowArgument
800E93A8,AudioSeq_HandleScriptFlowControl
800E9584,AudioSeq_InitSequenceChannel
800E96D8,AudioSeq_SeqChannelSetLayer
800E97FC,AudioSeq_SeqLayerDisable
800E9878,AudioSeq_SeqLayerFree
800E98C8,AudioSeq_SequenceChannelDisable
800E9934,AudioSeq_SequencePlayerSetupChannels
800E9A2C,AudioSeq_SequencePlayerDisableChannels
800E9AAC,AudioSeq_SequenceChannelEnable
800E9B44,AudioSeq_SequencePlayerDisableAsFinished
800E9B6C,AudioSeq_SequencePlayerDisable
800E9C28,AudioSeq_AudioListPushBack
800E9C68,AudioSeq_AudioListPopBack
800E9CA8,AudioSeq_InitLayerFreelist
800E9D48,AudioSeq_ScriptReadU8
800E9D5C,AudioSeq_ScriptReadS16
800E9D94,AudioSeq_ScriptReadCompressedU16
800E9DD4,AudioSeq_SeqLayerProcessScript
800E9ED8,AudioSeq_SeqLayerProcessScriptStep1
800E9F64,AudioSeq_SeqLayerProcessScriptStep5
800EA0C0,AudioSeq_SeqLayerProcessScriptStep2
800EA440,AudioSeq_SeqLayerProcessScriptStep4
800EAAE0,AudioSeq_SeqLayerProcessScriptStep3
800EAEF4,AudioSeq_SetChannelPriorities
800EAF24,AudioSeq_GetInstrument
800EAF98,AudioSeq_SetInstrument
800EB044,AudioSeq_SequenceChannelSetVolume
800EB068,AudioSeq_SequenceChannelProcessScript
800EBD58,AudioSeq_SequencePlayerProcessSequence
800EC564,AudioSeq_ProcessSequences
800EC618,AudioSeq_SkipForwardSequence
800EC668,AudioSeq_ResetSequencePlayer
800EC734,AudioSeq_InitSequencePlayerChannels
800EC80C,AudioSeq_InitSequencePlayer
800EC8DC,AudioSeq_InitSequencePlayers
800EC960,AudioOcarina_SetCustomButtonMapping
800ECA00,AudioOcarina_ReadControllerInput
800ECA60,AudioOcarina_BendPitchTwoSemitones
800ECAF0,AudioOcarina_GetPlayingState
800ECB34,AudioOcarina_MapNoteToButton
800ECB7C,AudioOcarina_MapNotesToScarecrowButtons
800ECC04,AudioOcarina_Start
800ECDBC,AudioOcarina_CheckIfStartedSong
800ECDF8,AudioOcarina_CheckSongsWithMusicStaff
800ED200,AudioOcarina_CheckSongsWithoutMusicStaff
800ED458,AudioOcarina_PlayControllerInput
800ED848,AudioOcarina_EnableInput
800ED858,AudioOcarina_SetInstrument
800ED93C,AudioOcarina_SetPlaybackSong
800EDA3C,AudioOcarina_PlaybackSong
800EDD68,AudioOcarina_SetRecordingSong
800EE170,AudioOcarina_SetRecordingState
800EE29C,AudioOcarina_UpdateRecordingStaff
800EE2D4,AudioOcarina_UpdatePlayingStaff
800EE318,AudioOcarina_UpdatePlaybackStaff
800EE3C8,AudioOcarina_GetRecordingStaff
800EE3D4,AudioOcarina_GetPlayingStaff
800EE3F8,AudioOcarina_GetPlaybackStaff
800EE404,AudioOcarina_RecordSong
800EE57C,AudioOcarina_MemoryGameInit
800EE5EC,AudioOcarina_MemoryGameNextNote
800EE6F4,AudioOcarina_Update
800EE824,AudioOcarina_PlayLongScarecrowSong
800EE930,AudioOcarina_ResetStaffs
800EE97C,AudioDebug_SetInput
800EE9D0,AudioDebug_ToStringBinary
800EEA50,AudioDebug_Draw
800F1BDC,AudioDebug_ProcessInput_SndCont
800F2150,AudioDebug_ProcessInput_IntInfo
800F227C,AudioDebug_ProcessInput_ScrPrt
800F2464,AudioDebug_ProcessInput_SfxSwap
800F27A0,AudioDebug_ProcessInput_SubTrackInfo
800F28AC,AudioDebug_ProcessInput_HeapInfo
800F28B4,AudioDebug_ProcessInput_BlkChgBgm
800F29FC,AudioDebug_ProcessInput_OcaTest
800F2A04,AudioDebug_ProcessInput_SfxParamChg
800F2D6C,AudioDebug_ScrPrt
800F2E28,AudioDebug_ProcessInput
800F3054,func_800F3054
800F3138,func_800F3138
800F3140,func_800F3140
800F314C,func_800F314C
800F3188,Audio_ComputeSfxVolume
800F32F0,Audio_ComputeSfxReverb
800F3468,Audio_ComputeSfxPanSigned
800F35EC,Audio_ComputeSfxFreqScale
800F37B8,func_800F37B8
800F3990,func_800F3990
800F3A08,Audio_SetSfxProperties
800F3ED4,Audio_ResetSfxChannelState
800F3F3C,Audio_PlayCutsceneEffectsSequence
800F3F84,func_800F3F84
800F4010,func_800F4010
800F4138,func_800F4138
800F4190,func_800F4190
800F41E0,Audio_PlaySfxRandom
800F4254,func_800F4254
800F436C,func_800F436C
800F4414,func_800F4414
800F44EC,func_800F44EC
800F4524,func_800F4524
800F4578,func_800F4578
800F45D0,func_800F45D0
800F4634,Audio_PlaySfxRiver
800F46E0,Audio_PlaySfxWaterfall
800F4784,Audio_StepFreqLerp
800F47BC,Audio_SetBgmVolumeOffDuringFanfare
800F47FC,Audio_SetBgmVolumeOnDuringFanfare
800F483C,Audio_SetMainBgmVolume
800F4870,Audio_SetGanonsTowerBgmVolumeLevel
800F491C,Audio_SetGanonsTowerBgmVolume
800F4A54,Audio_LowerMainBgmVolume
800F4A70,Audio_UpdateRiverSoundVolumes
800F4B58,Audio_PlaySfxIncreasinglyTransposed
800F4BE8,Audio_ResetIncreasingTranspose
800F4BF4,Audio_PlaySfxTransposed
800F4C58,func_800F4C58
800F4E30,func_800F4E30
800F50CC,Audio_ClearSariaBgm
800F50EC,Audio_ClearSariaBgmAtPos
800F510C,Audio_SplitBgmChannels
800F52A0,Audio_PlaySariaBgm
800F5504,Audio_ClearSariaBgm2
800F5510,Audio_PlayMorningSceneSequence
800F5550,Audio_PlaySceneSequence
800F56A8,Audio_UpdateSceneSequenceResumePoint
800F5718,Audio_PlayWindmillBgm
800F574C,Audio_SetMainBgmTempoFreqAfterFanfare
800F5918,Audio_SetFastTempoForTimedMinigame
800F595C,Audio_PlaySequenceInCutscene
800F59E8,Audio_StopSequenceInCutscene
800F5A58,Audio_IsSequencePlaying
800F5ACC,func_800F5ACC
800F5B58,func_800F5B58
800F5BF0,func_800F5BF0
800F5C2C,func_800F5C2C
800F5C64,Audio_PlayFanfare
800F5CF8,Audio_UpdateFanfare
800F5E18,Audio_PlaySequenceWithSeqPlayerIO
800F5E90,Audio_SetSequenceMode
800F6114,Audio_SetBgmEnemyVolume
800F6268,Audio_UpdateMalonSinging
800F64E0,func_800F64E0
800F6584,Audio_ToggleMalonSinging
800F66C0,Audio_SetEnvReverb
800F66DC,Audio_SetCodeReverb
800F6700,func_800F6700
800F67A0,Audio_SetBaseFilter
800F6828,Audio_SetExtraFilter
800F68BC,Audio_SetCutsceneFlag
800F68D4,Audio_PlaySfxGeneralIfNotInCutscene
800F691C,Audio_PlaySfxIfNotInCutscene
800F6964,func_800F6964
800F6AB0,Audio_StopBgmAndFanfare
800F6B3C,func_800F6B3C
800F6B68,Audio_DisableAllSeq
800F6BB8,func_800F6BB8
800F6BDC,func_800F6BDC
800F6C14,Audio_PreNMI
800F6C34,func_800F6C34
800F6D58,Audio_SetNatureAmbienceChannelIO
800F6E7C,Audio_StartNatureAmbienceSequence
800F6FB4,Audio_PlayNatureAmbienceSequence
800F70F8,Audio_Init
800F711C,Audio_InitSound
800F7170,func_800F7170
800F71BC,func_800F71BC
800F7208,func_800F7208
800F7260,Audio_SetSfxBanksMute
800F72B8,Audio_QueueSeqCmdMute
800F731C,Audio_ClearBGMMute
800F738C,Audio_PlaySoundGeneral
800F74E0,Audio_RemoveMatchingSfxRequests
800F7680,Audio_ProcessSfxRequest
800F7B54,Audio_RemoveSfxBankEntry
800F7CEC,Audio_ChooseActiveSfx
800F8480,Audio_PlayActiveSfx
800F87A0,Audio_StopSfxByBank
800F8884,func_800F8884
800F89A0,Audio_StopSfxByPosAndBank
800F89E8,Audio_StopSfxByPos
800F8A44,Audio_StopSfxByPosAndId
800F8BA0,Audio_StopSfxByTokenAndId
800F8D04,Audio_StopSfxById
800F8E3C,Audio_ProcessSfxRequests
800F8EA0,Audio_SetUnusedBankLerp
800F8F34,Audio_StepUnusedBankLerp
800F8F88,func_800F8F88
800F8FF4,Audio_IsSfxPlaying
800F905C,Audio_ResetSfx
800F9280,Audio_StartSequence
800F9474,Audio_StopSequence
800F94FC,Audio_ProcessSeqCmd
800FA00C,Audio_QueueSeqCmd
800FA034,Audio_ProcessSeqCmds
800FA0B4,Audio_GetActiveSeqId
800FA11C,Audio_IsSeqCmdNotQueued
800FA174,Audio_ResetSequenceRequests
800FA18C,Audio_ReplaceSeqCmdSetupOpVolRestore
800FA240,Audio_SetVolumeScale
800FA3DC,Audio_UpdateActiveSequences
800FAD34,func_800FAD34
800FADF8,Audio_ResetActiveSequences
800FAEB4,Audio_ResetActiveSequencesAndVolume
800FAF60,GfxPrint_Setup
800FB3AC,GfxPrint_SetColor
800FB3F8,GfxPrint_SetPosPx
800FB41C,GfxPrint_SetPos
800FB444,GfxPrint_SetBasePosPx
800FB458,GfxPrint_PrintCharImpl
800FB8EC,GfxPrint_PrintChar
800FBAAC,GfxPrint_PrintStringWithSize
800FBB08,GfxPrint_PrintString
800FBB60,GfxPrint_Callback
800FBB8C,GfxPrint_Init
800FBC14,GfxPrint_Destroy
800FBC1C,GfxPrint_Open
800FBC64,GfxPrint_Close
800FBC94,GfxPrint_VPrintf
800FBCB4,GfxPrint_Printf
800FBCE0,RcpUtils_PrintRegisterStatus
800FBFD8,func_800FBFD8
800FC010,Overlay_AllocateAndLoad
800FC0C0,MtxConv_F2L
800FC258,MtxConv_L2F
800FC2C0,Overlay_Relocate
800FC620,Overlay_Load
800FC800,func_800FC800
800FC83C,func_800FC83C
800FC868,func_800FC868
800FC8D8,func_800FC8D8
800FC948,func_800FC948
800FCA18,func_800FCA18
800FCAB4,func_800FCB34
800FCB24,SystemHeap_Init
800FCB50,PadUtils_Init
800FCB70,func_800FCB70
800FCB78,PadUtils_ResetPressRel
800FCB84,PadUtils_CheckCurExact
800FCB9C,PadUtils_CheckCur
800FCBB8,PadUtils_CheckPressed
800FCBD4,PadUtils_CheckReleased
800FCBF0,PadUtils_GetCurButton
800FCBF8,PadUtils_GetPressButton
800FCC00,PadUtils_GetCurX
800FCC08,PadUtils_GetCurY
800FCC10,PadUtils_SetRelXY
800FCC1C,PadUtils_GetRelXImpl
800FCC24,PadUtils_GetRelYImpl
800FCC2C,PadUtils_GetRelX
800FCC4C,PadUtils_GetRelY
800FCC6C,PadUtils_UpdateRelXY
800FCD40,PadSetup_Init
800FCE80,Math_FTanF
800FCEB4,Math_FFloorF
800FCED4,Math_FCeilF
800FCEF4,Math_FRoundF
800FCF14,Math_FTruncF
800FCF34,Math_FNearbyIntF
800FCF54,Math_FAtanTaylorQF
800FCFA0,Math_FAtanTaylorF
800FD0C4,Math_FAtanContFracF
800FD210,Math_FAtanF
800FD250,Math_FAtan2F
800FD338,Math_FAsinF
800FD368,Math_FAcosF
800FD390,floorf
800FD39C,floor
800FD3A8,lfloorf
800FD3B8,lfloor
800FD3C8,ceilf
800FD3D4,ceil
800FD3E0,lceilf
800FD3F0,lceil
800FD400,truncf
800FD40C,trunc
800FD418,ltruncf
800FD428,ltrunc
800FD438,nearbyintf
800FD444,nearbyint
800FD450,lnearbyintf
800FD460,lnearbyint
800FD470,roundf
800FD48C,round
800FD4AC,lroundf
800FD4CC,lround
800FD4F0,SystemArena_CheckPointer
800FD570,SystemArena_Malloc
800FD5C0,SystemArena_MallocDebug
800FD61C,SystemArena_MallocR
800FD66C,SystemArena_MallocRDebug
800FD6C8,SystemArena_Realloc
800FD720,SystemArena_ReallocDebug
800FD78C,SystemArena_Free
800FD7B4,SystemArena_FreeDebug
800FD7EC,SystemArena_Calloc
800FD858,SystemArena_Display
800FD888,SystemArena_GetSizes
800FD8C0,SystemArena_Check
800FD8E4,SystemArena_Init
800FD91C,SystemArena_Cleanup
800FD948,SystemArena_IsInitalized
800FD970,Rand_Next
800FD9A0,Rand_Seed
800FD9AC,Rand_ZeroOne
800FDA00,Rand_Centered
800FDA58,Rand_Seed_Variable
800FDA60,Rand_Next_Variable
800FDA88,Rand_ZeroOne_Variable
800FDAD4,Rand_Centered_Variable
800FDB30,ArenaImpl_GetFillAllocBlock
800FDB40,ArenaImpl_GetFillFreeBlock
800FDB50,ArenaImpl_GetCheckFreeBlock
800FDB60,ArenaImpl_SetFillAllocBlock
800FDB70,ArenaImpl_SetFillFreeBlock
800FDB80,ArenaImpl_SetCheckFreeBlock
800FDB90,ArenaImpl_UnsetFillAllocBlock
800FDBA0,ArenaImpl_UnsetFillFreeBlock
800FDBB0,ArenaImpl_UnsetCheckFreeBlock
800FDBC0,ArenaImpl_SetDebugInfo
800FDC10,ArenaImpl_LockInit
800FDC3C,ArenaImpl_Lock
800FDC64,ArenaImpl_Unlock
800FDC8C,ArenaImpl_GetNextBlock
800FDCE4,ArenaImpl_GetPrevBlock
800FDD3C,ArenaImpl_GetLastBlock
800FDDA4,__osMallocInit
800FDDF4,__osMallocAddBlock
800FDEB4,ArenaImpl_RemoveAllBlocks
800FDF20,__osMallocCleanup
800FDF4C,__osMallocIsInitalized
800FDF54,__osMalloc_FreeBlockTest
800FDFF4,__osMalloc_NoLockDebug
800FE144,__osMallocDebug
800FE194,__osMallocRDebug
800FE2FC,__osMalloc_NoLock
800FE444,__osMalloc
800FE484,__osMallocR
800FE5E4,__osFree_NoLock
800FE7E4,__osFree
800FE81C,__osFree_NoLockDebug
800FEA28,__osFreeDebug
800FEA70,__osRealloc
800FED9C,__osReallocDebug
800FEDBC,ArenaImpl_GetSizes
800FEE80,__osDisplayArena
800FF0AC,ArenaImpl_FaultClient
800FF280,__osCheckArena
800FF334,func_800FF334
800FF3A0,Sleep_Cycles
800FF40C,Sleep_Nsec
800FF45C,Sleep_Usec
800FF4AC,Sleep_Msec
800FF500,Sleep_Sec
800FF540,JpegUtils_ProcessQuantizationTable
800FF5A8,JpegUtils_ParseHuffmanCodesLengths
800FF62C,JpegUtils_GetHuffmanCodes
800FF698,JpegUtils_SetHuffmanTable
800FF740,JpegUtils_ProcessHuffmanTableImpl
800FF7FC,JpegUtils_ProcessHuffmanTable
800FF8D4,JpegUtils_SetHuffmanTableOld
800FF97C,JpegUtils_ProcessHuffmanTableImplOld
800FFA50,JpegDecoder_Decode
800FFC78,JpegDecoder_ProcessMcu
800FFE14,JpegDecoder_ParseNextSymbol
800FFF50,JpegDecoder_ReadBits
80100040,osPfsFreeBlocks
801001E0,guScale
80100290,sinf
80100450,sins
801004C0,_VirtualToPhysicalTask
801005CC,osSpTaskLoad
80100734,osSpTaskStartGo
80100780,__osMotorAccess
801008E8,_MakeMotorData
801009F4,osMotorInit
80100B50,__osSiCreateAccessQueue
80100BA0,__osSiGetAccess
80100BE4,__osSiRelAccess
80100C10,osContInit
80100D6C,__osContGetInitData
80100E18,__osPackRequestData
80100EF0,osContStartReadData
80100F74,osContGetReadData
80101000,__osPackReadData
801010D0,guPerspectiveF
80101300,guPerspective
80101360,__osSpRawStartDma
801013F0,__osSiRawStartDma
801014A0,osSpTaskYield
801014C0,__osPfsGetNextPage
80101594,osPfsReadWriteFile
80101910,__osPfsGetStatus
801019E0,__osPfsRequestOneChannel
80101AA4,__osPfsGetOneChannelData
80101B40,guMtxIdentF
80101B90,guLookAtF
80101E34,guLookAt
80101EB0,osPfsAllocateFile
801021E4,__osPfsDeclearPage
80102330,osStopTimer
80102494,__osIdCheckSum
80102590,__osRepairPackId
801028E0,__osCheckPackId
80102A44,__osGetId
80102BF0,__osCheckId
80102CC4,__osPfsRWInode
80102FA0,guMtxL2F
80103010,osPfsFindFile
801031E0,sqrtf
801031F0,osAfterPreNMI
80103210,osContStartQuery
8010328C,osContGetQuery
801032B0,guLookAtHiliteF
80103A70,guLookAtHilite
80103B30,__osSpDeviceBusy
80103B60,guMtxIdent
80103BB0,guPositionF
80103D58,guPosition
80103DC0,osSpTaskYielded
80103E20,guRotateF
80103FA4,guRotate
80103FF0,osAiSetFrequency
80104140,__osGetActiveQueue
80104160,guNormalize
801041C0,osDpGetStatus
801041D0,osDpSetStatus
801041E0,osPfsDeleteFile
801043B8,__osPfsReleasePages
80104450,guOrthoF
801045A4,guOrtho
80104610,cosf
80104780,coss
801047B0,osViSetEvent
80104810,osPfsIsPlug
8010499C,__osPfsRequestData
80104A50,__osPfsGetInitData
80104B00,guS2DInitBg
80104C80,__osPfsSelectBank
80104D00,osContSetCh
80104D60,osPfsFileState
80104F40,osPfsInitPak
80105148,__osPfsCheckRamArea
80105250,osPfsChecker
80105788,func_80105788
80105A60,func_80105A60
80105C00,osAiGetLength
80105C20,guTranslate
80105CF0,__osContRamWrite
80105F40,__osContRamRead
80106170,__osContAddressCrc
80106240,__osContDataCrc
801062E0,osSetTimer
80106470,__osSpGetStatus
80106480,__osSpSetStatus
80106490,osWritebackDCacheAll
801064C0,__osGetCurrFaultedThread
801064E0,guMtxF2L
80106550,__d_to_ll
8010656C,__f_to_ll
80106588,__d_to_ull
80106628,__f_to_ull
801066C4,__ll_to_d
801066DC,__ll_to_f
801066F4,__ull_to_d
80106728,__ull_to_f
80106760,osViGetCurrentFramebuffer
801067A0,__osSpSetPc
801067D0,sqrt
801067E0,absf
801067F0,fmodf
80106860,__osMemset
801068B0,__osMemmove
801069B0,Message_ResetOcarinaNoteState
80106AA8,Message_UpdateOcarinaMemoryGame
80107448,Message_FindMessage
801086B0,Message_DrawText
8010B820,Message_StartOcarinaImpl
8010BD88,Message_StartOcarinaSunsSongDisabled
80110450,GameOver_Init
80110460,GameOver_FadeInLights
801104C8,GameOver_Update
80110990,Interface_Destroy
801109B0,Interface_Init
80110F68,Message_Init
80111070,Regs_InitDataImpl
80112098,Regs_InitData
801120C0,aspMainTextStart
80113070,gspS2DEX2d_fifoTextStart
80114930,gspS2DEX2d_fifoTextEnd
80115420,njpgdspMainTextEnd
